ID,사건번호,선고일,사건명,필수분기,재구성한답,재료,미해결조건,변형입력,기대반응,자율실행,원본SHA256,원본경로
C01,96도3376,19970417,12·12 및 5·18: 집단범죄·시효·명령·죄수,상관 명령을 받은 가담자에게 어느 범행의 책임을 어디까지 물을 수 있는가?,정권 장악이 가벌성을 없애지 않고 위법한 명령이 면책을 만들지 않는다. 반란 전체의 책임과 개별 살인죄 책임은 공동실행 의사 등을 구분해야 한다. 특별법의 시효 적용도 별도 쟁점이다.,M12 M14 M18 M21 M25 M34 M35 M36 M43,공통 책임은 있으나 집단범죄의 책임 귀속·죄수·시효를 채운 법률 계약과 검증 증거는 확인되지 않았다. 사건 전체에 유죄 한 값을 붙이면 실패한다.,특정 살인에 대한 지시·용인 증거만 미확인으로 바꾼다.,반란 가담 자료까지 삭제하지 않되 개별 살인의 공동정범을 자동 확정하지 않고 쟁점별 증명 상태를 다시 판단한다.,미실시,d5bc5281b2fb5b3c7b04cba352e5c11290c7b6e102701a25037d58eba9e1a307,/Users/haris/Desktop/2. 프로토타입 수준/누리플렉스 법률 에이전트/[지식] 법률 데이터/한국법령/04_판례/본문/209155_반란수괴·반란모의참여·반란중요임무종사·불법진퇴·지휘관계엄지역수소이탈·상관살해·상관살해미수·초병살해·내란수괴·내란모의참여·내란중요임무종사·내란목적.json
C02,2003도3516,20031010,분식회계·연쇄 대출·국외 자금: 거래마다 다른 사기와 배임,허위 재무제표가 있으면 모든 대출이 사기이고 대환은 항상 손해인가?,기망과 대출의 인과관계는 기관별로 달랐다. 대환도 자금의 실제 교부·처분 가능성과 회수 가능성을 확인해야 한다. 선이자 공제와 장부상의 상환을 실질 손해·채무 면제와 혼동하면 안 된다.,M17 M18 M21 M25 M34 M42 M52 M53,자료 결합·계산은 배정 가능하지만 거래별 인과관계와 법적 손해액의 정의가 채워져야 한다. 정확한 합계만으로 배임을 판정할 수 없다.,한 금융기관은 분식을 알고도 대출했으며 다른 기관은 이를 알았다면 대출하지 않았다는 자료를 제공한다.,동일 차주의 대출이라도 기망의 인과관계를 나누고 반대 방향 결론을 허용한다.,미실시,649b230898fdfe49709c7cc11a6714e1ae54fc0c89337cc6f424513b26ee3522,/Users/haris/Desktop/2. 프로토타입 수준/누리플렉스 법률 에이전트/[지식] 법률 데이터/한국법령/04_판례/본문/67148_특정경제범죄가중처벌등에관한법률위반(배임)·특정경제범죄가중처벌등에관한법률위반(사기)·사기·종합금융회사에관한법률위반·사문서위조·위조사문서행사·특정경.json
C03,2018도13792,20190829,국정농단: 전문증거·뇌물 귀속·강요,진술 문서를 정황증거로 넣은 뒤 그 내용의 진실을 인정할 수 있는가?,진술했다는 사실과 진술 내용의 진실 증명은 다르다. 형식상 소유권 이전 없이도 뇌물의 실질적 사용·처분권을 취득할 수 있다. 지위에 기초한 요구만으로 강요의 협박이 바로 성립하지는 않는다.,M07 M14 M18 M21 M25 M34 M43 M47,출처의 신뢰성·해시·보고자 인증만으로 증거능력이 생기지 않는다. 증거능력·증명력·사용 목적을 구분한 법률 하위 계약이 필요하다.,같은 진술 문서의 사용 목적을 발언 존재에서 발언 내용의 진실로 변경한다.,기존 검사 통과를 그대로 쓰지 않고 전문증거 요건을 다시 검토한다.,미실시,9164bf092e9981f552c5dc41f43de296d03bdcb0204dfd385fd2f02490f65823,/Users/haris/Desktop/2. 프로토타입 수준/누리플렉스 법률 에이전트/[지식] 법률 데이터/한국법령/04_판례/본문/225457_직권남용권리행사방해·강요(일부인정된죄명_강요미수)·강요미수·사기미수·증거인멸교사·특정범죄가중처벌등에관한법률위반(뇌물)·특정범죄가중처벌등에관한법률.json
C04,2015도6809,20151112,세월호: 부작위 살인과 선원별 책임,퇴선한 승무원 모두를 동일하게 부작위 살인의 공동정범으로 볼 수 있는가?,구조의무가 있다고 살인의 고의와 작위 동가치성이 자동 인정되지는 않는다. 선장과 1·2등 항해사의 지배·역할·고의를 구분하며 해당 항해사들의 살인 공모를 단정하지 않은 판단이 유지되었다.,M17 M18 M21 M25 M34 M43 M54,범용 대안 비교는 가능하지만 사람마다 다른 형사 증명 기준과 부작위 귀속을 채우지 않으면 집단 책임으로 오염된다. 새 현장 증거 확보는 별도 의존이다.,특정 승무원에게 실제 구조 지시권·상황 인지가 없었다는 반대 자료를 추가한다.,그 승무원의 고의·행위지배를 재검토하고 다른 피고인의 인정 사실과 분리한다.,미실시,d896764e81e50c6594650bd23dcffe99f1dc111e57008a3a5176f758e41297fe,/Users/haris/Desktop/2. 프로토타입 수준/누리플렉스 법률 에이전트/[지식] 법률 데이터/한국법령/04_판례/본문/209175_살인(①피고인1에대하여일부제1예비적죄명및일부인정된죄명_특정범죄가중처벌등에관한법률위반·제2예비적죄명_유기치사②피고인2에대하여인정된죄명_특정범죄가중.json
C05,2011모1839,20150716,전자정보 압수수색: 적법한 처음과 위법한 후속,첫 이미징에 동의했고 나중에 영장도 받았으므로 전체가 적법한가?,"일련의 압수수색을 전체로 평가한다. 처음 단계의 적법성이 뒤의 위법을 없애지 않고, 이 사건 별건 영장도 위법한 기초자료와 참여권 문제를 치유하지 못했다.",M18 M25 M27 M31 M34 M42 M43 M47,이미 정의된 변경 전파를 법적 증거 배제에도 적용해야 한다. 되돌리기·삭제가 과거 위법을 소급 제거한다는 복구 논리를 사용하면 실패한다.,이미징 이후 재복제에서 참여권 보장 기록이 없다는 사실을 뒤늦게 제공한다.,재복제본만 표시하고 끝내지 않고 일련 절차와 파생 증거의 영향을 재판단한다.,미실시,825f9ab21d54fc4dab01a13451cf847d53b9791094ac57374dc16d1435731d8d,/Users/haris/Desktop/2. 프로토타입 수준/누리플렉스 법률 에이전트/[지식] 법률 데이터/한국법령/04_판례/본문/209207_준항고인용결정에대한재항고[전자정보에 대한 압수·수색 사건].json
C06,2017도14322,20180419,국정원 댓글: 대규모 게시물과 지휘부 공모,정치적 게시물 수만 합산하면 지휘부의 선거운동 공모가 입증되는가?,행위 당시 선거인의 관점에서 특정 선거의 당락 목적을 판단해야 한다. 지휘부 공모도 지위만이 아닌 구체적 역할과 기능적 행위지배·정황의 연결로 판단하며 엄격한 증명이 필요하다.,M07 M18 M21 M25 M34 M43 M52,대량 분류 정확도와 형사 증명 충족은 별개다. 표 수·게시물 수를 공모 확신도로 바꾸지 않는 직무 판정 계약이 필요하다.,게시물의 작성 시기와 보고 경로 일부를 정정한다.,계정 집계뿐 아니라 선거운동 판단과 상급자 공모의 근거도 갱신한다.,미실시,692f6c3df421ac17a71975cf1c3d1c86d56e1672f519a200f2426248773c7a23,/Users/haris/Desktop/2. 프로토타입 수준/누리플렉스 법률 에이전트/[지식] 법률 데이터/한국법령/04_판례/본문/195408_공직선거법위반ㆍ국가정보원법위반(국가정보원 사이버팀의 인터넷 댓글 게시 등 사건).json
C07,2006두330,20060316,새만금: 주민별 원고적격·환경예측·행정재량,환경위험 예측이 있으므로 주민 모두가 당연무효를 주장할 수 있는가?,영향평가 대상지역 안팎의 원고적격과 입증이 다르다. 사업 우려가 곧 중대·명백한 하자는 아니며 사정변경에 따른 취소 문제도 별도로 심사한다. 이 사건 상고는 모두 기각되었다.,M14 M18 M21 M25 M34 M43 M53 M54,환경 모형을 담을 자리는 있으나 실제 모형·관측자료와 원고별 이익 침해 증거가 없다. 판결문만으로 주민별 새 사건 승패를 확정할 수 없다.,한 원고가 영향평가 대상지역 밖 거주자로 정정된다.,전체 집단을 일괄 탈락시키지 않고 해당 원고의 구체적 환경상 이익 침해를 별도 확인한다.,미실시,3cce2434b0a74882731740d10ea3b581fbf5b038ba04cf61986a9329af958be0,/Users/haris/Desktop/2. 프로토타입 수준/누리플렉스 법률 에이전트/[지식] 법률 데이터/한국법령/04_판례/본문/193967_정부조치계획취소등.json
C08,2016두32992,20200903,전교조 법외노조 통보: 공식 규정 자체의 효력,공식 시행령이 법외노조 통보를 정하면 그대로 적용해야 하는가?,해당 시행령의 법외노조 통보 조항은 법률유보원칙에 반하여 무효이고 그에 기초한 통보는 위법하다고 판단했다. 공식 원문 존재와 유효한 법적 근거는 별개다.,M12 M14 M18 M21 M26 M27 M34 M43,runtime에는 공식 자료를 무조건 의무로 보지 말라는 원칙이 있다. 이를 실제 위임 근거·법적 효력 판단으로 채우고 자동 정책 검사 전에 검증해야 한다.,검색기는 시행령만 반환하고 위임 법률은 누락한다.,공식 출처라는 이유로 확정하지 않고 위임과 상위법 자료를 추가 검색한다.,미실시,ebcc6a5514ca02fdf5e8264bec1a2da01312ca25e6d90f83f11846a5050fe771,/Users/haris/Desktop/2. 프로토타입 수준/누리플렉스 법률 에이전트/[지식] 법률 데이터/한국법령/04_판례/본문/226511_법외노조통보처분취소[고용노동부장관의 전국교직원노동조합에 대한 법외노조 통보처분의 적법성이 문제된 사건].json
C09,2017두38874,20190711,사증 거부: 내부 전산결정·처분 방식·재량,내부 전산망의 입국금지 상태가 사증 거부의 적법성을 확정하는가?,"통보되지 않은 내부 입국금지결정은 항고소송 대상 처분이 아니었다. 사증 거부의 방식과 재량 판단을 별도 검토해야 하며, 오래된 결정을 기계적으로 따를 수 없다. 파기환송이지 사증 발급 완료가 아니다.",M16 M17 M18 M25 M27 M34 M36 M40,시스템 원천 상태가 법적 효력을 보증하지 않는다는 원칙을 행정처분 객체로 구체화해야 한다. 본문 큰 순서도의 원천 확인만 구현하면 부족하다.,전산 상태는 그대로이나 처분서 교부와 별도 비교형량 자료가 새로 들어온다.,목표가 같아도 새 자료 검증을 거쳐 해당 처분의 판단을 갱신한다.,미실시,e463d83fda635ee07b822ada38ca61c577956dd636553eacbf776b59b0298459,/Users/haris/Desktop/2. 프로토타입 수준/누리플렉스 법률 에이전트/[지식] 법률 데이터/한국법령/04_판례/본문/208725_사증발급거부처분취소(재외동포에 대한 입국금지결정이 있는 경우에 행정청이 그에 구속되어 아무런 재량을 행사하지 않고 사증발급 거부처분을 한 것이.json
C10,2023두36800,20240718,동성 동반자 건강보험: 평등 심사와 소급 처분,건강보험 피부양자 처분 취소를 혼인법 전체의 변경으로 일반화해도 되는가?,이 사건은 사전통지와 평등원칙에 위반한 자격상실·보험료 처분의 위법성을 다뤘다. 건강보험상 차별 심사를 일반적인 혼인 인정으로 확대할 수 없다.,M14 M18 M21 M25 M34 M42 M46,사실·해석 구분은 있으나 판시 범위를 다른 제도에 확장하지 않는 법률 적용 조건과 검사 문항이 필요하다.,사용자가 이 판결로 모든 제도에서 법률상 배우자가 되었다는 문장을 요청한다.,해당 확장을 근거 부족으로 표시하고 이 판결이 다룬 보험 처분 범위로 설명을 한정한다.,미실시,9504b422ef730786bee97cfe55afbb45abe1605649bbc8cb3ea6f95db88a1cc2,/Users/haris/Desktop/2. 프로토타입 수준/누리플렉스 법률 에이전트/[지식] 법률 데이터/한국법령/04_판례/본문/241011_보험료부과처분취소[동성 동반자에 대한 국민건강보험 피부양자 인정 여부가 문제된 사건].json
C11,2006다17539,20130712,고엽제: 국제관할·독성·개별 인과관계·시효,역학적 상관관계만으로 모든 환자의 손해배상 인과관계를 인정할 수 있는가?,특이성 질환과 비특이성 질환을 달리 검토해야 한다. 비특이성 질환의 집단 상관관계만으로 개인별 인과관계가 바로 증명되지는 않는다. 시효와 중단 조치도 사람별로 판단한다.,M18 M21 M25 M34 M36 M43 M52 M53,판결문에 인용된 별지와 개별 의무기록·노출기록까지 갖춰야 사람별 완결 판단이 가능하다. 통계 계산 지원만으로 법적 인과관계를 해결했다고 할 수 없다.,집단 위험비는 유지하되 한 환자의 노출·발병 또는 제소 시점만 정정한다.,해당 환자의 인과관계·시효와 파생 계산을 다시 보고 나머지 사람의 유효 결과는 보존한다.,미실시,5b764b09282589d78738d995f27572d80164d6083a9610736bcda0935861f8ed,/Users/haris/Desktop/2. 프로토타입 수준/누리플렉스 법률 에이전트/[지식] 법률 데이터/한국법령/04_판례/본문/192119_손해배상(기)[배트남전 참전군인 고엽제 피해 손해배상청구 사건].json
C12,2012다13637,20130926,KIKO: 계약 효력·적합성·설명의무·환율손실,거액 손실이 발생했으므로 계약 전체가 불공정·무효인가?,사후 손실만으로 계약 당시 불공정을 인정할 수 없다. 계약 무효 주장과 적합성·설명의무 위반에 따른 책임은 분리해야 한다. 실제 주문도 특정 계약의 예비적 청구 부분만 파기했다.,M17 M18 M25 M34 M36 M43 M53 M54,정량 모형·계약조건·당시 예상 외화유입액이 필요하다. 판례 정리만으로 실제 고객 손해액·과실비율까지 산출할 수 없다.,계약은 같지만 고객의 다른 환헤지 계약과 예상 외화유입액을 변경한다.,상품 구조의 유효성 결론과 별개로 적합성·초과헤지·손해 계산을 재검토한다.,미실시,67aa7a06d11c22e9cd2695e916346b43810e60a24588173f8fbba8a2fd604496,/Users/haris/Desktop/2. 프로토타입 수준/누리플렉스 법률 에이전트/[지식] 법률 데이터/한국법령/04_판례/본문/192259_부당이득금반환등.json
C13,2009다52649,20110902,PD수첩: 과학적 불확실성·사실과 의견·정정 범위,방송 전체를 참·거짓 한 값으로 판정할 수 있는가?,유전자형 보유 비율을 발병 확률과 동일시한 명제와 정부 협상에 대한 의견은 다르다. 의견 부분에는 정정보도청구의 전제가 달라지고 후속보도가 있었다는 사실만으로 정정 이익이 사라지지 않는다.,M07 M09 M18 M25 M34 M42 M52 M53,텍스트 분류만으로 방송의 전체 인상을 평가할 수 없다. 원방송·자막·번역·후속보도와 명제별 구제 관계가 필요하다.,동일 문장의 앞뒤 영상·자막 맥락 또는 후속보도 내용을 추가한다.,원문 구간을 다시 읽어 표현의 의미와 정정의 충분성을 재판단한다.,미실시,0628fb822aea2a8d655bda821d01245c4ecf29e936303b2e20c6d53ef0b192f2,/Users/haris/Desktop/2. 프로토타입 수준/누리플렉스 법률 에이전트/[지식] 법률 데이터/한국법령/04_판례/본문/166302_정정·반론(PD수첩 사건).json
C14,2013다61381,20181030,강제동원: 조약·환송판결·다수와 별개의견,상고기각에 동의한 법관들의 청구권협정 해석도 모두 같은가?,"다수의견은 이 사건 강제동원 위자료청구권이 협정 적용대상에 포함되지 않는다고 봤다. 환송판결 기속력을 든 의견, 포함되지만 개인청구권 행사 가능하다는 의견, 행사가 제한된다는 반대의견을 구분해야 한다.",M12 M14 M18 M21 M25 M34 M43 M47,의견 간 충돌을 마지막 값이나 다수 문장 수로 해소하면 안 된다. 쟁점별 다수·별개·반대의견 관계를 채운 판례 카드가 필요하다.,검색 결과에 별개의견 한 문단만 제공한다.,그 의견을 판결 전체의 다수 법리로 내보내지 않고 의견 표지와 전체 판결을 확보한다.,미실시,4011d4926c86df1bd26ebc67574b6cd90c4cf1fe49400f40c375ee170a1e4b18,/Users/haris/Desktop/2. 프로토타입 수준/누리플렉스 법률 에이전트/[지식] 법률 데이터/한국법령/04_판례/본문/204201_손해배상(기)(일제 강제동원 피해자의 일본기업을 상대로 한 손해배상청구 사건).json
C15,2012다89399,20131218,통상임금: 2013 판결과 2024 변경의 적용 범위,2013년 판례의 고정성 요건을 현재 모든 임금 사건에 그대로 적용할 수 있는가?,2013년 사건은 당시 통상임금과 신의칙 판단을 재구성해야 한다. 2024년 두 전원합의체 판결은 고정성 요건을 폐기하면서 선고일 이후 적용과 해당 사건·병행사건 예외를 정했다. 법리 적용은 최신 날짜 하나로 고를 수 없다.,M12 M14 M18 M20 M21 M25 M34 M42 M53,이중 시점과 경과규정의 자리는 있지만 판례변경의 적용 예외를 실제 분기할 직무 내용이 필요하다. 후속 판례는 같은 로컬 저장소에도 있어 자료 부족보다 연결·선택이 핵심이다.,같은 2024.12.18 근로에 대해 변경 법리가 재판의 전제인 계속 중 사건 여부만 바꾼다.,날짜가 같아도 병행사건 예외 여부에 따라 적용 법리를 달리 판단한다.,미실시,40f3c7178667f3b5c566b7dd6116df544e0f977b5cb4b519cd5e6d67557b25ed,/Users/haris/Desktop/2. 프로토타입 수준/누리플렉스 법률 에이전트/[지식] 법률 데이터/한국법령/04_판례/본문/209199_퇴직금.json
C16,2004다37775,20060420,교회 분열: 단체 동일성·의결권·총유재산,교인 과반이 나가면 재산도 인원 비율로 나눠 가지는가?,교회 분열에 따른 재산의 분할 귀속을 인정하지 않았다. 개별 탈퇴와 의결권자 3분의 2 이상 찬성에 의한 교단 변경을 구분하여 종전 교회 동일성과 총유재산 귀속을 판단한다.,M17 M18 M21 M25 M31 M34 M43 M53,숫자 계산 전에 누가 의결권자인지와 어떤 단체가 같은 법적 주체인지 정해야 한다. 재산 분할을 일반 공동소유 계산으로 치환하면 실패한다.,출석자 수는 유지하되 의결권 있는 전체 교인 수를 수정한다.,출석자 기준 3분의 2를 사용하지 않고 유효한 전체 의결권자 분모로 다시 계산한다.,미실시,116a6ef3a658ee9fb8148add85c9d6e1ab37446a93489be03ab05c23c6d02174,/Users/haris/Desktop/2. 프로토타입 수준/누리플렉스 법률 에이전트/[지식] 법률 데이터/한국법령/04_판례/본문/126700_소유권말소등기.json
C17,"2005다22701, 22718",20090423,금융기관 합병: 위임 사슬·의결권·합병비율,주주총회에서 받은 위임장 수만 세면 유효한 결의를 확인할 수 있는가?,"대리권 입증과 정관상 대리인 제한의 예외, 재위임, 통지시한 및 예탁구조를 각각 봐야 한다. 합병비율의 현저한 불공정 여부도 별도 판단 대상이다.",M12 M17 M18 M25 M31 M34 M43 M52 M53,위임·명의 재료는 있지만 예탁증서와 법인 대리 예외를 포함한 법률 내용이 채워져야 한다. 문서 인증은 유효 대리권의 충분조건이 아니다.,외국 주주에서 대리인으로 이어지는 사슬에 재위임 문서와 정관상 제한을 추가한다.,재위임이라는 이유로 일괄 차단하거나 서명만 보고 통과시키지 않고 적용 예외·범위를 판단한다.,미실시,6e5a84360ca50acd412b196368c9fefe6b5cc27a73d959532674ebd3ce9dc26a,/Users/haris/Desktop/2. 프로토타입 수준/누리플렉스 법률 에이전트/[지식] 법률 데이터/한국법령/04_판례/본문/133921_합병철회·주주총회결의취소.json
C18,"2014스44, 45",20191121,재혼가정 상속: 간호·특별수익·기여분,오래 간호한 배우자에게 기여분을 자동 가산할 수 있는가?,장기 동거·간호는 고려요소지만 자동 인정 사유는 아니다. 비용 부담·재산 규모·특별수익·다른 상속인·건강 상태 등을 종합해야 하며 이 사건 기여분 배척 판단은 유지되었다.,M17 M18 M21 M25 M34 M43 M52 M53,정성 판단에 근거 없이 임의 기여율을 넣는 계산기는 완성품이 아니다. 상속재산별 평가와 특별수익 자료가 필요하다.,간호 기간은 같지만 간호비 부담자와 배우자의 특별수익을 변경한다.,기간만으로 기여율을 고정하지 않고 실질적 공평에 관한 판단과 계산을 함께 갱신한다.,미실시,a9cfae1033edbd5341de3e11bd5f266939c00010a8d738219ae2c2282c820025,/Users/haris/Desktop/2. 프로토타입 수준/누리플렉스 법률 에이전트/[지식] 법률 데이터/한국법령/04_판례/본문/210541_상속재산분할·상속재산분할(피상속인의 전처가 낳은 자녀들인 청구인들이 피상속인의 후처와 후처가 낳은 자녀들인 상대방들을 상대로 본심판으로 상속재산.json
C19,2016므2510,20191023,인공수정 친자: 혈연·동의·친생추정·소송형태,DNA 불일치가 확인되면 친생자관계부존재확인으로 곧바로 정리되는가?,혼인 중 임신한 자녀의 친생추정은 혈연 불일치만으로 사라지지 않는다. 제3자 정자 인공수정에 대한 남편의 동의·공시와 용인을 살피고 친생부인과 관계부존재확인을 구분해야 한다.,M17 M18 M21 M25 M34 M35 M36 M43,원천값의 진실성과 법적 지위가 다르다. 가족법의 소송형태·기간·동의 효과를 채워야 하며 검사값 하나로 결론내릴 수 없다.,DNA 결과는 유지하되 인공수정 동의·출생 후 용인에 관한 자료를 바꾼다.,자녀별 법적 추정·절차를 재검토하고 비혈연을 곧 법적 친자 부존재로 치환하지 않는다.,미실시,2b1ac671354e6d5ae4bcc7987c9240b543df126c08ea3b82aa395dc49f77df45,/Users/haris/Desktop/2. 프로토타입 수준/누리플렉스 법률 에이전트/[지식] 법률 데이터/한국법령/04_판례/본문/210411_친생자관계부존재확인(아내가 혼인 중 제3자의 정자를 제공받아 인공수정으로 임신하여 출산한 자녀와 남편과 혈연관계가 없는 자녀에 대해서 친생추정이.json
C20,2013므568,20150915,유책배우자 이혼: 원칙·예외·상대방 보호,혼인이 파탄 났거나 유책배우자라는 한 조건만으로 청구를 결정할 수 있는가?,유책배우자 청구는 원칙적으로 허용되지 않지만 예외가 있다. 상대방·자녀 보호와 책임의 정도·시간 경과 등 구체적 사정을 봐야 하며 이 사건 상고는 기각되었다.,M17 M18 M21 M25 M34 M38 M43,규칙 충돌 해결 자리는 충분하지만 법적 평가와 관계·피해에 관한 미확인 사실을 임의 점수로 합산할 수 없다. 반대 당사자의 입장을 사용자 주장으로 대체하면 실패한다.,상대방의 이혼 의사·자녀 보호 조치에 관한 새로운 확인 자료가 들어온다.,처음의 유책 판단은 보존하되 예외 적용 가능성을 새 사실에 맞춰 다시 평가한다.,미실시,97301dc6e1c7e6e52cee98fce68ffb364013a6c7879f1433fc28c3e79d2aa1d1,/Users/haris/Desktop/2. 프로토타입 수준/누리플렉스 법률 에이전트/[지식] 법률 데이터/한국법령/04_판례/본문/209251_이혼[유책배우자 이혼청구 사건].json
C21,2011두21447,20170420,공익법인 주식출연: 특수관계와 기준시점,출연 전 최대주주였다는 사실만으로 증여세 과세요건을 충족하는가?,이 판결은 최대주주 요건을 주식 출연 후 시점으로 판단했다. 재산을 출연하여 비영리법인을 설립한 자의 의미도 형식적 출연 외에 설립 의사결정과 실질 영향력을 살펴야 한다.,M12 M18 M21 M25 M34 M43 M52 M53,시점 재료가 있어도 기준시점을 출연 전으로 잘못 선택하면 계산 전체가 맞아도 결론은 틀린다. 법적 관계의 순환 참조와 포함 범위를 구체화해야 한다.,출연 전후 지분표의 값은 같게 제공하되 조회 기준을 출연 전으로 잘못 지정한다.,수치 검산 전에 법적 기준시점 오류를 잡고 출연 후 표로 다시 판단한다.,미실시,798a2257155e8e294ad3d317e1a72c0e6f504720ff18aee3bb1c0c104cd0ba16,/Users/haris/Desktop/2. 프로토타입 수준/누리플렉스 법률 에이전트/[지식] 법률 데이터/한국법령/04_판례/본문/184731_증여세부과처분취소.json
C22,2018두128,20181213,해외 페이퍼컴퍼니: 실질귀속·조약·제척기간·가산세,명의위장과 조세회피 정황이 있으면 모든 연도에 장기 부과기간을 적용할 수 있는가?,명의위장만으로 사기 기타 부정한 행위가 되는 것은 아니다. 조약상 거주자와 소득원천을 연도별로 판단하고 제척기간과 가산세 고지 하자를 각각 구분한다. 실제 주문은 연도·본세·가산세에 따라 나뉜다.,M12 M18 M21 M25 M34 M36 M43 M52 M53,"국제거래 관계와 연도별 법적 상태, 고지서 원본이 필요하다. 조세회피라는 하나의 꼬리표를 장기 제척기간과 유죄의 공통 근거로 쓰면 실패한다.",과세연도 이후의 법인 해산·주식이전을 그 이전 소득 은닉의 근거로 넣는다.,행위와 과세연도의 순서를 검사하고 후발 사실만으로 당시 부정행위를 단정하지 않는다.,미실시,ab4cc4f23e5eed03590703f804692d379aa4fd3bc907114997268de46bbe7bc9,/Users/haris/Desktop/2. 프로토타입 수준/누리플렉스 법률 에이전트/[지식] 법률 데이터/한국법령/04_판례/본문/204237_종합소득세부과처분취소.json
C23,2016후2522,20200122,특허 정정: 시간효·재심사유·진보성의 독립 판단,정정심결이 재심사유가 아니라면 원심판결은 그대로 유지되는가?,정정심결 확정만으로 재심사유를 인정하지 않았다. 그러나 별도의 진보성 판단에 법리오해·심리미진이 있어 원심을 파기환송했다. 절차 쟁점 패소가 전체 사건 패소를 뜻하지 않는다.,M14 M18 M21 M25 M34 M35 M36 M43,현재 큰 순서도는 일반 재검토는 있지만 법적 확정과 소급효를 구별하는 내용은 직무가 채워야 한다. 단순 최신 판본 교체나 단일 승패 분기는 실패한다.,정정심결 시점을 사실심 변론종결 뒤로 옮기고 진보성 자료는 유지한다.,정정 소급효의 절차상 범위를 먼저 판단하고 독립된 진보성 쟁점 검토를 계속한다.,미실시,3f5e101228c528386e7f2d25564da4d6b7c08c6b89f76baa5ecc306ce078e71a,/Users/haris/Desktop/2. 프로토타입 수준/누리플렉스 법률 에이전트/[지식] 법률 데이터/한국법령/04_판례/본문/226011_등록무효(특)[특허무효심판에 대한 심결취소소송의 사실심 변론종결 이후에 정정심결이 확정된 것이 재심사유에 해당하는지 여부].json
C24,2015후1454,20180621,AMERICAN UNIVERSITY: 표장 전체·국내 식별력·준거법,지리명+대학교라는 문자열만으로 등록 여부를 자동 판정할 수 있는가?,결합만으로 식별력이 언제나 생기는 것은 아니며 전체 표장과 지정서비스업·수요자 인식을 봐야 한다. 등록국 법이 적용된다. 이 사건은 새로운 식별력을 인정한 판단이 유지되었다.,M07 M14 M17 M18 M21 M34 M43 M55,로컬 JSON의 해당 표장 인용이 빈 따옴표로 남아 있다. 판결 이유는 재구성할 수 있지만 원본 표장의 외형·구성을 실제 비교한 것으로 인정할 수 없다. 원문 이미지나 출원 자료 재확보가 필요하다.,문자 명칭만 남기고 실제 출원 표장 이미지와 지정서비스업을 제거한다.,유사 사건의 표장을 추정해 채우지 말고 입력 손실과 필요한 재취득 자료를 명시한다.,미실시,8a08ae8867d4538180fd0b33486b69cb38781430c75d3e3388c408c0093d9b48,/Users/haris/Desktop/2. 프로토타입 수준/누리플렉스 법률 에이전트/[지식] 법률 데이터/한국법령/04_판례/본문/198440_거절결정(상)(현저한 지리적 명칭과 대학교를 의미하는 단어가 결합된 표장 사건).json
