번호,유형,분야,직무,실제 업무,복합 에피소드,필요한 자료,전문가 판단·작업,산출물·실행,실패 조건,재료별 보완,업무 특성 근거 URL,검토 수준
001,위임형,법률 (소송),변호사 (민사·상사 송무),물품대금 회수; 공사대금·하자 손해배상 대응,"납품업체가 미수금을 청구하자 구매자가 불량과 지체를 이유로 상계하고, 일부 물품을 제3자가 사용한 사실이 나옴",계약·발주변경·검수서·세금계산서·입금·하자 사진,채권 발생과 금액을 거래별 대사 → 검수·하자·상계의 다툼을 분리 → 추가 증거와 회수가능성을 보고 소송·보전·합의 경로 비교,"청구 계산표, 소장·답변서·준비서면, 증거목록, 합의안",청구액 계산이 맞아도 상계·기한·집행가능 재산을 놓치거나 증거와 주장이 어긋나면 실패,"M18·M25에 청구-항변-증거 관계, M35에 절차 선택, M09·M42에 법원 제출본 검증이 필요",https://scourt.go.kr/judiciary/duty/civil/ | https://www.scourt.go.kr/nm/minwon/doc/DocListAction.work,문서상 책임 배치·보완 분석 / 실제 실행 미검증
002,위임형,법률 (소송),변호사 (형사 변호),수사 입회·방어 준비; 공판·구속 관련 대응,"총수가 여러 거래로 기소되고 직원 진술은 바뀌는데, 회사 민사소송의 거래 설명과 개인의 방어 논리가 충돌함",공소장·수사기록·압수자료·진술조서·거래원장·기일 통지,공소사실별 행위·인식·근거를 나눔 → 증거와 반대 설명을 대조 → 담당 전문 팀과 신문·서면·긴급 절차를 조정하고 새 진술에 따라 재계획,"공소사실 대조표, 변론요지서, 신문사항, 증거 의견·절차별 신청 초안, 통합 일정",모든 자료를 요약해도 핵심 진술의 신빙성·증거 사용 쟁점·민사 교차 영향을 못 판단하면 실패,"M04·M34·M43에 공동 방어·이견 심사, M08에 구두 대응, M31·M39에 대리·접견·자격 행위 경계 필요",https://people.scourt.go.kr/judiciary/duty/criminal/index.html | https://www.scourt.go.kr/nm/minwon/doc/DocListAction.work,문서상 책임 배치·보완 분석 / 실제 실행 미검증
003,위임형,법률 (소송),변호사 (가사·상속),이혼 재산분할·양육 협의; 상속재산 분할,재혼가족이 비상장회사 주식과 부동산을 상속받는데 생전 증여와 유언 진정성을 서로 다르게 주장함,가족관계·유언 원본·증여계약·계좌흐름·지분·부채·평가자료,재산의 귀속·평가기준·당사자 주장을 분리 → 확인할 자료 선정 → 분할안별 현금·지배권·분쟁 후속 영향을 비교하고 합의 또는 절차 준비,"재산목록, 주장별 증거표, 분할 계산표, 협의안·신청서 초안",재산 총액은 맞지만 생전 이전·채무·평가시점 또는 이해충돌을 놓치면 실패,"M25의 사람-재산-시점 관계, M53 평가·분할 계산, M38 가족별 협상·비밀 계약을 채워야 함",https://www.scourt.go.kr/nm/minwon/doc/DocListAction.work | https://www.onetonline.org/link/summary/13-2052.00,문서상 책임 배치·보완 분석 / 실제 실행 미검증
004,위임형,법률 (소송),변호사 (행정·조세 송무),영업정지·허가거부 다툼; 과세처분 불복,"공장이 처분으로 운영 중단 위기에 놓이고 세무처분도 같은 거래 사실을 문제 삼아, 구제절차와 사업 일정을 동시에 관리해야 함",처분서·송달자료·행정기록·허가조건·회계근거·운영손실 자료,처분·절차별 다툴 대상과 시계를 확인 → 사실오인·적용 해석·회복 곤란 손실을 구별 → 임시 구제와 본안의 주장·증거를 연결,"쟁점 메모, 절차별 신청·청구서 초안, 처분 영향·기한표",법 해석이 맞아도 처분·관할·기한을 잘못 고르거나 다른 사건 설명과 충돌하면 실패,"M12·M14에 처분별 적용법·판례, M35·M37에 절차 시계, M34에 병행 전략 필요",https://scourt.go.kr/judiciary/duty/civil/ | https://www.scourt.go.kr/nm/minwon/doc/DocListAction.work | https://ems.nts.go.kr/nts/cm/cntnts/cntntsView.do?cntntsId=239048&mi=40999,문서상 책임 배치·보완 분석 / 실제 실행 미검증
005,위임형,법률 (소송),변호사 (도산·회생),기업회생·채무 재조정; 채권자 회수전략,"제조기업이 지급불능 위기인데 수주잔고는 남아 있고, 은행 담보·계열 보증·핵심 납품사의 공급중단이 얽힘",채권·담보목록·13주 자금표·수주·재고·보증·분쟁자료,존속·청산·매각 대안과 현금 생존기간 산정 → 이해관계자군별 조건 협의 → 계획 실행 중 수주취소가 생기면 변제·운영안을 갱신,"회생 관련 신청 초안, 채권조사표, 변제·자금계획, 매각·협상안",장부상 회수율이 높아도 급여·원재료 대금이 먼저 고갈되거나 핵심 채권이 누락되면 실패,"M33·M53에 자금 시나리오, M25에 채권·담보·보증 연결, M38에 다자 합의 및 M39 자격 수행 필요",https://www.scourt.go.kr/nm/minwon/doc/DocListAction.work | https://www.onetonline.org/link/summary/11-3031.00,문서상 책임 배치·보완 분석 / 실제 실행 미검증
006,위임형,법률 (자문),변호사 (기업 자문),이사회·주총 자문; 영업계약·규제 검토,이사 선임과 정관 변경을 추진하는 주총에서 위임장 진위·특수관계 거래·대표권이 다투어지고 총수와 회사의 이익이 갈림,정관·주주명부·의결권 자료·의안·소집·위임장·거래조건,회사의 적법한 결정권과 안건별 요건 확인 → 선행 조건·이해충돌·다툼을 표시 → 진행안·대체안·기록 방식과 사후 이행을 설계,"의안·소집자료 검토본, 결의요건표, 진행 시나리오, 의사록 초안, 후속조치표",의사록을 그럴듯하게 써도 실제 결의 사실·권한·안건 조건을 잘못 가정하면 실패,"M27·M31 당사자·권한, M34·M35 안건별 분기, M09·M42 실제 결의와 문서 대조가 필요",https://scourt.go.kr/judiciary/duty/civil/ | https://www.scourt.go.kr/nm/minwon/doc/DocListAction.work,문서상 책임 배치·보완 분석 / 실제 실행 미검증
007,위임형,법률 (자문),변호사 (M&A·투자 거래),기업 인수 법률실사; 투자계약·거래 종결,"투자계약 직전 핵심 고객의 계약 해지권과 미공개 소송이 발견되고, 매도자는 계약 수정 없이 잔금 지급을 요구함",데이터룸·SPA/SHA 초안·주요계약·주주명부·인허가·소송자료,실사 발견사항을 가치·종결조건·보증·배상에 연결 → 협상 가능한 위험과 거래를 멈출 위험을 분리 → 조건 충족 증거를 보고 종결 준비,"실사보고서, 계약 수정대조본, disclosure 검토표, closing checklist·서류묶음",실사보고서에는 위험을 적었지만 계약·종결조건에 반영하지 않으면 실패,"M25 발견사항-계약조항-종결조건 추적, M38 협상, M40 거래 인수증거 및 M53 세무·재무 연결 필요",https://www.onetonline.org/link/summary/13-2011.00 | https://scourt.go.kr/judiciary/duty/civil/,문서상 책임 배치·보완 분석 / 실제 실행 미검증
008,위임형,법률 (등기·행정),법무사 (등기),부동산 소유권·담보 등기; 법인 변경등기,법인의 이사 교체와 본점 이전 등기 접수 직전에 의사록·정관·등기부의 인적사항과 대표권 자료가 불일치함,등기부·정관·의사록·인감·위임·주소·등록세 납부자료,등기 원인과 대상별 필요한 서류 대조 → 불일치가 오기인지 유효성 다툼인지 구별 → 권한 있는 정정·보완 뒤 접수와 보정 상태 확인,"변경등기 신청자료, 첨부목록, 보정대조표, 접수·완료 확인",첨부 파일 수가 맞아도 결의일·대표자·위임 범위가 다르면 실패,"M07 구조 추출, M35 원인별 첨부 규칙, M10 등기 경로, M42 접수·등기 결과 대사 필요",https://www.scourt.go.kr/nm/minwon/doc/DocListAction.work,문서상 책임 배치·보완 분석 / 실제 실행 미검증
009,위임형,법률 (등기·행정),법무사 (개인회생·파산),개인회생 신청서류; 개인파산·면책 자료 정리,자영업자의 카드채무와 보증채무가 섞이고 최근 재산 처분과 가족 송금의 설명이 부족해 보정 요청이 옴,채권자별 잔액·수입지출·재산·임대차·계좌내역·보정권고,누락 채권과 재산변동을 대사 → 설명 가능한 사실과 다툼을 구별 → 실제 가용소득에 맞게 자료·계획을 수정하고 보정 이행 확인,"채권자·재산목록, 수입지출표, 변제계획안, 보정서류",채무 총액은 맞지만 누락 채권·변동소득·최근 처분 설명이 빠지면 실패,"M52 거래 정리, M53 가용소득 계산, M25 목록 변경전파, M35 보정 및 업무범위 경계 필요",https://www.scourt.go.kr/nm/minwon/doc/DocListAction.work,문서상 책임 배치·보완 분석 / 실제 실행 미검증
010,위임형,법률 (등기·행정),행정사 (인허가·지원금),공장·영업 인허가 신청; 지원사업 신청·보완,임차 공장에 새 공정을 들이려는데 토지·건축 용도와 환경 관련 조건이 맞지 않고 지원금 신청서에는 설치 완료를 전제로 씀,임대차·건축물대장·공정도·설비목록·사업계획·지원공고,입지·공정·설비별 관청 협의 항목 확인 → 허가와 지원사업의 선후 조건 분리 → 시설 변경·사업계획 수정 또는 다른 지원 경로 비교,"인허가·지원 신청자료, 부서 협의표, 보완답변, 일정·조건 목록",지원금 서류만 완성하고 사업 자체의 인허가 선행 조건을 놓치면 실패,"M12·M13 공고·허가조건, M35 절차 의존, M07 도면·공정 읽기, M10 관청 접수 필요",https://factoryon.go.kr/mobile/bbs/faqBbsList.do,문서상 책임 배치·보완 분석 / 실제 실행 미검증
011,위임형,법률 (등기·행정),행정사 (출입국·비자),체류기간 연장; 취업·가족 관련 체류자격 변경,취업 외국인이 고용주를 옮기는데 직무·학력 증빙과 새 고용계약이 맞지 않고 가족의 체류 일정도 다름,여권·등록정보·체류 이력·고용계약·학력경력·가족관계·예약자료,사람별 현재 자격·허용 활동·필요 변경을 확인 → 직무 실질과 증빙의 일치 여부 점검 → 자격별 제출·보완·기한을 나누어 관리,"사유서, 증빙목록, 신청자료, 사람별 접수·보완 일정",계약서 직함만 보고 실제 활동이 자격 범위에 맞는지 확인하지 않으면 실패,"M12·M13 자격별 최신 요건, M25 가족·고용 관계, M37 기한, M39 신원·대면 절차 경계 필요",https://www.hikorea.go.kr/info/InfoDatail.pt?CAT_SEQ=2123&PARENT_ID=1228&locale=kr,문서상 책임 배치·보완 분석 / 실제 실행 미검증
012,위임형,법률 (등기·행정),공증인,금전채무 공정증서 촉탁; 사서증서 인증,회사 대표를 대신한 대리인이 채무 문서 공증을 요청하지만 위임 내용이 문서 금액·조건과 다르고 상대는 즉시 발급을 요구함,촉탁문서·신분·대리권·법인자료·당사자 의사확인 자료,문서 유형과 촉탁 범위 확인 → 신원·대리권·내용·의사 표시를 구별해 확인 → 흠결 보완 후 자격자가 수행할 절차 연결,"공증용 문안·확인목록·촉탁자료, 실제 발급·인증 기록",AI가 작성한 문서에 서명란을 넣었다고 공증 효력이 생긴 것으로 처리하면 실패,"M31 신원·대리권, M27·M39 공증 행위, M10·M40 발급·원본 인수 증거 필요",https://apps.apple.com/us/app/법무부-편리한-공증/id590589298,문서상 책임 배치·보완 분석 / 실제 실행 미검증
013,위임형,지식재산,변리사 (특허),발명 인터뷰·선행기술 조사; 특허 명세서·보정,"공개 예정인 제품의 차별점이 심사관이 찾은 선행기술과 겹치고, 넓은 청구항을 지키려다 명세서에 없는 사항을 추가할 위험이 생김",발명설명·도면·실험자료·공개일·선행문헌·거절이유 통지,기술적 차이와 명세서 근거 위치 연결 → 청구항별 거절 이유 대응 → 권리범위·사업 보호·보정 허용성을 비교,"명세서·청구항·도면, 선행기술 대비표, 의견서·보정서 초안",등록만 위해 핵심 사업범위를 잃거나 뒷받침 없는 한정을 만들면 실패,"M07 도면·기술 구조, M19 선행기술, M25 청구항 근거, M34·M35 보정 전략 필요",https://www.kipo.go.kr/ko/kpoContentView.do?menuCd=SCD0200111,문서상 책임 배치·보완 분석 / 실제 실행 미검증
014,위임형,지식재산,변리사 (상표·디자인),브랜드 상표 출원; 제품 외관 디자인 출원,신제품 출시 직전 유사 이름의 선등록과 기존 디자인 공개가 발견돼 이름·상품범위·출시 일정을 같이 결정해야 함,표장·지정상품·사용자료·검색결과·제품 도면·공개 이력,표장과 상품의 실제 사용범위를 대조 → 거절·분쟁 위험과 대체 표장·범위 비교 → 출원·의견 대응과 출시팀 변경을 연결,"출원자료, 유사표장·디자인 대비표, 의견서 초안, 브랜드 변경안",이미지 유사도만으로 권리 충돌을 확정하거나 지정상품을 빠뜨리면 실패,"M12·M14 권리 판단, M07 도형·표장 구조, M25 출시자산 연결, M35 출원 경로 필요",https://www.kipo.go.kr/kcall/,문서상 책임 배치·보완 분석 / 실제 실행 미검증
015,위임형,지식재산,변리사 (심판·분쟁),특허 무효·권리범위 심판; 침해 분쟁 기술분석,상대 제품의 비공개 공정 때문에 구성요소 충족이 불명확한데 소송·무효심판·라이선스 협상이 동시에 진행됨,등록명세서·심사경과·선행기술·제품 분석·상대 주장·계약,청구항 해석과 제품 사실을 분리 → 확인 불가 요소의 증거 취득 경로 설계 → 무효·비침해·합의 대안의 상호 영향을 심사,"구성요소 대비표, 기술·선행문헌 분석, 심판서면 초안, 협상 쟁점표",제품 추정만으로 모든 요소를 충족·미충족이라고 쓰거나 절차별 해석을 무심코 바꾸면 실패,"M18·M25 구성요소-증거 관계, M04·M43 소송팀 협의, M38 합의 전제 필요",https://www.kipo.go.kr/ko/kpoContentView.do?menuCd=SCD0200111 | https://scourt.go.kr/judiciary/duty/civil/,문서상 책임 배치·보완 분석 / 실제 실행 미검증
016,위임형,세무,세무사 (신고·기장),부가가치세·소득세·법인세 신고; 월 기장·세무조정,온라인몰의 주문액·PG 정산액·환불액이 다르고 해외 매출과 개인 사용 경비가 섞여 신고 초안이 틀어짐,주문·정산·환불·세금계산서·사업계좌·경비증빙·전기신고,거래일·공급·정산 차이를 대사 → 과세와 비용 인정의 근거 분리 → 조정·신고·납부 결과 확인,"장부·세무조정 계산표, 신고서·부속명세, 납부·접수 확인",정산액을 그대로 매출로 쓰거나 환불을 이중 차감하면 실패,"M52 거래·정산 대사, M53 세액계산, M12 과세 요건, M10·M42 신고 결과 연결 필요",https://ems.nts.go.kr/nts/cm/cntnts/cntntsView.do?cntntsId=239048&mi=40999 | https://webtv.nts.go.kr/nts/cm/cntnts/cntntsView.do?cntntsId=7961&mi=6534,문서상 책임 배치·보완 분석 / 실제 실행 미검증
017,위임형,세무,세무사 (상속·증여·가업 승계),생전 증여·상속세 신고; 가업승계 사전 설계,가족기업 승계에서 비사업 자산·과거 증여·후계자 경영 참여·납부 현금이 쟁점인데 가족은 지분을 균등 분할하려 함,지분·증여 이력·재무자료·자산평가·가족관계·경영 이력,사실에 맞는 적용 후보와 사후 조건 확인 → 지분·세액·현금·지배권 대안 계산 → 요건 변화에 따른 재검토 일정 설정,"승계 대안표, 평가·세액 계산, 신고자료, 사후관리 일정",최초 절세액만 비교하고 향후 요건 유지·납부 자금·분쟁 비용을 빼면 실패,"M53 다기간 현금·세액, M25 요건 의존, M37 사후관리, M34 가족·사업 목표 통합 필요",https://webtv.nts.go.kr/nts/cm/cntnts/cntntsView.do?cntntsId=7961&mi=6534 | https://www.onetonline.org/link/summary/13-2052.00,문서상 책임 배치·보완 분석 / 실제 실행 미검증
018,위임형,세무,세무사 (조사·불복),세무조사 자료 대응; 과세전·과세후 불복 검토,조사팀이 가공경비를 의심하지만 장부에는 거래가 있고 공급자는 폐업해 거래 실질을 설명할 자료가 부족함,조사통지·요구목록·원장·계약·납품·송금·조사 문답·처분자료,쟁점별 입증 자료를 묶음 → 장부 기록과 실제 용역·거래를 분리 검토 → 조사 대응·권리보호·불복 절차를 조건별 비교,"제출자료대장, 사실·법리 의견서, 불복 초안, 세액영향표",장부가 있다는 이유만으로 실거래를 확정하거나 제출자료의 맥락·기한을 놓치면 실패,"M18 증빙 실질, M35 조사·불복 분기, M38 기관 응대, M47 제출 이력 필요",https://ems.nts.go.kr/nts/cm/cntnts/cntntsView.do?cntntsId=239048&mi=40999,문서상 책임 배치·보완 분석 / 실제 실행 미검증
019,위임형,세무,기장 대행,월 매입·매출 전표; 은행·카드 대사,사업주가 법인카드로 개인 지출을 하고 카드 취소가 다음 달 반영돼 현금잔액과 비용이 맞지 않음,카드원장·계좌·영수증·세금계산서·정산·전월 마감,중복·취소·미지급·개인사용 후보 식별 → 증빙·거래 확인 → 수정 분개와 이월 잔액 대사,분개장·원장·미확인 증빙 목록·월 마감표,차액을 임의 계정에 넣어 잔액만 맞추거나 다음 달 취소를 다시 비용 차감하면 실패,"M52 거래 매칭 규칙, M21 분개 기준, M25 마감·수정 이력, M42 잔액 대사 필요",https://www.onetonline.org/link/summary/13-2011.00,문서상 책임 배치·보완 분석 / 실제 실행 미검증
020,위임형,회계·관세,회계사 (감사),외부감사 계획·실증절차; 재무제표·의견 검토,재고 실사 차이가 크고 기말 매출이 급증했는데 결산 후 반품이 늘고 외부조회 회신도 부족함,시산표·원장·실사기록·입출고·판매조건·반품·외부조회·경영진 설명,중요 왜곡 가능성과 주장별 증거 평가 → 실사 차이·기간귀속·회수·대체절차 수행 → 미해결 사항이 결론과 보고에 미치는 영향 판단,"감사조서, 수정사항표, 재무제표·주석 검토, 의견 근거와 보고자료",검산이 맞아도 증거 충분성·기간귀속·경영진 조작 가능성을 놓치면 실패,"M35 감사주장별 절차, M18 증거 충분성, M43 독립 검토, M39 감사의견 자격 경계 필요",https://www.onetonline.org/link/summary/13-2011.00,문서상 책임 배치·보완 분석 / 실제 실행 미검증
021,위임형,회계·관세,회계사 (자문·실사),재무실사·수익의 질 분석; 거래가격 조정 지원,인수 대상의 EBITDA에 일회성 보조금이 포함되고 매출채권 회수와 재고 가치가 부풀려져 정상 운전자본이 다툼이 됨,월별 원장·매출채권 연령·재고·계약·보조금·차입·SPA 조정식,정상·일회성 항목 구별 → 수익·순차입금·운전자본의 조정 대안 계산 → 법무와 가격조정 정의·증거를 맞춤,"QoE 분석, 순차입금·운전자본 bridge, 실사 발견표, 가격조정 검토",단순 배수 가치평가만 하고 가격에 반영되는 정의·중복조정을 놓치면 실패,"M52 원장 재구성, M53 거래가격 모델, M25 발견-계약 연결, M04 법무 협의 필요",https://www.onetonline.org/link/summary/13-2011.00,문서상 책임 배치·보완 분석 / 실제 실행 미검증
022,위임형,회계·관세,관세사,수출입 신고·품목분류; FTA 원산지 대응,복합 전자제품의 세번이 다투어지고 해외산 부품으로 바뀐 뒤에도 공급사가 예전 원산지 확인서를 보냄,사양·견본·BOM·제조공정·원산지확인·상업송장·운송·신고자료,실제 구성·기능과 분류 후보 대조 → 원산지 계산·증빙 유효성 확인 → 사전심사·신고·보정·검증 대응 경로 선택,"분류 근거표, 원산지 계산·증빙묶음, 신고·심사 신청자료",제품명만 보고 세번을 고르거나 공급사 확인서를 실제 부품 판본과 대조하지 않으면 실패,"M07 제품·BOM, M12·M14 분류·협정, M53 원산지 계산, M25 부품변경 전파 필요",https://www.customs.go.kr/cvnci/cm/cntnts/cntntsView.do?cntntsId=948&mi=3217,문서상 책임 배치·보완 분석 / 실제 실행 미검증
023,위임형,노무,노무사 (자문·급여),급여·근로시간 자문; 취업규칙·징계 절차 검토,합병한 두 회사의 고정수당과 교대근무 기록이 달라 초과근로수당 소급 정산과 임금체계 개편을 함께 요구받음,근로계약·취업규칙·협약·근태·급여·인사발령,근로자군별 적용 조건·실제 근로 확인 → 계산과 해석 쟁점 분리 → 정산·제도변경·설명 절차의 대안 비교,"급여 재계산표, 규정 수정안, 동의·설명자료, 조치 일정",수당 이름만 보고 동일 처리하거나 자료 없는 근로시간을 확정하면 실패,"M21·M12 임금·절차 지식, M52·M53 급여 대사, M35 제도변경 조건 필요",https://nlrc.go.kr/nlrc/commIntro/minwon/workGuide03.do | https://www.onetonline.org/link/summary/11-3121.00,문서상 책임 배치·보완 분석 / 실제 실행 미검증
024,위임형,노무,노무사 (분쟁 대리),부당해고·부당노동행위 사건; 임금 관련 진정 지원,저성과 해고의 평가 기록이 사후 작성됐다는 주장이 나오고 노조 활동·괴롭힘·임금 쟁점이 함께 제기됨,해고통지·평가·교육기회·면담·이메일·급여·취업규칙,쟁점별 사실과 관할 절차 분리 → 평가·해고 사유·과정의 증거 대조 → 이유서·답변과 심문 대응·화해안 준비,"이유서·답변서, 증거목록, 심문사항, 화해조건표",모든 쟁점을 한 기관에 같은 방식으로 넣거나 소송대리 권한을 자동 가정하면 실패,"M35 노동위원회·노동청 등 절차 구분, M18 증거 시점, M27 법원 단계 업무범위 확인 필요",https://nlrc.go.kr/nlrc/commIntro/minwon/workGuide03.do,문서상 책임 배치·보완 분석 / 실제 실행 미검증
025,위임형,노무,노무사 (산재),사고성 산재 신청; 업무상질병 자료 준비,장기간 여러 공장에서 일한 근로자가 질병을 진단받았지만 작업환경 측정과 과거 업무 기록이 부족하고 회사가 관련성을 부인함,직업력·진료기록·작업내용·노출·측정·동료진술·공단 요구자료,기간별 작업·노출·증상 연표 구성 → 의학 판단과 고용·작업 사실 구별 → 부족한 자료 취득과 심사 대응을 설계,"직업력·노출표, 요양 신청자료, 보완의견·관련 증빙",질병명만으로 업무 인과를 확정하거나 존재하지 않는 노출 측정값을 채우면 실패,"M25 직업력·시간축, M18 사실·의학 의견 구분, M39 현장·의학 전문 기여, M35 산재 절차 필요",https://m.easylaw.go.kr/MOB/CsmInfoRetrieve.laf?ccfNo=2&cciNo=2&cnpClsNo=2&csmSeq=575,문서상 책임 배치·보완 분석 / 실제 실행 미검증
026,위임형,부동산,공인중개사 (주거),주택 매매·임대차 중개; 잔금·인도 조정,임대인이 대리인에게 계약을 맡겼는데 선순위 권리와 임차보증금 설명이 다르고 잔금 전 새 담보가 설정됨,등기·건축물·신원·위임·임대차·권리확인 자료·현장점검,고객 조건에 맞는 물건 비교 → 권리·점유·하자·대리권 확인 → 특약·대금·권리 정리·인도 순서를 조정,"매물 비교표, 확인·설명자료, 계약·특약 검토, 잔금 체크",싼 매물을 찾아도 권리·인도 조건 변화가 잔금 실행에 반영되지 않으면 실패,"M16 시세, M31 대리권, M07 현장 증거, M35 잔금 선후조건·M42 최신 상태 확인 필요",https://www.onetonline.org/link/summary/41-9022.00,문서상 책임 배치·보완 분석 / 실제 실행 미검증
027,위임형,부동산,공인중개사 (상가·빌딩),상가 임대차·권리금 협의; 수익형 건물 매매,매도자가 만실 수익률을 제시했지만 무상임대 기간·체납·만기집중이 있고 임차인이 시설 투자 보상을 요구함,rent roll·임대차·입금·관리비·시설·권리·공실 비교자료,표시 임대료와 실현 순수익 대사 → 임차인별 만기·조건·시설 책임 확인 → 가격·특약·인도 대안 협상,"임대수익 검토표, 권리·계약 확인, 거래·임대차 특약안",표면 수익률만 계산하고 공실·수선·무상임대·인도 다툼을 빼면 실패,"M52 임대자료 대사, M53 순수익·현금, M38 임차인 협의, M35 인도 조건 필요",https://www.onetonline.org/link/summary/41-9022.00 | https://www.onetonline.org/link/summary/13-2023.00,문서상 책임 배치·보완 분석 / 실제 실행 미검증
028,위임형,부동산,공인중개사 (토지·개발),개발용 토지 매물 검토; 토지 매매 조건 조정,저렴한 토지가 있으나 진입도로는 타인 소유이고 경계·용도·농지전용 가능성에 관해 매도인 설명이 엇갈림,지적·토지이용·등기·도로권리·측량·사업구상·관청 확인,원하는 개발 용도와 권리·물리 조건 대조 → 현장·관청 확인이 필요한 항목 분리 → 조건부 계약·다른 부지·포기 비교,"개발 적합성 검토, 권리·접근성 목록, 조건부 거래안",지도상 도로 존재를 적법한 진입권이나 허가 가능성으로 간주하면 실패,"M07 GIS·측량, M12 입지조건, M18 확인근거, M34·M38 조건부 거래 판단 필요",https://www.onetonline.org/link/summary/41-9022.00 | https://factoryon.go.kr/mobile/bbs/faqBbsList.do,문서상 책임 배치·보완 분석 / 실제 실행 미검증
029,위임형,부동산,경매사,부동산 경매 권리분석; 입찰가·잔금·명도 계획,낮은 감정가의 경매 물건에 선순위 임차인 주장과 점유 불일치가 있고 대출은 낙찰 후 재심사 예정임,매각물건명세·현황조사·등기·임대차·감정평가·점유·대출조건,소멸·인수 가능 권리와 불명 사실 구별 → 낙찰대금 외 부담·명도·수선·금융비용 계산 → 입찰상한과 확인 전 보류 조건 설정,"권리분석표, 총취득비용·입찰가 계산, 잔금·인도 계획",낙찰 할인율이 좋아도 인수 권리·현금 부족·실제 점유를 놓치면 실패,"M25 권리·점유 관계, M53 총원가, M07 실사, M27 실제 입찰대리 범위를 별도로 확인해야 함",https://www.scourt.go.kr/nm/minwon/doc/DocListAction.work | https://www.onetonline.org/link/summary/13-2023.00,문서상 책임 배치·보완 분석 / 실제 실행 미검증
030,위임형,부동산,감정평가사,담보·보상 감정평가; 분쟁·과세 목적 가치 산정,수용 예정 토지의 비교거래는 적고 용도·오염·특수권리 때문에 거래 당사자들이 서로 다른 가격을 주장함,평가목적·기준일·실거래·권리·물리상태·임대자료·현장확인,목적·권리·최유효이용 전제 확인 → 비교·수익·원가 접근의 적합성 대조 → 보정·가정별 가치 범위와 근거 작성,"감정평가 계산·조서, 평가서 초안, 민감도·현장 미확인 목록",비교거래가 많다는 이유로 다른 권리·용도·기준시점을 혼합하면 실패,"M21 평가방법 지식, M16 거래자료, M53 보정·민감도, M39 현장·서명 기여 분리 필요",https://www.onetonline.org/link/summary/13-2023.00,문서상 책임 배치·보완 분석 / 실제 실행 미검증
031,위임형,건축·기술,건축사 (주택·소규모 건축),주택 신축 기본·실시설계; 증축·리모델링,협소 대지에서 주차·채광·계단·예산을 맞췄는데 실측 경계와 기존 구조가 도면과 다름,대지·측량·건축물·지반·요구공간·예산·현황도,배치·평면 대안을 비교 → 법규·동선·구조·설비 조건을 맞춤 → 실측 차이로 영향받은 도면·면적·공사비 재검토,"CAD/BIM 원본, 평면·단면·상세도, 면적·법규표, 허가·공사 협의자료",예쁜 렌더만 있고 실제 치수·계단·구조·수량이 맞지 않으면 실패,"M07·M09 CAD/BIM 구조, M35 공간·법규 명세, M53 계산, M25 변경전파·M39 실측 연계 필요",https://www.onetonline.org/link/summary/17-1011.00,문서상 책임 배치·보완 분석 / 실제 실행 미검증
032,위임형,건축·기술,건축사 (대형·공공 건축),공공시설 설계·심의; 분야별 실시설계 조정,병원 증축 설계에서 피난동선·덕트·보·장비 반입공간이 충돌하고 발주처가 운영 중 공사를 요구함,발주 요구·공간표·설계기준·BIM·장비 사양·공사 단계,분야별 요구와 공통 좌표를 고정 → 간섭·운영동선·단계공사 대안 비교 → 설계 변경을 물량·예산·심의자료까지 전파,"통합 BIM·도면·시방서, 간섭처리표, 단계공사·심의 자료",간섭을 화면에서 없앴지만 유지보수·장비 반입·공사 중 운영이 불가능하면 실패,"M04 공동설계, M25 객체·요구 연결, M10 BIM 도구, M35 운영·시공 명세, M42 통합검증 필요",https://www.onetonline.org/link/summary/17-1011.00 | https://www.onetonline.org/link/summary/17-2051.00,문서상 책임 배치·보완 분석 / 실제 실행 미검증
033,위임형,건축·기술,기술사 (구조),구조 설계·해석; 기존 건물 보강 검토,공장에 무거운 설비를 올리려는데 기존 철근·재료 강도와 도면이 불확실하고 바닥 진동 민원도 있음,구조도·하중·설비 동적조건·실측·재료시험·지반·사용조건,실제 구조와 하중 경로 확인 → 모형·경계조건·파괴양상·진동 검토 → 보강 대안과 시공 중 상태를 계산·독립 검산,"해석모델, 구조계산서, 보강도면, 조사·시험 요구서",솔버가 수렴해도 잘못된 지지조건·하중·기존 재료값을 썼으면 실패,"M53 해석·단위·수렴, M54 모형 타당성, M39 조사·재료시험, M42 독립 구조 검토 필요",https://www.onetonline.org/link/summary/17-2051.00,문서상 책임 배치·보완 분석 / 실제 실행 미검증
034,위임형,건축·기술,기술사 (기계·전기 설비),냉난방·전기 설비 설계; 장애·에너지 개선,데이터센터 냉각을 절감하려다 특정 랙 과열과 예비 전원 전환 시 냉각 중단이 발견됨,부하·단선도·배관·공조도·계측·기기곡선·제어로직,열·전력 부하와 공통 고장 경로 대조 → 정상·전환·고장 운전조건 해석 → 제어 변경과 실제 시운전 조건 설계,"설비도·부하계산, 운전 sequence, 시험·개선 계획",평균 온도·요금만 좋아지고 국부 과열·전환 실패가 남으면 실패,"M53 부하·유체·전력 계산, M54 고장 모의, M25 설비 의존, M10·M39 현장 시운전 필요",https://www.onetonline.org/link/summary/17-2141.00,문서상 책임 배치·보완 분석 / 실제 실행 미검증
035,위임형,보험,보험설계사 (생명·장기),생명·건강 보장 설계; 기존 계약 유지·조정,고객이 보험료를 줄이려 기존 계약을 해지하려 하지만 새 계약에는 과거 질환 관련 조건과 보장 공백 가능성이 있음,기존 약관·가입금액·납입·건강고지·가계예산·가족 필요,실제 보장과 중복·공백 비교 → 신계약의 인수 조건·해지 손실·장기 납입능력 대조 → 고객 이해 확인 후 선택 지원,"보장 비교표, 보험료·유지 시나리오, 제안·설명 기록",월 보험료만 줄이고 보장 공백·조건부 인수·해지 손실을 감추면 실패,"M21 약관 지식, M53 장기현금, M38 설명·이해 확인, M27 적합성·고지 책임 필요",https://www.onetonline.org/link/summary/41-3021.00,문서상 책임 배치·보완 분석 / 실제 실행 미검증
036,위임형,보험,보험설계사 (손해·자동차),자동차·사업장 보험 설계; 갱신·사고 접수 지원,배달 차량이 일반 용도로 가입돼 있고 사업장 특약도 실제 운영과 달라 사고 접수에서 보장 다툼이 생김,운행·사업 실태·기존 증권·특약·사고·갱신 견적,실제 위험과 가입 조건 대조 → 누락·중복 보장과 보험자 확인사항 구분 → 갱신·보완·접수 자료 안내,"위험·보장 비교표, 갱신 제안, 사고 접수자료",가장 싼 견적을 고르면서 실제 용도·면책·특약 조건을 확인하지 않으면 실패,"M17 위험 실태, M12·M21 약관 적용, M38 설명, M35 청약·접수 경로 필요",https://www.onetonline.org/link/summary/41-3021.00 | https://www.onetonline.org/link/summary/13-1031.00,문서상 책임 배치·보완 분석 / 실제 실행 미검증
037,위임형,보험,보험계리사,보험료·준비금 산출; 신상품·가정 검증,장기보험의 해지율·손해율이 예측과 달라지고 재보험 변경·금리 변화까지 겹쳐 수익성과 준비금이 흔들림,계약·보험금·해지·사업비·경제 가정·재보험·상품조건,경험통계와 데이터 품질 검토 → 현금흐름·준비금·손익을 가정별 계산 → 민감도·검증·가정변경 근거 작성,"계리모형, 가정 보고서, 가격·준비금 산출, 검증 메모",평균 손해율만 맞추고 선택효과·해지·보증·공통 충격의 상호작용을 빼면 실패,"M52 경험데이터, M53 계리엔진, M54 장기 시나리오, M43 독립 산출 검증 필요",https://www.onetonline.org/link/summary/15-2011.00,문서상 책임 배치·보완 분석 / 실제 실행 미검증
038,위임형,보험,손해사정사 (재물·배상),화재·누수 손해사정; 휴업·배상 손실 산정,공장 화재 후 소실 재고와 기존 불량이 섞이고 휴업기간 중 주문 취소가 화재 때문인지 경기 악화 때문인지 다툼,보험약관·현장기록·재고·매입매출·생산·복구견적·주문취소,손해 전 상태와 원인을 분리 → 물적 손해·추가비용·영업손실의 근거 계산 → 약관 조건·중복 보상·협의 쟁점 대조,"손해액 계산, 증빙대장, 손해사정서 초안, 보험자 질의답변",피해자 주장액을 합산하거나 매출 감소 전체를 사고 손해로 처리하면 실패,"M18 사고 인과·증거, M53 손해모형, M39 현장확인, M35 약관별 산정 기준 필요",https://www.onetonline.org/link/summary/13-1031.00,문서상 책임 배치·보완 분석 / 실제 실행 미검증
039,위임형,보험,손해사정사 (신체·질병),장해·질병 보험금 검토; 의료자료·약관 대조,사고 후 장해 청구에서 기존 질환과 새 손상이 섞이고 진단서마다 기능 제한 평가가 다름,보험증권·약관·사고경위·진료·검사·진단·이전 병력,의학적 사실과 약관상 평가기준 분리 → 차이의 원인·추가 확인 필요성 검토 → 청구·보험자 질의에 근거별 대응,"장해·약관 대비표, 청구증빙, 산정·의견 자료",진단명만으로 지급액을 확정하거나 서로 다른 평가 시점을 혼합하면 실패,"M07 의료 원본, M21 약관·평가 지식, M18 인과·시점, M39 의료전문가 판단 경계 필요",https://www.onetonline.org/link/summary/13-1031.00,문서상 책임 배치·보완 분석 / 실제 실행 미검증
040,위임형,자산·대출,투자자문사,투자정책·포트폴리오 제안; 정기 리밸런싱,고객 회사 주식에 자산이 집중돼 있는데 주택 잔금이 예정돼 있고 시장 하락 시 거래가 어려움,자산·부채·현금계획·투자목적·거래제약·포지션·시장자료,위험감수와 필수 현금 분리 → 집중·유동성·세후 비용을 반영한 대안 계산 → 실행 가능 일정과 재검토 조건 제시,"투자정책, 자산배분·리밸런싱 제안, 위험·성과 보고",기대수익은 높지만 필수 현금 시점이나 매도 제한을 놓치면 실패,"M33 손실·유동성, M53 포트폴리오, M34 목표 우선순위, M31 자문·실행 권한 구분 필요",https://www.onetonline.org/link/summary/13-2052.00,문서상 책임 배치·보완 분석 / 실제 실행 미검증
041,위임형,자산·대출,재무설계사,교육·주거·은퇴 자금설계; 부채·보장 통합,맞벌이 가정이 조기은퇴를 원하지만 부모 돌봄·자녀 학비·변동금리 대출이 겹치고 부부 목표가 다름,소득·지출·부채·연금·보장·가족 목표·세후 자산,목표별 필수·선택 조건 협의 → 장수·소득 감소·금리 변화의 현금흐름 비교 → 실행 순서와 정기 점검 설계,"생애현금흐름표, 저축·부채·보장 계획, 목표별 조정안",단일 수익률 가정으로 은퇴 가능을 단정하거나 배우자 목표·비밀을 합치면 실패,"M53 다기간 모델, M38 목표 협의, M25 가족·약정 상태, M37 추적 필요",https://www.onetonline.org/link/summary/13-2052.00,문서상 책임 배치·보완 분석 / 실제 실행 미검증
042,위임형,자산·대출,대출상담사 (주택·개인),주택·개인 대출 조건 비교; 신청·보완 지원,이직 직후 차주가 잔금대출을 신청하지만 소득 인정자료와 기존 대출 만기·담보평가가 맞지 않음,소득·재직·신용·채무·매매계약·담보·금융기관 조건,실제 심사에 필요한 자료 대조 → 금융기관별 확인 가능한 조건 비교 → 보완·대체자금·잔금 일정 조정,"대출 비교표, 신청·보완 자료, 실행 일정·미확정 조건",사전 한도 조회를 확정 승인으로 보고 잔금 지급을 약속하면 실패,"M13 심사조건, M53 상환·금리 비용, M10 신청 상태, M36 승인과 실행 구별 필요",https://www.onetonline.org/link/summary/13-2072.00,문서상 책임 배치·보완 분석 / 실제 실행 미검증
043,위임형,자산·대출,대출상담사 (사업자·기업),기업 운전자금·시설자금 조달; 보증·담보 연계,수주한 기업의 운전자금이 부족한데 매출채권 담보·기존 보증·시설대출 약정이 서로 제한을 만듦,재무·자금표·수주·담보·보증·대출약정·지원요건,자금 용도·시점·상환원천 확인 → 보증·담보·약정 중복과 대안 비교 → 승인 조건 충족·자금 실행 추적,"조달 구조표, 신청사업계획, 현금·상환표, 조건 이행목록",한도를 단순 합산하거나 대출 용도·선행 약정 때문에 실행 불가한 안을 제안하면 실패,"M25 담보·약정 관계, M33·M53 현금·노출, M35 금융기관 절차 필요",https://www.onetonline.org/link/summary/13-2072.00 | https://www.onetonline.org/link/summary/11-3031.00,문서상 책임 배치·보완 분석 / 실제 실행 미검증
044,위임형,진료·약,의사 (만성질환),만성질환 추적진료; 검사·복약·생활관리 조정,여러 진료기관을 다니는 환자의 가정 측정과 진료실 수치가 다르고 복약 누락·검사 공백이 발견됨,진료기록·처방목록·검사·자가측정·증상·복약·생활기록,측정 신뢰성과 현재 상태 확인 → 복수 치료·순응도·변화 원인 평가 → 필요한 진료·검사·설명과 추적 계획 조정,"진료기록, 문제·약물 목록, 진료 판단자료, 추적·환자 설명",수치 하나를 정상화하는 계획만 내고 병용약·측정오류·급성 변화·실제 진료 필요를 놓치면 실패,"M25 종단 환자상태, M21 임상판단, M38 이해·실행 지원, M39 검사·처방·대면 평가 경계 필요",https://www.onetonline.org/link/summary/29-1215.00,문서상 책임 배치·보완 분석 / 실제 실행 미검증
045,위임형,진료·약,의사 (정신건강),정신건강 평가·치료 추적; 재발·위기 대응,수면·활동·기분 변화에 대해 환자와 가족 설명이 다르고 치료 중단·부작용 의심·일상 기능 저하가 동반됨,진료·치료 이력·증상 시간축·약물·가족정보·기능·위험평가,당사자 관점과 관찰 사실 구별 → 원인·위험·치료 반응을 평가 → 실제 진료에서 계획 조정·연계와 추적,"진료기록, 평가·치료 계획, 설명·추적·연계 기록",설문 점수나 가족 말만으로 상태를 확정하거나 안전·동의·의학적 판단을 놓치면 실패,"M18 다중 정보원, M25 종단상태, M38 치료관계, M39 의료전문 판단·위기연계 검증 필요",https://www.onetonline.org/link/summary/29-1223.00,문서상 책임 배치·보완 분석 / 실제 실행 미검증
046,위임형,마음·몸,심리상담사 (개인),개인상담 사례개념화; 회기별 개입·종결,직장 갈등으로 시작한 상담이 반복되는 관계 패턴과 회피로 이어지고 내담자는 과제 수행 없이 같은 어려움을 호소함,초기면담·회기기록·동의·생활 기능·목표·반응·안전 정보,호소와 유지 요인을 공동 탐색 → 적합한 개입과 작은 실천을 합의 → 회기 반응·관계 변화에 따라 계획 수정,"사례개념화, 회기 계획·기록, 과제·진행평가·종결 또는 연계",공감 문장을 잘 쓰지만 변화 기제를 파악하지 못하고 회기 목표·관계 손상을 추적하지 못하면 실패,"M22 상담 암묵지, M25 회기 상태, M38 관계·개입, M45·M51 기능 변화 평가 필요",https://www.onetonline.org/link/summary/21-1014.00,문서상 책임 배치·보완 분석 / 실제 실행 미검증
047,위임형,마음·몸,심리상담사 (아동·청소년),아동·청소년 상담; 보호자·학교 협력,등교 거부 아동의 행동이 학교와 집에서 다르고 부모가 서로 다른 원인을 주장하며 아이는 상담 자체를 거부함,발달·학교생활·회기 관찰·보호자 면담·동의·기능자료,아동 발달수준과 환경별 패턴 확인 → 관계 형성·보호자 대응·학교 협력의 목표 분리 → 변화와 위험을 추적,"사례개념화, 아동 활동·회기안, 보호자 지도·협력계획",성인용 대화만 적용하거나 보호자 보고를 아동의 의사·사실로 대체하면 실패,"M21 발달·상담 지식, M38 비언어·놀이 및 관계 기술, M31 동의·공유 경계, M39 현장 관찰 필요",https://www.onetonline.org/link/summary/21-1014.00,문서상 책임 배치·보완 분석 / 실제 실행 미검증
048,위임형,마음·몸,심리상담사 (부부·가족),부부·가족상담; 별거·관계 정리 지원,부부가 갈등의 책임을 상대에게 돌리고 개별 면담의 비밀이 공동 회기에 영향을 주며 자녀 문제까지 연결됨,각자 호소·관계사·상호작용·상담계약·비밀정책·안전정보,반복 상호작용과 공동 목표 탐색 → 개인 비밀·공동 회기의 경계 조정 → 합의한 행동 변화와 회기 효과 확인,"관계 사례개념화, 회기 개입안, 공동 과제·진행 기록",한쪽의 설득 도구가 되거나 비밀을 무단 공유하고 위험한 공동상담을 계속하면 실패,"M38 다자관계 개입, M27·M31 상담계약·경계, M25 가족 상호작용, M51 관계·기능 평가 필요",https://www.onetonline.org/link/summary/21-1013.00,문서상 책임 배치·보완 분석 / 실제 실행 미검증
049,위임형,마음·몸,영양사,개인 영양평가·식단 상담; 질환별 식사관리,"만성질환과 알레르기가 있는 교대근무자가 식단을 지키지 못하고, 예산·조리시설·선호가 권장 식사와 맞지 않음",식사기록·검사·질환·약물·알레르기·근무·예산·식품정보,실제 섭취와 생활 제약 평가 → 영양·의학 조건에 맞는 대체 식사 설계 → 순응·증상·측정 변화로 조정,"식단·대체식 목록, 영양 계산표, 상담·추적 계획",영양 합계만 맞고 실제 구매·조리·근무 중 섭취가 불가능하면 실패,"M53 영양·제약 계산, M21 질환 지식, M38 행동 지원, M39 진료와 영양 업무 경계 필요",https://www.onetonline.org/link/summary/29-1031.00,문서상 책임 배치·보완 분석 / 실제 실행 미검증
050,위임형,언어,번역가 (산업·법률 문서),산업 매뉴얼 번역; 계약·법률문서 번역,설비 계약서와 부속 기술사양의 동일 용어가 다르게 쓰이고 원문 수치·면책 문장이 모호함,원문 편집본·계약 부속·기존 번역·용어집·도면·독자 요구,문서별 용어·참조 대조 → 법적·기술적 의미가 달라지는 문구 질의 → 모호성 보존·용어 통일·독립 감수,"번역 DOCX·대조본·용어집·질의표, 형식 보존본",유창하지만 수치·부정·정의·참조를 바꾸거나 원문 모호성을 임의 해결하면 실패,"M21 전문 용어, M25 정의·참조 관계, M09 원본 편집, M43 이중언어 감수 필요",https://www.onetonline.org/link/summary/27-3091.00,문서상 책임 배치·보완 분석 / 실제 실행 미검증
051,위임형,언어,번역가 (출판·문학),장편소설 번역; 편집자 질의·교정 대응,화자별 말투와 장기 복선이 있는 소설에서 후반 원고가 바뀌고 시대어를 현대어로 바꾸면 인물관계가 달라짐,전권 원고·작가 의도·시대자료·인물설정·출판 지침,화자·시점·복선 지도를 구성 → 의미·리듬·문화 전달 대안 비교 → 전권 일관성과 독서 경험을 감수,"번역 원고, 인명·말투 표, 편집 질의·교정본",문장별 의미는 맞아도 화자 구별·복선·문학적 효과가 사라지면 실패,"M23 작풍, M22 번역 선택 사례, M25 장기 서사, M46 독립 독서·문학 평가 필요",https://www.onetonline.org/link/summary/27-3091.00 | https://www.onetonline.org/link/summary/27-3043.00,문서상 책임 배치·보완 분석 / 실제 실행 미검증
052,위임형,언어,번역가 (영상·게임 현지화),게임 UI·대사 현지화; 영상 자막·더빙 번역,게임의 성별·선택지에 따라 다른 대사가 한 문자열을 공유하고 화면 폭·음성 길이가 언어별로 달라 오류가 생김,문자열 키·분기·스크린샷·빌드·음성·타임코드·용어집,발화 맥락과 변수·분기 확인 → 길이·타이밍을 맞춰 번역 → 실제 장면과 선택지에서 기능·말맛 검사,"현지화 파일·자막·더빙 대본, LQA 오류표, 용어집",번역표는 맞아도 변수 손상·성별 호응·버튼 잘림·자막 싱크가 깨지면 실패,"M07 구조·맥락 읽기, M25 키·분기 연결, M09 타임라인, M10·M42 빌드 LQA 필요",https://www.onetonline.org/link/summary/27-3091.00 | https://www.onetonline.org/link/summary/15-1255.01,문서상 책임 배치·보완 분석 / 실제 실행 미검증
053,위임형,언어,통역사 (국제회의 동시통역),국제회의 동시통역; 사전 용어·연사자료 준비,연사가 발표자료와 다른 숫자를 말하고 동시 발언·빠른 발화·음질 저하로 부정어와 단위가 불명확해짐,의제·연사자료·용어집·실시간 음성·채널·부스 인계정보,사전 맥락 준비 → 발화 지연을 관리하며 의미 단위 전달 → 불명 구간·핵심 오류를 즉시 확인·교정,"실시간 통역 음성, 용어·인계자료, 허용된 기록",사후 번역문은 정확해도 실시간 누락·오역·지연이 청중 판단을 바꾸면 실패,"M08 지연·끼어들기, M21 전문용어, M38 실시간 전달, M42 의미·수치 평가 필요",https://www.onetonline.org/link/summary/27-3091.00,문서상 책임 배치·보완 분석 / 실제 실행 미검증
054,위임형,언어,통역사 (비즈니스·법정),계약협상 순차통역; 법정·면담 통역,협상 당사자가 의도적으로 모호한 표현을 쓰고 통역사에게 유리하게 풀어 설명해 달라고 요구함,의제·계약용어·발언·메모·역할·비밀 조건,발언 의미·격식·모호성을 유지 → 설명이 필요하면 역할을 명확히 하고 확인 → 발언자별 동의·약속을 구별해 전달,"현장 통역·합의 표현 확인, 용어·질의 기록",통역을 협상 대리나 법률 조언으로 바꾸거나 약속 수준을 임의 강화하면 실패,"M38 화행·대인 맥락, M27 중립·비밀, M08 순차 응답, M31 역할 경계 필요",https://www.onetonline.org/link/summary/27-3091.00,문서상 책임 배치·보완 분석 / 실제 실행 미검증
055,위임형,언어,카피라이터,광고 헤드라인·랜딩 카피; 메시지 실험,무료체험 광고는 클릭이 높지만 유료 전환 조건을 오해한 고객의 해지가 늘고 제품이 약속한 효익을 뒷받침하지 못함,고객 인터뷰·상품조건·효익 근거·광고·퍼널·환불·브랜드 톤,구매 저항과 실제 가치 정리 → 근거 있는 메시지 대안 작성 → 전환·해지·고객 이해를 함께 비교,"카피 대안, 랜딩 문안, 메시지 근거표·실험안",클릭만 늘리고 조건 오해·환불을 키우거나 근거 없는 효익을 만들면 실패,"M22 설득 선택 사례, M23 브랜드 톤, M54 실험, M51 실제 전환·유지 성과 필요",https://www.onetonline.org/link/summary/27-3043.00 | https://www.onetonline.org/link/summary/13-1161.00,문서상 책임 배치·보완 분석 / 실제 실행 미검증
056,위임형,IT 외주,외주 개발 (웹·앱),웹·앱 신규 외주; 기존 서비스 수정·인수,예약 서비스 개발 중 중복 결제와 일정 충돌이 발견되고 발주자가 관리자 기능을 추가하면서 출시일은 유지하길 원함,계약·요구·기존 코드·API·결제·예약데이터·배포환경,필수 사용자 과업과 변경 범위 합의 → 데이터·결제 상태를 구현·통합시험 → 일정·비용 대안 제시 후 실제 배포·인수,"소스·빌드·배포, 운영·인수 문서, 검증 기록",화면 데모는 되지만 결제 중복·권한·예약 충돌·운영 인수가 안 되면 실패,"M35 요구·변경 계약, M10 개발환경, M25 코드·데이터 의존, M42·M40 운영 인수 필요",https://www.onetonline.org/link/summary/15-1252.00,문서상 책임 배치·보완 분석 / 실제 실행 미검증
057,위임형,IT 외주,외주 개발 (시스템 구축·SI),ERP·업무시스템 구축; 데이터 전환·사용자 인수,기존 ERP의 고객·상품 코드가 서로 달라 이관 후 매출·재고·회계 잔액이 맞지 않고 양 시스템이 동시에 쓰임,프로세스·코드표·원천 DB·인터페이스·권한·마감·전환계획,업무·코드 매핑 및 대사 기준 확정 → 시험 이관·예외 수정 → 전환 시점의 쓰기·복구·업무 연속성 검증,"매핑·변환 코드, 이행·대사 보고, cutover·복구 계획, 사용자 교육·인수",건수가 맞아도 거래 의미·잔액·권한·업무 마감이 어긋나면 실패,"M52 데이터 전환, M04 사용자·부서 협의, M35 전환·교육, M42 업무 단위 대사 필요",https://www.onetonline.org/link/summary/15-1252.00 | https://www.onetonline.org/link/summary/13-1082.00,문서상 책임 배치·보완 분석 / 실제 실행 미검증
058,위임형,영상 제작,영상 제작자 (광고·홍보),광고 영상 기획·제작; 촬영 외주·편집·매체 납품,제품 광고 촬영 후 핵심 기능이 변경되고 재촬영 예산은 없는데 가로·세로 버전과 자막·권리 조건을 모두 맞춰야 함,브리프·제품근거·콘티·촬영원본·권리·매체규격·예산,메시지·제품 정확성을 재정의 → 재촬영·생성·편집 대안 비교 → 컷·음성·자막·형식별 품질·권리 검수,"콘티·촬영 지시, 편집 프로젝트, 매체별 마스터·자막·납품목록",영상이 화려해도 제품 표현이 틀리거나 타 매체 변형·편집 원본·권리가 빠지면 실패,"M35 제작 명세, M09·M10 편집·렌더, M55 자산, M40 외주·매체별 인수 필요",https://www.onetonline.org/link/summary/27-2012.00 | https://www.onetonline.org/link/summary/27-4032.00,문서상 책임 배치·보완 분석 / 실제 실행 미검증
059,고용형,경영·전략,경영기획,연간 사업계획·예산; 월 실적·경영회의,사업부들은 매출 확대를 요청하지만 모두 같은 개발팀·설비에 의존하고 매출 증가에도 전사 현금은 악화됨,사업부 계획·수주·인력·CAPEX·손익·현금·실적,동일 가정으로 계획 대사 → 공유 자원·현금 제약 아래 우선순위 조정 → 실적 차이를 가격·수량·시점으로 분해해 실행 수정,"전사 예산모델, KPI 정의, 경영회의 자료, 조치·책임 목록",사업부 숫자를 합쳤지만 인력 중복·내부거래·현금 부족을 놓치면 실패,"M53 연결 계획모델, M25 부서 의존, M38 목표 조정, M51 원인별 실적 추적 필요",https://www.onetonline.org/link/summary/13-1111.00 | https://www.onetonline.org/link/summary/11-3031.00,문서상 책임 배치·보완 분석 / 실제 실행 미검증
060,고용형,경영·전략,전략,시장·경쟁 전략; 투자·철수 포트폴리오,기존 제품 매출이 줄어 신규시장에 진입하려는데 고객 인터뷰는 긍정적이지만 구매 의사와 유통 경제성이 확인되지 않음,고객·경쟁·가격·채널·원가·역량·규제·투자자료,수요·우위 가설의 반증 찾기 → 진입·제휴·축소 대안과 자원 비교 → 작은 검증과 투자 전환 조건 설계,"전략메모, 시장·단위경제 모델, 옵션·투자 기준, 검증계획",시장규모만 크게 잡고 실제 구매·경쟁 반응·실행역량이 없는 전략이면 실패,"M19 탐색, M22 전략 사례, M34 조건부 선택, M54 시장검증, M53 단위경제 필요",https://www.onetonline.org/link/summary/13-1111.00 | https://www.onetonline.org/link/summary/11-2021.00,문서상 책임 배치·보완 분석 / 실제 실행 미검증
061,고용형,경영·전략,사업개발,제휴 발굴·사업모델 협의; 신규 판로 실증,유통사가 독점권과 최소 물량을 요구하지만 내부 제품팀은 고객 맞춤개발을 감당하기 어렵고 파트너 매출 예측도 불확실함,파트너 제안·고객수요·원가·공급능력·API·계약·매출 가정,파트너 기여와 실제 수요 확인 → 독점·최소구매·개발비·종료 대안 협상 → 파일럿 성과로 확대 조건 판단,"제휴 제안·사업계획, 계약조건표, PoC·매출전환 계획",MOU 체결을 사업 성과로 세고 실제 고객·마진·납품역량을 확인하지 않으면 실패,"M38 다자협상, M53 사업경제, M35 파일럿·전환, M40 계약 후 운영 인수 필요",https://www.onetonline.org/link/summary/11-2021.00 | https://www.onetonline.org/link/summary/11-2022.00,문서상 책임 배치·보완 분석 / 실제 실행 미검증
062,고용형,인사,인사 (평가·보상),성과평가·보상 설계; 승진·연봉 조정,영업 실적이 반품 전 매출로 평가돼 성과급이 부풀고 지원부서는 성과가 인정되지 않아 이의가 제기됨,직무·목표·평가·반품·보상·시장임금·인건비·이의자료,직무별 기여와 측정 왜곡 확인 → 평가·보상 대안의 비용·유인·집단 영향 비교 → 이의·설명·승인 절차 운영,"평가기준·등급 근거, 보상 시뮬레이션, 조정·이의 처리 기록",점수 분포만 맞추고 성과 측정 왜곡·차별·예산·설명가능성을 놓치면 실패,"M21 직무평가, M53 보상모델, M38 조정·이의, M45·M51 집단·행동 영향 검증 필요",https://www.onetonline.org/link/summary/11-3121.00,문서상 책임 배치·보완 분석 / 실제 실행 미검증
063,고용형,인사,인사 (조직·인재개발),조직진단·역할 재설계; 리더·직무 교육,관리자 교육 만족도는 높지만 현장 행동은 바뀌지 않고 조직 개편 뒤 책임 공백과 핵심인재 이탈이 늘어남,역할·조직도·설문·면담·업무흐름·이탈·교육·성과,역할·역량·유인 문제를 분리 → 교육과 조직·업무 개선을 구별 → 실제 행동 과제·상사 피드백·성과 전이를 추적,"역할·책임안, 역량·교육설계, 실습·코칭자료, 효과평가",강의자료·만족도만 만들고 현장 실행·역할 충돌·성과 전이를 못 바꾸면 실패,"M22 조직 단서, M35 교육·변화관리, M38 코칭, M54·M51 행동 전이 평가 필요",https://www.onetonline.org/link/summary/13-1151.00 | https://www.onetonline.org/link/summary/13-1111.00,문서상 책임 배치·보완 분석 / 실제 실행 미검증
064,고용형,인사,채용,채용요건·소싱; 구조화 면접·오퍼,채용부서는 다재다능한 시니어를 원하지만 예산이 낮고 면접관마다 기준이 달라 좋은 후보가 이탈함,직무·필수역량·지원서·과제·면접평가·보상·퍼널,실제 필요한 성과와 필수 조건 합의 → 같은 기준으로 증거 수집·평가 → 후보 경험·오퍼·입사·정착 결과 확인,"직무기술서, 소싱·면접안, 평가표, 오퍼·채용보고",이력서 키워드나 면접 호감으로 선발하거나 요건·평가·처우가 서로 다르면 실패,"M35 직무·면접 명세, M18 지원자 증거, M38 면접·오퍼, M51 입사 후 성과 필요",https://www.onetonline.org/link/summary/13-1071.00,문서상 책임 배치·보완 분석 / 실제 실행 미검증
065,고용형,재무·회계,회계,월·연결 결산; 재무제표·주석 작성,연결대상 회사의 마감일·계정이 다르고 기말 배송·검수 조건과 내부거래 미실현이익이 결산 수치를 바꿈,시산표·원장·연결패키지·계약·재고·내부거래·전기주석,계정·기간·연결범위 대사 → 거래별 인식·추정·정정 근거 검토 → 연결조정과 주석·외부 보고 일치 확인,"결산분개, 연결정산표, 재무제표·주석, 검토조서",분개 차변·대변은 맞지만 수익 인식·연결 제거·판본이 틀리면 실패,"M21 회계정책, M52 연결대사, M53 계산, M25 보고·주석 의존 및 M43 검토 필요",https://www.onetonline.org/link/summary/13-2011.00,문서상 책임 배치·보완 분석 / 실제 실행 미검증
066,고용형,재무·회계,재무,재무계획·투자평가; 차입·자본조달,신공장 투자안은 수익성이 좋지만 초기 손실·약정·배당 요구 때문에 자금조달과 신용 여력에 부담이 생김,투자현금·사업계획·차입약정·만기·세금·자본비용·주주 요구,투자 가정·조달가능성 확인 → 투자규모·시기·조달구조별 손익·현금·약정 비교 → 결정·조건 이행 추적,"투자·재무모델, 조달안, 이사회 자료, 약정 점검표",NPV만 높고 초기 현금·차입 조건·후속 자금이 없어 실행할 수 없으면 실패,"M53 투자·조달 모델, M33 현금·약정 제약, M34 실행 대안, M38 금융기관 협의 필요",https://www.onetonline.org/link/summary/11-3031.00,문서상 책임 배치·보완 분석 / 실제 실행 미검증
067,고용형,재무·회계,자금,일일 자금집행·예측; 외화·유휴자금 운용,세금·급여·매입대금이 같은 날 몰리고 큰 고객 입금이 지연됐는데 은행 이체 한 건의 처리 여부도 불명확함,은행잔액·입출금 예정·승인·통화·결제·이체 응답,확정·예정·불명 현금 구별 → 우선 지급·단기 조달·환전 조건 비교 → 중복 없이 실행·대사,"일일·주간 자금표, 집행·조달 지시, 은행 대사·미결 목록",예상 입금을 확정 현금으로 쓰거나 타임아웃 이체를 중복하면 실패,"M10 은행 실행·조회, M25 지급상태, M33 공유 현금, M53 자금예측 필요",https://www.onetonline.org/link/summary/11-3031.00,문서상 책임 배치·보완 분석 / 실제 실행 미검증
068,고용형,재무·회계,원가,제품별 원가·차이 분석; 표준원가·배부 검토,생산량이 줄어 고정비 배부가 급증했는데 영업은 일부 제품의 단종을 요청하고 부산물 수익과 재작업비도 섞임,BOM·공정·작업시간·생산량·불량·매입·배부기준,실제 사용량·가격·능률 차이 대사 → 배부상 이익과 증분 손익 구별 → 가격·제품믹스·개선 대안 평가,"원가계산표, 차이분석, 배부정책·제품별 의사결정 자료",회계상 배부원가만 보고 공헌이익 높은 제품을 단종시키면 실패,"M52 생산·회계 연결, M53 원가·증분모델, M21 배부지식, M34 경영의사결정 필요",https://www.onetonline.org/link/summary/13-2011.00 | https://www.onetonline.org/link/summary/17-2112.00,문서상 책임 배치·보완 분석 / 실제 실행 미검증
069,고용형,재무·회계,세무 (사내),법인세·부가세 관리; 국제거래·세무위험 검토,해외 자회사 수수료·이전가격·배당·조직재편을 동시에 검토하며 회계처리와 세무상 설명이 다르고 주총 분쟁도 있음,법인별 원장·계약·거래실질·지분·세무조정·정관·재편안,회계·세무 사실과 해석 분리 → 법인·국가·기간별 과세·현금·사후조건 비교 → 주총·계약·신고 자료 일치 검토,"세무의견·계산, 재편 대안표, 신고·공시 지원자료, 사후관리",일부 세금만 낮춰 이중과세·현금 부족·다른 절차의 설명 충돌을 만들면 실패,"M12·M14 관할·해석, M53 세후 현금, M04 회계·법무 협의, M25 설명·조건 연결 필요",https://ems.nts.go.kr/nts/cm/cntnts/cntntsView.do?cntntsId=239048&mi=40999 | https://webtv.nts.go.kr/nts/cm/cntnts/cntntsView.do?cntntsId=7961&mi=6534 | https://www.onetonline.org/link/summary/13-2011.00,문서상 책임 배치·보완 분석 / 실제 실행 미검증
070,고용형,금융업,펀드매니저 (주식),주식 포트폴리오 구성; 환매·리밸런싱,펀드 환매가 늘었는데 유동성 낮은 보유주식과 거래정지 종목이 있어 벤치마크 위험과 현금 마련이 충돌함,투자지침·보유·주문·환매예정·호가·공시·거래제약,투자 논거와 자금요구 업데이트 → 매도 충격·편중·현금 제약 아래 실행 대안 → 체결·포지션·성과 대사,"포트폴리오·주문계획, 투자근거, 유동성·위험·성과 보고",평가수익률은 좋지만 환매자금 부족·매도 충격·규정 위반을 놓치면 실패,"M53 최적화·기여분석, M33 유동성·한도, M10 주문·대사, M34 투자 논거 재검토 필요",https://www.onetonline.org/link/summary/13-2051.00 | https://www.onetonline.org/link/summary/13-2054.00,문서상 책임 배치·보완 분석 / 실제 실행 미검증
071,고용형,금융업,펀드매니저 (채권),채권 투자·듀레이션 관리; 신용·환매 대응,금리 상승과 발행사 신용 악화가 겹쳐 가격이 하락하고 유동성이 줄었는데 평가가격은 실제 매도가와 차이가 큼,곡선·스프레드·채권조건·재무·평가·호가·보유·약정,금리·신용·옵션·유동성 효과 분해 → 시나리오별 현금흐름·손실 계산 → 교체·헤지·보유 대안과 거래가능성 검토,"채권평가·민감도, 신용메모, 거래·위험 보고",듀레이션 하나로 위험을 설명하거나 평가가를 실행 가능 가격으로 간주하면 실패,"M21 채권조건·모형, M53 현금·민감도, M16 실행호가, M33 결합 위험 필요",https://www.onetonline.org/link/summary/13-2051.00 | https://www.onetonline.org/link/summary/13-2054.00,문서상 책임 배치·보완 분석 / 실제 실행 미검증
072,고용형,금융업,대체투자 운용 (PE·부동산·인프라),투자기업·실물자산 인수; 가치개선·회수,PE 투자기업의 실적이 꺾여 약정 위반 우려가 생기고 추가출자·대출 연장·자산 매각의 이해관계가 충돌함,투자계약·주주권리·차입·영업지표·가치평가·자금·매각제안,실적 원인과 가치개선 가능성 평가 → 후속자금·구조조정·매각의 회수와 손실 비교 → 투자자·대주단·경영진 협의,"투자심의·운영개선안, 가치·회수모델, 약정·협상자료",장부 평가액을 방어하려 추가자금을 넣으면서 실제 회수·권리·현금 위험을 감추면 실패,"M53 투자·회수모델, M38 다자협상, M33 자본호출·노출, M25 권리·약정 필요",https://www.onetonline.org/link/summary/13-2051.00 | https://www.onetonline.org/link/summary/11-3031.00,문서상 책임 배치·보완 분석 / 실제 실행 미검증
073,고용형,금융업,애널리스트 (리서치),기업·산업 리서치; 실적 추정·가치평가,기업은 수주 급증을 발표했지만 선수금·취소·납기 자료가 달라 매출 전환과 마진 추정이 바뀜,공시·실적·수주·산업통계·경쟁·컨퍼런스콜·기존모델,사업 동인과 수주 질 확인 → 실적 가정·가치평가·반대 시나리오 갱신 → 변한 논거와 미확인 자료 명시,"리서치 보고서, 실적·가치 모델, 투자논거·촉매·위험표",경영진 발표를 그대로 예측치로 바꾸거나 같은 원천 재인용을 독립 근거로 세면 실패,"M19 원천탐색, M18 사실·예측 구분, M53 동인 모델, M47 추정 변경 이력 필요",https://www.onetonline.org/link/summary/13-2051.00,문서상 책임 배치·보완 분석 / 실제 실행 미검증
074,고용형,금융업,트레이더,고객 주문 집행; 단기 포지션·위험 관리,대량 주문 집행 중 가격이 급변하고 거래소 응답이 지연돼 일부 주문은 체결 여부를 모르는 상태가 됨,주문목표·한도·호가·체결·거래소 상태·포지션·시간조건,확정 체결과 미결 노출 대사 → 시장충격·잔여시간·한도에 맞게 집행 조정 → 결과 불명 주문을 조회·확인,"주문·체결기록, 집행품질·슬리피지, 위험·예외 보고",주문 API 성공만 보고 포지션을 확정하거나 중복 주문·지연 노출을 놓치면 실패,"M08·M10 저지연 실행, M25 주문상태, M33 합산 노출, M53 집행분석 필요",https://www.onetonline.org/link/summary/41-3031.00 | https://www.onetonline.org/link/summary/13-2054.00,문서상 책임 배치·보완 분석 / 실제 실행 미검증
075,고용형,금융업,여신심사 (개인),개인 신용·담보 심사; 예외·사기 징후 검토,대출자의 소득은 충분해 보이나 최근 신규채무와 계좌 거래가 신고소득과 맞지 않고 자동모형은 승인으로 나옴,신청·소득·채무·신용·담보·거래·모형결과·심사기준,상환원천·자료 진위·누락채무 확인 → 자동점수와 예외 증거 대조 → 승인·조건·거절 근거 및 설명 작성,"심사의견, 한도·조건 계산, 보완요청·결정 기록",점수만 따르고 상환부담·자료 위조·대리변수 영향을 검토하지 않으면 실패,"M18 신청증거, M53 상환·평가, M34 예외 판단, M27·M45 설명·공정성 검사 필요",https://www.onetonline.org/link/summary/13-2072.00,문서상 책임 배치·보완 분석 / 실제 실행 미검증
076,고용형,금융업,여신심사 (기업),기업 신용·사업 심사; 여신 조건·사후관리,기업의 이익은 흑자인데 매출채권과 재고가 쌓이고 계열사 보증·차환 만기가 숨은 자금위험을 만듦,재무·계좌·채권연령·재고·수주·담보·보증·약정,이익과 현금 전환의 차이 분석 → 그룹 노출·담보 회수·사업 시나리오 평가 → 한도·조건·사후지표 설정,"여신심사서, 신용·현금모델, 담보·조건표, 모니터링 기준",담보감정가만 믿고 중복 보증·현금전환 악화·조건 이행 실패를 놓치면 실패,"M25 그룹·보증 연결, M53 현금·신용, M33 노출, M37 사후 징후 필요",https://www.onetonline.org/link/summary/13-2072.00 | https://www.onetonline.org/link/summary/13-2054.00,문서상 책임 배치·보완 분석 / 실제 실행 미검증
077,고용형,금융업,리스크 관리,시장·신용·운영 위험 측정; 한도·스트레스 검토,여러 부서가 각자 한도 안이지만 같은 담보와 거래상대에 노출돼 공통 충격 때 손실·증거금이 동시에 증가함,포지션·거래상대·담보·약정·시장·손실·모형·한도,데이터와 노출 정의 통일 → 공통 원인·연쇄·모형 차이를 스트레스 → 감축·헤지·한도조정의 실제 비용 평가,"위험·집중도 보고, 스트레스 결과, 한도·완화 조치안",부서별 위험 수치를 더한 것만으로 분산효과·비선형 손실을 판단하면 실패,"M52 노출통합, M53·M54 결합 모형, M33 한도, M43 모형·데이터 독립검증 필요",https://www.onetonline.org/link/summary/13-2054.00,문서상 책임 배치·보완 분석 / 실제 실행 미검증
078,고용형,금융업,보험 언더라이터 (인수 심사),보험 인수·갱신 심사; 특약·요율 조건 검토,대형 사업장의 저렴한 갱신을 영업이 요구하지만 손해이력과 설비 상태가 악화됐고 같은 지역 누적 노출이 큼,청약·사업·재물·손해·방재·검진 등 위험자료·재보험·누적,위험정보 진위와 핵심 인수요인 확인 → 개별·누적 손실과 재보험 조건 평가 → 인수·조건·요율·거절 근거 제시,"인수검토서, 조건·추가자료 요청, 요율·누적 검토",개별 계약의 보험료만 보고 누적 재해노출·제외조건·불완전 자료를 놓치면 실패,"M21 인수기준, M53 요율·누적, M18 실태정보, M34 예외·영업 압력 구분 필요",https://www.onetonline.org/link/summary/13-2053.00,문서상 책임 배치·보완 분석 / 실제 실행 미검증
079,고용형,금융업,IB (인수·자금조달 주선),IPO·채권발행·인수금융; 투자자 설명·거래 종결,조달을 추진하던 회사에 실사상 회계 쟁점이 발견되고 투자자 수요가 약해져 가격·물량·조건을 바꿔야 함,실사·재무·계약·발행조건·투자자 수요·규정·자금계획,거래 구조와 확인 사실 정리 → 가격·수요·약정·이해충돌 대조 → 설명자료·조건·종결 서류를 일치시켜 실행 지원,"거래제안·가치모델, 투자자 자료, 조건표·실사·종결목록",투자자 자료는 낙관적으로 쓰고 계약·실사 위험은 반영하지 않거나 인수·자문 역할을 섞으면 실패,"M04 실사·법무협력, M38 수요·조건 협상, M53 가격·조달, M31 역할·승인 경계 필요",https://www.onetonline.org/link/summary/13-2051.00 | https://www.onetonline.org/link/summary/41-3031.00,문서상 책임 배치·보완 분석 / 실제 실행 미검증
080,고용형,법무,법무 (소송·분쟁),사내 분쟁 대응·외부로펌 관리; 소송충당·합의 지원,고객 손해배상 소송과 임직원 형사 사건에 같은 이메일이 쓰이고 외부로펌마다 다른 전략·자료 요청을 보냄,사건·계약·증거·로펌 의견·비용·보험·공시·임직원 관계,회사의 목적·비밀·자료보존 범위 확인 → 사건·자문팀별 이견과 교차 영향 조정 → 합의·소송·보고 의사결정 지원,"사건대장, 로펌 지시·증거묶음, 전략·비용·충당 검토, 합의안",외부로펌 결과를 붙이기만 하고 회사·임원 이해충돌과 제출 설명 모순을 놓치면 실패,"M04 전문팀 조정, M25 사건·자료 연결, M31 회사 위임, M34·M43 통합 판단 필요",https://scourt.go.kr/judiciary/duty/civil/ | https://people.scourt.go.kr/judiciary/duty/criminal/index.html,문서상 책임 배치·보완 분석 / 실제 실행 미검증
081,고용형,법무,법무 (규제·컴플라이언스),신규사업 규제검토; 컴플라이언스 운영·사고 대응,해외 서비스 출시에서 데이터 이전·소비자 고지·파트너 계약 조건이 달라 한 국가의 표준 약관을 복제할 수 없음,국가·서비스흐름·데이터·규정·기관안내·계약·통제증거,실제 행위·정보흐름을 관할별로 나눔 → 적용 의무·통제·미확정 해석 확인 → 출시 조건·대체 설계·감시 계획 수립,"규제 적용표, 통제·출시조건, 의견·질의자료, 운영 점검",법령 목록만 만들고 실제 데이터·행동·담당 통제와 연결하지 않으면 실패,"M12·M14 적용 해석, M25 행위·관할 연결, M35 통제설계, M37 규정·운영 변화 감시 필요",https://www.onetonline.org/link/summary/13-1041.07,문서상 책임 배치·보완 분석 / 실제 실행 미검증
082,고용형,법무,계약 관리,계약 초안·협상 관리; 갱신·의무 추적,고객 계약의 SLA와 공급사 보상 한도가 다르고 자동갱신·가격인상·데이터 반환 조건이 다른 날짜에 발동함,계약 원본·수정대조·협상메일·약정·운영원가·만기,조항의 의무·권한·이벤트를 구조화 → 서로 다른 계약의 공백·노출 비교 → 문안 협상·승인·후속 알림 연결,"계약 redline, 조항·의무대장, 승인기록, 갱신·종료 계획",서명본 저장은 했지만 실제 의무·갱신·위험전가 차이가 운영에 반영되지 않으면 실패,"M07 계약 구조, M25 조항·이벤트 연결, M38 협상, M37 만기·조건 감시 필요",https://www.onetonline.org/link/summary/13-1111.00 | https://scourt.go.kr/judiciary/duty/civil/,문서상 책임 배치·보완 분석 / 실제 실행 미검증
083,고용형,마케팅·PR,브랜드 마케팅,브랜드 포지셔닝·캠페인; 제품·채널 메시지 조정,리뉴얼 캠페인의 신규 이미지가 기존 고객의 신뢰 이유를 약화시키고 판매점은 제품 설명과 프로모션이 다르다고 반발함,고객인식·브랜드추적·경쟁·상품근거·채널·매출·캠페인,핵심 고객과 구매 이유 확인 → 메시지·제품경험·채널 실행 일치 → 인지도·선호·판매·장기 지표로 대안 평가,"브랜드 전략·캠페인 브리프, 메시지 체계, 채널 가이드·효과보고",화제성만 높고 제품 약속·고객 인식·매장 경험이 어긋나면 실패,"M23 브랜드 정체성, M22 고객 단서, M35 통합 실행, M54·M51 브랜드·매출 효과검증 필요",https://www.onetonline.org/link/summary/11-2021.00 | https://www.onetonline.org/link/summary/13-1161.00,문서상 책임 배치·보완 분석 / 실제 실행 미검증
084,고용형,마케팅·PR,퍼포먼스 마케팅,광고 집행·입찰·소재 테스트; 퍼널·예산 최적화,ROAS는 상승했지만 취소·반품과 기존 고객 비중이 커져 실제 추가이익은 줄고 인기상품은 품절됨,광고·클릭·주문·고객·반품·마진·재고·귀속 정의,전환과 실매출 대사 → 신규증분·마진·재고 제약으로 성과 재평가 → 입찰·예산·소재 실험 조정,"광고운영안, 귀속·이익 대시보드, 소재·랜딩 테스트, 예산 변경",플랫폼 매출만 최적화해 중복귀속·취소·자기잠식·품절 광고비를 놓치면 실패,"M52 광고-주문 연결, M53 이익 최적화, M54 증분 실험, M10 집행·M51 순성과 필요",https://www.onetonline.org/link/summary/13-1161.00,문서상 책임 배치·보완 분석 / 실제 실행 미검증
085,고용형,마케팅·PR,콘텐츠 마케팅,검색·교육 콘텐츠 기획; 제작·배포·리드 전환,유입이 많은 글들이 같은 초급 주제를 반복하고 상담 고객은 구매에 필요한 비교·도입 질문에 답을 못 얻음,검색질의·고객질문·기존콘텐츠·상품정보·리드·매출,구매 여정의 정보 공백 확인 → 근거 있는 주제·콘텐츠 묶음 제작 → 배포·검색·리드 질과 계약 기여를 추적,콘텐츠 맵·원고·편집안·배포계획·성과보고,글 수·조회수만 늘고 제품 적합 고객의 다음 행동이나 사실 정확성이 개선되지 않으면 실패,"M21 상품지식, M34 주제 선택, M09 제작, M25 주장·링크, M51 리드·계약 연결 필요",https://www.onetonline.org/link/summary/13-1161.00 | https://www.onetonline.org/link/summary/27-3041.00,문서상 책임 배치·보완 분석 / 실제 실행 미검증
086,고용형,마케팅·PR,CRM,고객 세분화·캠페인 자동화; 이탈·재구매 개선,할인 메시지로 재구매가 늘었지만 원래 구매할 고객에게 쿠폰이 나가고 수신거부·중복고객 문제도 생김,고객ID·주문·동의·접점·쿠폰·마진·캠페인·대조군,식별·동의·이벤트 정확성 확인 → 수명주기별 필요와 증분효과 비교 → 채널·빈도·혜택·제외조건 조정,"세그먼트·자동화 여정, 메시지·혜택안, 대조평가·실행기록",재구매율은 올라도 할인 누수·중복접촉·동의 위반·피로도가 커지면 실패,"M52 고객 식별, M31·M32 동의·접근, M54 대조실험, M10 캠페인·M51 증분이익 필요",https://www.onetonline.org/link/summary/13-1161.00 | https://www.onetonline.org/link/summary/11-2021.00,문서상 책임 배치·보완 분석 / 실제 실행 미검증
087,고용형,마케팅·PR,홍보,보도자료·언론 대응; 기업 위기 커뮤니케이션,제품 사고 제보가 확산되는데 법무·품질·영업의 사실 설명이 다르고 기자는 즉시 답변을 요구함,제보·검증사실·제품·사고·문의·이해관계자·공개조건,사실·확인 중·추정을 분리 → 조치·공개 범위와 대변인 메시지 조정 → 보도·고객 반응·새 사실에 맞춰 정정,"보도자료·Q&A·입장문, 문의대장, 메시지·정정 이력",좋은 표현으로 위기를 덮다가 사실과 다른 단정·부서별 모순·후속조치 부재가 드러나면 실패,"M18 사실확인, M04·M38 부서·언론 조정, M31 공개권한, M08 긴급 응대 필요",https://www.onetonline.org/link/summary/27-3031.00,문서상 책임 배치·보완 분석 / 실제 실행 미검증
088,고용형,영업·고객,영업 (B2B 신규 개척),B2B 잠재고객 발굴·제안; 구매위원회 협상,현업은 제품을 원하지만 보안·구매·재무가 반대하고 경쟁사는 저가를 제시해 고객맞춤 기능을 무리하게 약속할 유인이 생김,고객업무·관계자·RFP·기술·예산·경쟁·가격·공급능력,실제 구매 문제·결정과정 확인 → 가치·검증·상업조건을 역할별 제안 → 이행 가능한 약속으로 협상·계약 진행,"계정·기회계획, 제안서·견적, 검증·협상 기록, 계약 인계",많은 미팅·견적을 성과로 세고 실제 예산·결정권·납품가능성을 확인하지 않으면 실패,"M38 발견질문·협상, M17 계정맥락, M53 가치·가격, M35 수주·납품 전환 필요",https://www.onetonline.org/link/summary/11-2022.00 | https://www.onetonline.org/link/summary/41-9031.00,문서상 책임 배치·보완 분석 / 실제 실행 미검증
089,고용형,영업·고객,영업 (B2B 기존·키어카운트),기존 고객 갱신·확장; 핵심 계정 관계·수익 관리,큰 고객이 장애 보상을 요구하며 갱신을 보류하고 계열사 통합 할인과 아직 없는 기능을 동시에 요구함,사용·장애·계약·원가·구매조직·갱신일·경쟁제안,가치·불만·의사결정권 확인 → 보상·가격·범위별 수익과 이행 가능성 비교 → 조건부 갱신·확장 협상,"계정계획, 갱신·확장 제안, 양보·약속·인계 기록",갱신 매출을 지키려고 손실 계약·무권한 개발 약속을 늘리면 실패,"M17 계정 이력, M38 협상, M33·M53 계정 수익, M35 약속 이행 연결 필요",https://www.onetonline.org/link/summary/11-2022.00,문서상 책임 배치·보완 분석 / 실제 실행 미검증
090,고용형,영업·고객,기술영업 (프리세일즈),요구사항 분석·기술 제안; 데모·PoC 설계,고객 폐쇄망에서 데모는 성공했으나 실제 데이터량·인증·복구 요구를 만족하지 못하고 입찰 마감이 다가옴,RFP·구성도·실데이터 특성·연계·성능·보안·인수조건,필수·선호 요구 구분 → 대표 부하·실패 조건으로 검증 → 미충족·개발·대안·상업적 약속 조정,"요구 대응표, 아키텍처·데모·PoC 결과, 기술 제안·인계서",통제된 데모 성공을 운영 적합성으로 보고 제약을 숨기면 실패,"M21 기술지식, M54 부하·복구 실험, M10 실제 연계, M09·M40 제안·실행물 제작·인수 필요",https://www.onetonline.org/link/summary/41-9031.00,문서상 책임 배치·보완 분석 / 실제 실행 미검증
091,고용형,영업·고객,해외영업,해외 바이어 발굴·견적; 수출 계약·납품 협상,바이어가 결제방식·인도조건을 바꾸고 운임·환율·수입허가가 흔들려 수주액은 커도 회수·납기 위험이 커짐,바이어 신용·거래조건·규격·운송·환율·대금회수·허가 자료,수요·채산·회수 확인 → 조건별 비용·위험·책임 비교 → 생산·물류·금융과 실행 조건 확정,"수출 제안·견적·협상안, 주문·선적 인계, 회수 계획",매출만 보고 회수 불능·통관 불가·조건 간 책임 공백을 놓치면 실패,"M38 다국어 협상, M53 환율·조건별 수익, M35 수출 이행, M26 적용요건 필요",https://www.onetonline.org/link/summary/11-2022.00 | https://www.onetonline.org/link/summary/13-1081.00,문서상 책임 배치·보완 분석 / 실제 실행 미검증
092,고용형,영업·고객,영업관리,주문·매출·수금 관리; 영업 예측·인센티브 운영,분기 말 취소 가능한 주문을 확정 매출처럼 올리고 반품·미수·중복 실적 때문에 팀 보상과 생산계획이 왜곡됨,CRM·주문·출하·청구·입금·반품·실적규정,단계별 실재·시점·중복 대사 → 예상과 확정 실적 분리 → 예측·보상·재고 영향 수정,"수주·매출·미수 대장, 예측표, 인센티브 정산·정정 기록",수주·매출·현금의 상태를 섞어 좋은 숫자를 만들면 실패,"M52 시스템 대사, M25 주문 상태, M53 예측·보상 계산, M47 정정 추적 필요",https://www.onetonline.org/link/summary/11-2022.00 | https://www.onetonline.org/link/summary/13-2011.00,문서상 책임 배치·보완 분석 / 실제 실행 미검증
093,고용형,영업·고객,고객성공,고객 온보딩·활용 정착; 이탈 예방·성과 확인,계약 담당자가 퇴사하고 이용자는 교육을 마쳤지만 핵심 업무를 수행하지 못해 갱신 직전 성과가 없다는 불만이 나옴,고객 목표·이용행동·지원이력·조직변경·계약·성과지표,목표·작업 장애 재확인 → 역할별 정착 계획·제품 문제 분리 → 가치 입증·확장·갱신 협업,"성공계획, 교육·활용 자료, 건강도 근거, 개선·갱신 인계",로그인·교육 참석을 고객 성과로 바꾸거나 영업 약속을 임의 확정하면 실패,"M17 고객 맥락, M38 발견·조정, M35 온보딩, M51 성과·건강도 보정 필요",https://www.onetonline.org/link/summary/11-2022.00 | https://www.onetonline.org/link/summary/13-1111.00,문서상 책임 배치·보완 분석 / 실제 실행 미검증
094,고용형,상품·기획,PM·PO (B2C 앱),소비자 문제 발견·우선순위; 실험·출시·지표 개선,가입률을 올린 개편이 취소·환불·장기 이탈을 늘리고 실험군 오염과 계절 효과로 원인 판단이 어려움,인터뷰·행동로그·퍼널·코호트·실험배정·환불·개발비,문제·가설·측정 타당성 확인 → 사용자 가치와 장기 지표 비교 → 출시·철회·후속 실험 결정,"문제정의·제품요건, 실험계획·분석, 로드맵·출시 판단",단기 클릭 상승을 성공으로 삼아 사용자 피해·측정 오류·유지비를 놓치면 실패,"M34 제품 판단, M52 계측, M54 인과 실험, M35 우선순위·출시 필요",https://www.onetonline.org/link/summary/13-1082.00 | https://www.onetonline.org/link/summary/13-1161.00,문서상 책임 배치·보완 분석 / 실제 실행 미검증
095,고용형,상품·기획,PM·PO (B2B SaaS),기업 업무·요구 모델링; 공통 제품·고객별 요구 조정,대형 고객의 특수 승인·권한 요구가 기존 테넌트 모델과 충돌하고 계약 마감 때문에 제품을 고객별로 분기할 압력이 생김,고객 업무·계약·권한·데이터모형·사용량·지원비·로드맵,공통 문제와 예외 분리 → 확장점·격리·이행비 비교 → 계약·이전·인수 조건 합의,"제품요건·권한모형, 우선순위·전환계획, 고객별 수용 기준",수주만 위해 공통 제품·격리·업그레이드 경로를 무너뜨리면 실패,"M25 테넌트·상태, M31·M32 권한, M53 총비용, M35 제품·계약 의존 필요",https://www.onetonline.org/link/summary/13-1082.00 | https://www.onetonline.org/link/summary/15-1252.00,문서상 책임 배치·보완 분석 / 실제 실행 미검증
096,고용형,상품·기획,PMO,프로젝트 통합 일정·자원 관리; 변경·위험·의사결정 지원,세 프로젝트가 같은 전문가·공급사를 쓰며 각 일정표는 정상인데 통합 출시일과 규제 마감은 동시에 달성 불가함,범위·WBS·의존·자원·계약·진척 근거·변경요청,실진척·병목·임계 의존 확인 → 자원·범위·일정 대안 비교 → 결정권자 승인과 팀별 계획 동기화,"통합계획, 의사결정·변경대장, 자원·리스크 보고",개별 녹색 상태를 합쳐 전체 정상이라고 하거나 완료율을 근거 없이 인정하면 실패,"M35 자원 제약 계획, M25 의존 상태, M33 결합위험, M04 팀 조정 필요",https://www.onetonline.org/link/summary/13-1082.00,문서상 책임 배치·보완 분석 / 실제 실행 미검증
097,고용형,상품·기획,게임 기획 (시스템·경제),게임 시스템·보상 설계; 경제·성장·라이브 밸런스,복귀 보상과 거래 이벤트를 악용한 다계정이 재화를 증식시키고 정상 유저의 성장·시장가격까지 무너뜨림,재화 흐름·생산소비·행동·거래·아이템·성장·운영정책,루프·악용 경로·집단별 손익 모델링 → 제한·회수·보상 대안 실험 → 업데이트와 이용자 반응 관측,"시스템 명세·경제표, 시뮬레이션, 패치·보상안",평균 경제 안정만 보고 신규·과금·정상 거래자의 경험과 악용 경로를 놓치면 실패,"M53 경제모형, M54 다중 행위자·플레이 실험, M52 이벤트 계측, M35 라이브 전환 필요",https://www.onetonline.org/link/summary/15-1255.01,문서상 책임 배치·보완 분석 / 실제 실행 미검증
098,고용형,상품·기획,MD (온라인),온라인 상품 구성·가격·프로모션; 매출·재고·마진 관리,할인 행사 매출이 늘지만 광고비·반품·품절 대체·쿠폰 중복 때문에 실제 공헌이익은 감소함,SKU·원가·가격·수수료·광고·재고·주문·반품·검색,상품별 수요·공헌·노출 진단 → 가격·구성·수량·프로모션 비교 → 채널 실행과 사후 정산,"상품·행사계획, 발주·가격표, 손익·소진 분석",거래액을 이익으로 세거나 반품·채널 비용을 늦게 반영하면 실패,"M53 SKU 손익·수요, M52 채널 대사, M10 판매 실행, M54 가격·구성 실험 필요",https://www.onetonline.org/link/summary/13-1022.00,문서상 책임 배치·보완 분석 / 실제 실행 미검증
099,고용형,상품·기획,MD (오프라인 매입),매장 상품 매입·구성; 공급사 조건·재고 소진 협상,계절상품을 대량 매입했는데 상권별 수요가 갈리고 반품권·진열비·후속 공급 조건 때문에 단순 할인으로 해결되지 않음,매장별 판매·재고·공간·매입·반품·납기·공급사 조건,상권·상품 역할 분석 → 이동·추가매입·할인·반품 대안 비교 → 공급사·매장과 조건 조정,"매입·구색·배분 계획, 공급조건, 소진·손익 보고",전체 평균만 보고 점포별 품절·과잉과 약정 비용을 놓치면 실패,"M53 매장별 배분·손익, M38 매입 협상, M35 입고·이동, M07 매장 관측 인수 필요",https://www.onetonline.org/link/summary/13-1022.00,문서상 책임 배치·보완 분석 / 실제 실행 미검증
100,고용형,상품·기획,구매 (직접재·자재),직접재 소싱·발주; 납기·품질·단가 관리,핵심 부품 업체가 중단돼 대체품을 구했으나 도면 공차·인증·금형 소유와 생산 승인 때문에 즉시 투입할 수 없음,BOM·도면·규격·재고·수요·공급계약·검사·승인 이력,대체 적합성·승인·공급능력 확인 → 중단손실·검증시간·가격 비교 → 시험·계약·발주 순서 조정,"소싱·대체 검토, 발주·조건서, 검증·공급 회복 계획",싼 대체품 확보를 완료로 삼고 양산 불가·추적성·단종 위험을 놓치면 실패,"M21 규격·BOM, M54 대체 시험, M53 공급 총비용, M35 승인·납기 필요",https://www.onetonline.org/link/summary/13-1023.00,문서상 책임 배치·보완 분석 / 실제 실행 미검증
101,고용형,상품·기획,구매 (간접재·서비스),서비스·간접재 구매; 제안 비교·계약·성과 관리,최저가 IT 외주 제안이 데이터 이전·운영지원·사용권을 제외해 계약 후 비용과 종속성이 급증할 가능성이 있음,요구범위·제안·단가·SLA·사용권·보안·전환·종료조건,비교 가능한 범위로 정규화 → 생애비용·품질·종속 위험 평가 → 검수·변경·종료 조건 협상,"평가표·구매안, 계약 요구·검수표, 공급사 성과평가",금액만 비교하거나 모호한 납품 범위를 계약 후에 발견하면 실패,"M18 제안 근거, M53 총소유비용, M38 협상, M35·M40 납품·인수 계약 필요",https://www.onetonline.org/link/summary/13-1023.00 | https://www.onetonline.org/link/summary/11-3061.00,문서상 책임 배치·보완 분석 / 실제 실행 미검증
102,고용형,개발,풀스택,사용자 기능·데이터·API 구현; 통합 배포·운영,결제·권한·화면을 함께 바꾸는 출시에서 구버전 클라이언트와 데이터 이전이 겹쳐 중복 결제와 정보 노출이 발생할 수 있음,요구·코드·스키마·계약·로그·배포·회귀 사례,업무 불변조건·호환성 정의 → 계층별 변경·전환 계획 → 통합·실패·복구 검증 후 배포,"실행 코드·마이그레이션, 테스트·배포·복구 절차",화면 정상만 확인하고 거래 일관성·권한·복구 불능을 놓치면 실패,"M10 빌드·실행, M35 의존 변경, M54 통합·장애 시험, M40 실행 납품 필요",https://www.onetonline.org/link/summary/15-1252.00,문서상 책임 배치·보완 분석 / 실제 실행 미검증
103,고용형,개발,프론트엔드,웹 화면·상호작용 구현; 접근성·성능·상태 관리,느린 망과 보조기술에서 결제 폼 오류가 숨고 재시도 때 중복 요청되며 다국어 문장이 레이아웃을 깨뜨림,디자인·상태모형·API·기기·접근성·성능·번역,상태·오류·입력 흐름 정의 → 실제 브라우저·보조기술·망 조건 검증 → 렌더·포커스·요청 제어 수정,"컴포넌트·화면, 접근성·성능·상호작용 검증 기록",스크린샷 유사성만으로 사용 가능·중복 방지를 통과시키면 실패,"M36·M40·M42 상호작용 인수, M54 브라우저·보조기술 시험, M08 응답성, M52 계측 필요",https://www.onetonline.org/link/summary/15-1255.00 | https://www.onetonline.org/link/summary/15-1252.00,문서상 책임 배치·보완 분석 / 실제 실행 미검증
104,고용형,개발,백엔드,서버 업무 로직·API; 데이터 일관성·성능·보안,결제 응답 유실·동시 취소·메시지 재전송이 겹쳐 결제사와 주문·재고 상태가 서로 달라짐,API·이벤트·스키마·거래로그·외부 응답·장애조건,불변조건·재시도·순서 정의 → 멱등·트랜잭션·보상 설계 → 동시성·장애·대사 검증,"서버 코드·스키마, API 계약, 부하·복구·대사 결과",정상 요청만 통과하고 돈·주문·재고 중복 또는 유실을 허용하면 실패,"M25 상태, M10 외부 실행, M54 동시·실패 실험, M35·M42 복구 필요",https://www.onetonline.org/link/summary/15-1252.00,문서상 책임 배치·보완 분석 / 실제 실행 미검증
105,고용형,개발,모바일,모바일 기능·기기 연동; 배포·호환·오프라인 동기화,오프라인 편집 중 계정이 바뀌고 앱이 강제 종료된 뒤 구버전이 재접속해 데이터 충돌·다른 계정 노출이 생김,플랫폼·기기·권한·로컬DB·서버계약·버전·스토어 요구,수명주기·계정·동기화 충돌 정책 정의 → 실기기·중단·업데이트 시험 → 배포·회수 경로 확인,"앱 빌드·동기화 구현, 실기기 시험·배포 자료",에뮬레이터 정상만 보고 실기기·백그라운드·버전 혼재 문제를 놓치면 실패,"M21 플랫폼, M54 실기기·망 시험, M31 계정 경계, M40·M42 설치·업데이트 인수 필요",https://www.onetonline.org/link/summary/15-1252.00 | https://developer.apple.com/app-store/review/guidelines/,문서상 책임 배치·보완 분석 / 실제 실행 미검증
106,고용형,개발,게임 개발,게임 플레이·클라이언트·서버 구현; 최적화·라이브 패치,네트워크 지연 중 아이템 거래와 전투 보상이 겹쳐 복제가 생기고 패치가 기존 저장과 저사양 성능을 깨뜨림,게임규칙·상태·에셋·저장·네트워크·성능·경제로그,권위 상태·거래 불변조건 확인 → 재현·수정 → 지연·치트·저장 이전·실플레이 검증,"게임 빌드·패치, 성능·네트워크·저장 회귀 결과",실행 성공만 보고 재미·동기화·경제·기존 저장 손상을 놓치면 실패,"M54 실플레이·지연 시험, M25 게임 상태, M55 에셋·M42 엔진 호환, M35·M42 라이브 복구 필요",https://www.onetonline.org/link/summary/15-1252.00 | https://www.onetonline.org/link/summary/15-1255.01,문서상 책임 배치·보완 분석 / 실제 실행 미검증
107,고용형,개발,임베디드·펌웨어,장치 제어·통신 펌웨어; 하드웨어 연동·업데이트,전원 불안정 중 펌웨어 갱신과 센서 오류가 겹쳐 장치가 부팅 불능이거나 잘못된 출력 상태에 머물 수 있음,회로·데이터시트·타이밍·버스·메모리·센서·실기기 로그,제어·시간·전원 제약 정의 → 부트·오류·안전상태 설계 → HIL·전원차단·실기기 검증,"펌웨어·설정·갱신물, 타이밍·오류·장치 시험 기록",시뮬레이터 성공을 전기·타이밍·실장 환경 검증으로 바꾸면 실패,"M21 하드웨어 규격, M54 HIL·실측, M08 실시간 제약, M39 장비·현장 인수 필요",https://www.onetonline.org/link/summary/17-2061.00 | https://www.onetonline.org/link/summary/15-1252.00,문서상 책임 배치·보완 분석 / 실제 실행 미검증
108,고용형,개발,QA·테스트 엔지니어,위험 기반 테스트 설계; 결함 재현·출시 판단,결제 개편의 자동 테스트는 모두 통과하지만 테스트 데이터가 정상 패턴뿐이고 운영 로그에는 간헐적 환불 불일치가 있음,요구·변경영향·장애이력·데이터·환경·테스트·운영 징후,위험·오라클·누락 조합 확인 → 독립 재현·탐색·경계 시험 → 결함 영향·잔여 위험으로 출시 판단,"테스트 전략·재현 자료·결함대장, 회귀·출시 의견",구현을 그대로 확인하는 테스트 수·통과율을 품질 증거로 삼으면 실패,"M49 독립 오라클·보호 사례, M54 환경·장애 주입, M43 결함 판단, M51 누락 추적 필요",https://www.onetonline.org/link/summary/15-1253.00,문서상 책임 배치·보완 분석 / 실제 실행 미검증
109,고용형,데이터·AI,데이터 엔지니어,데이터 수집·변환·제공; 품질·계보·재처리 운영,원천 스키마 변경과 지연 이벤트·삭제 요청이 겹쳐 매출 집계가 중복되고 재처리하면 이미 삭제한 정보가 살아남,원천계약·스키마·이벤트시간·키·계보·품질·삭제범위,의미·시간·중복·삭제 정책 확인 → 호환 변환·재처리 설계 → 하류 영향·수치·삭제 전파 검증,"파이프라인·데이터계약, 품질·계보·재처리 기록",파이프라인 녹색만 보고 의미 오류·중복·삭제 복원을 놓치면 실패,"M52 데이터계약·계보, M25 시간·상태, M31·M32 삭제 경계, M35·M42 재처리 필요",https://www.onetonline.org/link/summary/15-1243.00,문서상 책임 배치·보완 분석 / 실제 실행 미검증
110,고용형,데이터·AI,데이터 분석가,업무 지표·분석; 의사결정 근거·실험 해석,매출 감소 원인이 가격 변경처럼 보이나 추적 누락·채널구성·환불 시점이 바뀌어 집계마다 반대 결론이 나옴,지표정의·원천·SQL·코호트·정책변경·추적·실험,수치 대사·분모·표본 확인 → 교란·분해·대안 설명 비교 → 결정에 필요한 범위·불확실성 제시,"재현 분석·대시보드, 원인 가설·검증안·의사결정 메모",상관·계측 변화를 원인으로 단정하거나 유리한 분모만 고르면 실패,"M52 지표·대사, M53 통계, M54 인과 검증, M18 결론 근거 필요",https://www.onetonline.org/link/summary/15-2051.00 | https://www.onetonline.org/link/summary/13-1161.00,문서상 책임 배치·보완 분석 / 실제 실행 미검증
111,고용형,데이터·AI,데이터 사이언티스트,예측·인과·최적화 모델 개발; 검증·업무 적용,이탈 모델 정확도가 높지만 미래 정보를 쓰고 개입 대상 선정이 비용·편향·기존 영업 행동 때문에 실제 성과를 악화시킴,목표·시점·라벨·특성·표본·개입·비용·업무정책,결정과 예측 목표 구분 → 누출·선택편향·검증 분할 점검 → 배포 가능한 기준선·개입 효과 비교,"재현 모델·검증, 개입·비용 분석, 적용·모니터링 조건",오프라인 정확도를 업무 효과로 간주하거나 미래 정보를 쓰면 실패,"M53 통계·목적함수, M54 시간분할·개입 시험, M52 라벨·계보, M51 성과 감시 필요",https://www.onetonline.org/link/summary/15-2051.00,문서상 책임 배치·보완 분석 / 실제 실행 미검증
112,고용형,데이터·AI,AI·ML 엔지니어,ML·LLM 서비스 구축; 배포·평가·모델 운영,고객 문서 RAG가 그럴듯한 답을 내지만 권한 변경·검색 누락·지시문 오염·모델 업데이트가 겹쳐 다른 고객 자료와 오답을 반환함,문서·권한·검색·프롬프트·모델·평가셋·비용·로그,실패를 검색·권한·추론·도구로 분해 → 대표·적대 평가 → 버전 전환·관측·복구 설계,"모델 서비스·검색 파이프라인, 평가·배포·회귀 자료",평균 답변 점수로 권한 누출·근거 부재·비용·변동성을 가리면 실패,"M18 근거, M31·M32 격리, M49 평가, M42·M50 변경관리, M10 서빙 필요",https://www.onetonline.org/link/summary/15-2051.00 | https://www.onetonline.org/link/summary/15-1252.00,문서상 책임 배치·보완 분석 / 실제 실행 미검증
113,고용형,인프라·보안,인프라·DevOps,인프라·CI/CD 운영; 신뢰성·용량·비용·복구,리전 장애 때 백업은 있으나 키·DNS·외부 의존과 복구 용량이 없어 재해복구가 실패하고 잘못된 자동 확장이 비용을 키움,구성·의존·SLO·부하·비용·백업·키·배포·사고,실패영역·복구 전제 확인 → 실제 복구·부하 시험 → 전환·축소·배포 통제 개선,"IaC·파이프라인, 복구·운영 절차, 시험·비용·사고 개선",백업 존재와 설정 문서를 복구 성공으로 세면 실패,"M35·M42 실제 복구, M33 공동 장애·비용, M54 재해 시험, M10 배포·관측 필요",https://www.onetonline.org/link/summary/15-1244.00 | https://www.onetonline.org/link/summary/15-1252.00,문서상 책임 배치·보완 분석 / 실제 실행 미검증
114,고용형,인프라·보안,IT 운영,계정·단말·업무시스템 지원; 변경·장애·자산 관리,조직개편과 퇴사자 정리가 겹쳐 업무용 공유계정·라이선스·장비가 남고 급한 복구 요청이 권한 검증을 우회하게 만듦,인사변동·계정·자산·티켓·접근·라이선스·변경이력,신원·권한·영향 확인 → 복구·회수·재할당 → 사용자 검수·기록·반복원인 개선,"처리·권한변경 기록, 자산대장, 운영 절차·개선안",티켓 종료만 보고 실제 접근 잔존·업무 미복구·비용 누수를 놓치면 실패,"M31·M32 신원·권한, M25 자산·티켓 상태, M35·M42 복구, M47 변경 증거 필요",https://www.onetonline.org/link/summary/15-1244.00,문서상 책임 배치·보완 분석 / 실제 실행 미검증
115,고용형,인프라·보안,정보보안 (침해 대응),보안 사고 탐지·조사; 봉쇄·복구·영향 확인,탈취 계정이 클라우드·백업에 접근하고 로그 일부가 지워져 즉시 차단하면 증거·업무 연속성을 함께 잃을 수 있음,원본로그·타임라인·계정·호스트·네트워크·자산·백업,증거 보존·범위 가설 → 확산·업무 영향별 봉쇄 → 근절·복구·재침투 확인·통지 협업,"사고 타임라인·증거목록, 대응·복구 기록, 원인·영향 보고",경보 소멸을 근절로 여기거나 근거 없이 피해 범위를 확정하면 실패,"M18 증거·불확실성, M35 대응 순서, M35·M42 복구, M33 결합 영향, M10 포렌식 도구 필요",https://www.onetonline.org/link/summary/15-1212.00,문서상 책임 배치·보완 분석 / 실제 실행 미검증
116,고용형,인프라·보안,정보보안 (취약점 관리),취약점 식별·우선순위; 조치·예외·재검증,같은 취약점이 외부 노출 서비스와 교체 불가 장비에 있고 스캐너 점수는 높지만 실제 악용 경로·업무 영향은 다름,자산·버전·노출·스캔·악용조건·업무·패치·보완통제,오탐·실제 경로 확인 → 노출·영향·변경 위험 우선순위 → 패치·완화·예외 후 재검증,"취약점·예외대장, 조치계획·검증 증거",CVSS 순위·패치 건수만으로 위험 해소를 주장하거나 승인 없이 공격하면 실패,"M18 진위, M33 맥락별 위험, M32 시험 권한, M54 조치 검증 필요",https://www.onetonline.org/link/summary/15-1212.00 | https://docs.github.com/en/code-security/concepts/vulnerability-reporting-and-management/repository-security-advisories,문서상 책임 배치·보완 분석 / 실제 실행 미검증
117,고용형,인프라·보안,정보보안 (거버넌스·인증),보안 정책·통제 설계; 인증·감사·위험 관리,인증 증빙은 갖췄으나 새 SaaS·위탁사·해외팀이 통제 범위 밖이고 담당자가 점검 시점에만 설정을 맞춤,범위·자산·처리흐름·위탁·통제·증빙·예외·사고,실제 범위·통제 목적 확인 → 설계·운영 효과 표본검사 → 격차·책임·개선·감사 대응,"통제체계·적용표, 위험·예외대장, 운영 증거·개선계획",문서 존재·인증 획득을 실제 보안 효과로 대체하면 실패,"M26 적용 범위, M18 운영증거, M49 통제 효과 평가, M35 개선 추적 필요",https://www.onetonline.org/link/summary/15-1212.00,문서상 책임 배치·보완 분석 / 실제 실행 미검증
118,고용형,디자인,UI/UX·제품 디자인,사용자 조사·흐름·인터페이스 설계; 사용성 검증,숙련자 중심 업무도구를 단순화했더니 초보자는 편해도 전문가의 대량 작업·보조기술·오류 복구가 막힘,사용자 관찰·과업·역할·빈도·오류·접근성·제품 제약,핵심 과업·집단별 비용 확인 → 정보구조·상태·대안 설계 → 실제 과업·접근성 검증·개선,"조사·여정·설계 근거, 프로토타입·디자인 시스템, 사용성 결과",화면 미감·만족도만으로 과업 성공·효율·복구를 판단하면 실패,"M07 사용자 관찰, M34 설계 판단, M54 과업 실험, M36·M40·M42 상태·접근성 인수 필요",https://www.onetonline.org/link/summary/15-1255.00,문서상 책임 배치·보완 분석 / 실제 실행 미검증
119,고용형,디자인,그래픽,시각 콘셉트·캠페인 그래픽 제작; 매체별 전개,한 키비주얼을 옥외·모바일·인쇄로 펼치는데 작은 글자·색역·이미지 권리·재단 조건이 충돌함,브리프·문안·브랜드·에셋권리·매체규격·인쇄조건,메시지·위계·콘셉트 정리 → 매체별 구도·타이포 변형 → 실크기·색·출력 검수,"편집 원본·매체별 파일, 에셋·출력 명세",한 화면의 멋진 시안만 보고 가독성·실출력·편집 가능성을 놓치면 실패,"M22 시각 기준, M09 생성·편집, M55 원본자산·M40·M42 색·출력 인수, M54 실매체 검증 필요",https://www.onetonline.org/link/summary/27-1024.00,문서상 책임 배치·보완 분석 / 실제 실행 미검증
120,고용형,디자인,브랜드 디자인,브랜드 전략·아이덴티티; 접점별 일관성 설계,합병 브랜드가 기존 고객 신뢰를 지키면서 새 시장에 진입해야 하고 양사 이름·상표·문화·채널이 충돌함,시장·고객·경쟁·기존자산·상표·브랜드 구조·접점,정체성·약속·구조 결정 → 이름·시각·언어 체계 설계 → 접점·고객 반응·전환 검증,"브랜드 전략·아이덴티티, 가이드·템플릿, 전환계획",로고만 바꾸고 차별성·인식·상표 검토·실제 접점 운영을 놓치면 실패,"M34 포지셔닝, M22 브랜드 판단, M38 이해관계 조정, M55 자산·M09 가이드 전개 필요",https://www.onetonline.org/link/summary/27-1024.00 | https://www.onetonline.org/link/summary/11-2021.00,문서상 책임 배치·보완 분석 / 실제 실행 미검증
121,고용형,디자인,모션,모션 콘셉트·애니메이션; 영상·제품 움직임 제작,방송·앱·세로광고에 같은 모션을 쓰려다 프레임·안전영역·용량·움직임 민감 사용자 조건이 달라짐,보드·에셋·타이밍·음향·플랫폼·프레임·접근성,동작 의도·리듬 설계 → 리깅·합성·변형 → 실재생·렌더·축소동작 검증,"모션 원본·렌더·규격별 변형, 재생·편집 인수",정지 프레임 품질만 보고 타이밍·보간·알파·실재생 오류를 놓치면 실패,"M09 모션 제작, M21 엔진·코덱, M55 원본·M09 타임라인, M54 실재생 필요",https://www.onetonline.org/link/summary/27-1014.00,문서상 책임 배치·보완 분석 / 실제 실행 미검증
122,고용형,디자인,편집 디자인,책·보고서·인쇄물 조판; 교정·출력 관리,막판 원고·표 수정으로 페이지·색인·각주가 연쇄 이동하고 PDF는 보이지만 인쇄에서 폰트·재단 문제가 발생함,확정원고·표·이미지·스타일·판형·용지·인쇄·교정,구조·조판 규칙 정리 → 변경을 참조·페이지까지 전파 → 교정·프리플라이트·실출력 확인,"편집 원본·인쇄 PDF, 교정·출력 검수 기록",페이지별 보기만 확인해 참조·누락·넘침·인쇄 부적합을 놓치면 실패,"M25 문서 의존, M55 폰트·M35·M40 조판·출력 계약, M10 DTP 도구, M43 교정 필요",https://www.onetonline.org/link/summary/27-1024.00 | https://www.onetonline.org/link/summary/27-3041.00,문서상 책임 배치·보완 분석 / 실제 실행 미검증
123,고용형,디자인,제품 (산업) 디자인,제품 형태·사용성 설계; 제조·재료·양산 조정,보기 좋은 외장 설계가 금형 언더컷·조립 공차·발열·수리성과 충돌해 시제품은 되지만 양산 불량이 예상됨,사용자·치수·재료·구조·공차·공정·원가·시험,사용·제조 요구 결합 → CAD·구조 대안 → 시제품·조립·열·사용 시험으로 수정,"네이티브 CAD·도면·BOM, 시제품·시험·양산 인계",렌더를 제조 가능성으로 세거나 실물 검증 없이 공차·열·강도를 확정하면 실패,"M09·M55 CAD·도면·BOM 제작·자산, M53 공학 계산, M54 실물 시험, M39 제작·실측 인수 필요",https://www.onetonline.org/link/summary/27-1021.00 | https://www.onetonline.org/link/summary/17-2141.00,문서상 책임 배치·보완 분석 / 실제 실행 미검증
124,고용형,미디어,PD,프로그램·콘텐츠 기획; 제작·예산·출연·편성 총괄,주요 출연자가 촬영 직전 빠지고 취재 사실이 뒤집혀 예산·일정·방송 약속·편집 방향을 동시에 바꿔야 함,기획·대본·취재·출연·권리·예산·촬영·편성,전달 목적·사실·제작 가능성 재확인 → 대체 구성·출연·일정 비교 → 현장·편집·배포 통합 조정,"기획·제작계획·콜시트, 예산·권리대장, 최종본·납품",계획 문서만 완성하고 취재·촬영·권리·최종 편성 조건을 확보하지 못하면 실패,"M34 기획, M35 제작 의존, M38 출연·팀 조정, M39 촬영 인수, M09·M40 최종본 제작·인수 필요",https://www.onetonline.org/link/summary/27-2012.00,문서상 책임 배치·보완 분석 / 실제 실행 미검증
125,고용형,미디어,방송 작가 (구성),방송 구성·취재·대본; 현장·편집에 따른 재구성,인터뷰 내용이 기획 가설을 뒤집고 방송 분량은 줄었는데 재미를 위해 발언 맥락을 자를 압력이 생김,취재·인터뷰 원본·검증자료·구성·분량·출연·편성,핵심 이야기·사실 관계 재구성 → 장면·질문·내레이션 작성 → 원본 맥락·길이·제작 가능성 검수,"구성안·질문지·대본, 출처·수정·편집 인계",서사 완성도를 위해 인과·인용·발언 취지를 바꾸면 실패,"M18 취재 근거, M22 구성 감각, M09 대본·미디어 연계, M25 타임코드·M40 인계 필요",https://www.onetonline.org/link/summary/27-3043.00 | https://www.onetonline.org/link/summary/27-2012.00,문서상 책임 배치·보완 분석 / 실제 실행 미검증
126,고용형,미디어,에디터,원고 기획·편집; 사실·논리·문체·출판 조정,전문가 원고의 핵심 주장이 자료와 어긋나고 저자는 수정을 거부하며 마감·법적 분쟁·독자 이해가 충돌함,원고·원출처·독자·편집방침·계약·일정·권리,주장·구조·독자 장애 진단 → 사실·논리·표현 편집 → 저자 합의·교정·정정 경로 확정,"편집 원고·질의서·팩트체크, 교정·출판 인계",문장만 매끄럽게 만들고 핵심 오류·의미 변화·저자 미합의를 놓치면 실패,"M18 팩트체크, M22 편집 판단, M38 저자 조정, M25 판본·M42 교정 필요",https://www.onetonline.org/link/summary/27-3041.00,문서상 책임 배치·보완 분석 / 실제 실행 미검증
127,고용형,미디어,영상 편집자,소스 정리·서사 편집; 색·음향·자막·납품,혼합 프레임·휴대폰 HDR·다중 녹음 소스에 후반 수정이 들어와 싱크·색·자막·권리와 온라인 편집 연결이 깨짐,원본·프록시·타임코드·대본·권리·색·음향·납품규격,소스·싱크·서사 정리 → 편집·컨폼·믹스·자막 → 전체 재생·원본 재연결·규격 검수,"편집 프로젝트·마스터·자막·분리음원, QC 기록",짧은 미리보기만 보고 전체 싱크·색·누락·프로젝트 재열기를 놓치면 실패,"M09 편집, M25 타임라인·M42 코덱·컨폼, M10 편집도구, M54 전편 재생 필요",https://www.onetonline.org/link/summary/27-4032.00,문서상 책임 배치·보완 분석 / 실제 실행 미검증
128,고용형,생산·품질,생산관리,생산 일정·능력·납기 관리; 현장 실적·차질 대응,긴급 주문·설비 고장·자재 부족이 겹치고 라인별 전환·숙련·검사 제약 때문에 단순 우선순위 변경으로 납기를 맞출 수 없음,주문·BOM·공정·능력·재고·설비·인력·실적,실제 병목·진척 확인 → 제약 일정·외주·분할납품 비교 → 현장 실행·변동 재계획,"생산·자재·인력계획, 납기 조정·실적 보고",총량상 가능해도 공정 순서·전환·검사·현장 능력 때문에 실행 불가하면 실패,"M53 제약 일정, M25 WIP 상태, M35 재계획, M07·M39 현장 실적 인수 필요",https://www.onetonline.org/link/summary/11-3051.00 | https://www.onetonline.org/link/summary/17-2112.00,문서상 책임 배치·보완 분석 / 실제 실행 미검증
129,고용형,생산·품질,품질관리,검사·불량 분석; 품질 보증·시정조치,출하 합격품이 고객 공정에서 불량을 내고 측정기 차이·로트 혼입·공급사 변경 때문에 원인이 갈림,규격·샘플링·측정계·로트·공정변경·클레임·반품,격리 범위·측정 신뢰 확인 → 원인 가설·재현 시험 → 시정조치·효과·추적성 확인,"부적합·원인·시정 보고, 검사·추적·고객 대응 자료",재검 합격만으로 원인 제거를 선언하거나 측정오차·유출 범위를 놓치면 실패,"M18 증거·원인가설, M54 측정계·재현, M25 로트 추적, M35 시정 효과 필요",https://www.onetonline.org/link/summary/11-3051.00 | https://www.onetonline.org/link/summary/17-2112.00,문서상 책임 배치·보완 분석 / 실제 실행 미검증
130,고용형,생산·품질,공정 엔지니어,공정 설계·조건 최적화; 수율·생산성·안정성 개선,속도를 높여 평균 생산량은 늘었지만 원재료 편차·설비 마모와 상호작용해 장기 수율과 다음 공정 품질이 악화됨,공정도·레시피·설비·재료·측정·수율·실험·변경,측정·변동원·공정 메커니즘 확인 → 다인자 실험·제약 최적화 → 파일럿·장기·후공정 검증,"공정 조건·표준서, 실험·능력 분석, 양산 변경 인계",짧은 평균 개선을 안정된 양산 효과로 바꾸면 실패,"M53 공정모형, M54 실험·장기 검증, M21 공정지식, M39 실측·파일럿 필요",https://www.onetonline.org/link/summary/17-2112.00,문서상 책임 배치·보완 분석 / 실제 실행 미검증
131,고용형,물류·SCM,물류,운송·창고·배송 운영; 예외·클레임 처리,항만 지연·냉장 이탈·부분 분실이 겹쳐 고객 납기와 대체운송 비용·보험·반품 처리를 함께 결정해야 함,주문·운송·위치·온도·인수·계약·운임·클레임,실제 위치·품질·책임 확인 → 우회·분할·대체·회수 비교 → 고객·운송사 실행·정산,"운송·복구계획, 인수·온도·클레임 기록, 비용 대사",시스템 배송완료를 실제 정상 인도로 세거나 품질 이탈을 일정 문제로만 보면 실패,"M07 센서·인수 증거, M35 예외계획, M53 운송 대안, M38 운송사·고객 조정 필요",https://www.onetonline.org/link/summary/13-1081.00,문서상 책임 배치·보완 분석 / 실제 실행 미검증
132,고용형,물류·SCM,재고·자재,재고·자재 수불·실사; 결품·과잉·추적 관리,장부상 재고는 충분하지만 불량 격리·위탁·예약·유통기한·로트 위치 때문에 실제 생산에 쓸 수 없는 자재가 많음,수불·실사·위치·소유·예약·로트·유효기간·품질상태,수량·소유·가용 상태 대사 → 차이 원인·보충·재배치 결정 → 현장 이동·통제 검증,"재고 대장·실사조정, 보충·처분 계획, 추적·통제 개선",총수량만 맞추고 실제 가용성·소유권·로트 추적을 놓치면 실패,"M25 재고 상태, M52 수불 대사, M07 실사 인수, M53 보충·소진 필요",https://www.onetonline.org/link/summary/13-1081.00,문서상 책임 배치·보완 분석 / 실제 실행 미검증
133,고용형,물류·SCM,SCM 계획 (수요예측·S&OP),수요예측·공급계획; S&OP 합의,영업의 낙관 예측·판촉·장기 조달·생산 능력·현금 부족이 충돌하고 품절로 관측 수요 자체가 낮게 잡힘,판매·실수요·품절·판촉·리드타임·능력·재고·현금,편향·검열 수요·제약 확인 → 수요·공급·재무 시나리오 → 합의된 계획·전환 신호·책임 설정,"수요·공급·재무 통합계획, 시나리오·S&OP 결정록",예측 정확도만 개선하고 서비스·재고·현금의 동시 실행 가능성을 놓치면 실패,"M53 확률·제약 계획, M33 현금·공통위험, M04·M38 부서 합의, M35 재계획 필요",https://www.onetonline.org/link/summary/13-1081.00 | https://www.onetonline.org/link/summary/11-3051.00,문서상 책임 배치·보완 분석 / 실제 실행 미검증
134,고용형,물류·SCM,수출입,수출입 서류·통관·운송; 무역 대금·조건 관리,송장·포장·원산지·신용장 조건이 서로 달라 선적은 됐지만 통관·대금회수에서 보완과 지연 비용이 발생함,계약·송장·포장·선하증권·원산지·분류·결제조건,물품·수량·가격·조건 대사 → 요건·불일치·기한 확인 → 관세사·은행·운송사 보완 조정,"무역서류·통관 인계, 하자·보완대장, 운임·대금 대사",서류별 완성만 확인하고 문서 간 일치·물품·은행 수리 조건을 놓치면 실패,"M42 무역문서 교차검수, M26 적용요건, M35 선적·회수 의존, M38 기관 조정 필요",https://www.onetonline.org/link/summary/13-1081.00 | https://www.customs.go.kr/cvnci/cm/cntnts/cntntsView.do?cntntsId=948&mi=3217,문서상 책임 배치·보완 분석 / 실제 실행 미검증
135,고용형,연구개발,R&D 연구원 (제품·기술),제품·기술 가설·실험; 성능 개선·기술 이전,연구실 성능은 좋지만 측정 오차·재현성·재료 배치·양산 공정 차이로 실제 제품 성능과 원가를 만족하지 못함,문헌·특허·실험노트·원자료·측정·재료·공정·요구,가설·대조·측정 설계 → 반복·독립 재현 → 스케일업·성능·비용·기술성 비교,"연구·실험 보고, 원자료·프로토콜, 시제품·기술이전 명세",유리한 실험·평균만 보고 재현성·부정 결과·양산 차이를 숨기면 실패,"M18 연구 근거, M53 모형·분석, M54 실험·재현, M39 장비·시제품 인수 필요",https://www.onetonline.org/link/summary/17-2141.00 | https://www.onetonline.org/link/summary/17-2112.00,문서상 책임 배치·보완 분석 / 실제 실행 미검증
136,고용형,연구개발,인허가 RA (의료기기·의약품),인허가 전략·자료 구성; 기관 질의·변경·시판 후 관리,제품 변경이 임상·성능·제조·표시 자료와 맞지 않고 국가별 경로·기관 질의가 달라 기존 자료 재사용 범위를 판단해야 함,품목·용도·분류·설계·시험·임상·품질·표시·질의,국가·제품별 경로·증거 격차 확인 → 부서 자료 일치·추가시험 계획 → 제출·질의·변경 영향 관리,"인허가 전략·제출 패키지, 근거 대응표·답변서, 변경·후속 계획",제출 문서만 갖추고 실제 증거 적합성·주장 일치·제품 변경 영향을 놓치면 실패,"M26 적용경로, M18 증거 적합성, M09·M40 규제 제출물 제작·인수, M35 시험·기관 의존 필요",https://www.onetonline.org/link/summary/13-1041.07,문서상 책임 배치·보완 분석 / 실제 실행 미검증
137,고용형,건설·부동산 개발,개발 기획 (시행),부동산 개발 사업성·인허가 기획; 토지·금융·분양 조정,토지 일부 미확보·민원·인허가 조건·공사비 상승이 겹쳐 분양가를 올려도 금융 약정과 착공 조건을 충족하지 못함,권리·도시계획·시장·설계·인허가·원가·자금·약정,사업 전제·필수 선행조건 확인 → 개발·자금·지연 시나리오 → 단계별 투자·중단·협상 판단,"사업성·자금모형, 개발·인허가 계획, 조건·위험·의사결정 자료",장부상 이익만 보고 토지·허가·현금·시기 조건을 동시에 충족하지 못하면 실패,"M53 사업·현금모형, M33 결합위험, M35 개발 의존, M39 조사·인허가 결과 인수 필요",https://www.onetonline.org/link/summary/13-1111.00 | https://www.onetonline.org/link/summary/13-2051.00 | https://www.onetonline.org/link/summary/17-1011.00,문서상 책임 배치·보완 분석 / 실제 실행 미검증
138,고용형,건설·부동산 개발,견적·적산,도면·시방 기반 수량·공사비 산정; 견적·변경 정산,도면 판본과 시방이 달라 누락·중복 수량이 생기고 공법 변경·물가·현장 조건으로 단가와 공기가 함께 바뀜,도면·BIM·시방·수량·단가·공법·현장·계약·변경,판본·범위·산정 근거 대사 → 수량·단가·간접비·공기 영향 산정 → 질의·변경·견적 검증,"내역·물량·견적서, 산출 근거·질의·변경대장",합계 정확성만 확인하고 범위 누락·중복·판본 불일치·시공 조건을 놓치면 실패,"M07·M42 도면·BIM 판독·대사, M53 수량·원가, M25 변경 의존, M39 현장 조건 인수 필요",https://www.onetonline.org/link/summary/13-1051.00,문서상 책임 배치·보완 분석 / 실제 실행 미검증
139,운영형,영상·음성,유튜버 (정보·교육),교육 주제·설명 설계; 영상 제작·학습·시청 반응 개선,조회가 잘 나오는 설명이 중요한 조건을 생략해 오개념을 만들고 초보·숙련 시청자의 이해·이탈 지점이 다름,학습목표·원출처·대본·시청구간·질문·제작자원,사전지식·오개념 분석 → 예시·시각설명·구성 제작 → 이해 확인·이탈 분석·정정,"대본·영상·보조자료, 근거·학습 확인·개선 기록",시청지속만 보고 학습·정확성·오개념을 검증하지 않으면 실패,"M21 교수·주제지식, M18 근거, M54 이해 실험, M09·M55 영상·자료 필요",https://www.onetonline.org/link/summary/27-2012.00 | https://www.onetonline.org/link/summary/13-1151.00 | https://support.google.com/youtube/answer/9314415?hl=en,문서상 책임 배치·보완 분석 / 실제 실행 미검증
140,운영형,영상·음성,유튜버 (예능·엔터),예능 포맷·캐릭터·회차 기획; 촬영·편집·시리즈 운영,반복 포맷의 반응이 떨어지고 출연자 갈등·예상 밖 촬영 결과·스폰서 요구 때문에 웃음·관계·회차 연결이 흔들림,포맷·캐릭터·촬영원본·출연조건·반응·예산·협찬,웃음·관계·긴장 구조 진단 → 구성·촬영·편집 대안 → 시청자 반응과 출연 지속성 검증,"회차안·촬영계획·영상, 시리즈·출연·성과 기록",조회수를 위해 맥락 조작·관계 소진에 기대거나 다음 회차 생산성을 잃으면 실패,"M22 예능 판단, M38 출연 조정, M39 촬영 인수, M09·M55 제작, M54 시청 반응 필요",https://www.onetonline.org/link/summary/27-2012.00 | https://support.google.com/youtube/answer/9314415?hl=en,문서상 책임 배치·보완 분석 / 실제 실행 미검증
141,운영형,영상·음성,유튜버 (리뷰·커머스),제품 검증·비교 리뷰; 구매 정보·커머스 운영,협찬사가 유리한 조건을 요구하고 샘플 편차·펌웨어 변경으로 비교 결과가 달라져 추천·제휴 매출·신뢰가 충돌함,제품·버전·시험조건·실측·가격·협찬·제휴·사용자 요구,비교 기준·이해관계 공개 → 동일 조건·반례·장기 사용 확인 → 용도별 장단점·추천 갱신,"리뷰·비교표·영상, 시험·협찬표시·정정 기록",제공 자료를 실사용으로 꾸미거나 수익 때문에 불리한 결과를 빼면 실패,"M18 검증 근거, M54 실물 비교, M27 이해관계, M39 제품 시험 인수, M09·M40 리뷰 제작·납품 필요",https://www.onetonline.org/link/summary/27-2012.00 | https://www.onetonline.org/link/summary/13-1161.00 | https://support.google.com/youtube/answer/10588440?hl=en,문서상 책임 배치·보완 분석 / 실제 실행 미검증
142,운영형,영상·음성,스트리머,실시간 방송·상호작용; 편성·커뮤니티·수익 운영,게임 장애·음향 끊김·악성 채팅·후원 요청이 동시에 들어와 방송 흐름과 대응 우선순위가 무너짐,방송상태·채팅·모더레이션·후원조건·편성·시청반응,상황·위험·콘텐츠 흐름 구분 → 즉시 응대·중재·대체 진행 → 다시보기·운영 개선,"라이브 진행·장면 전환, 운영·모더레이션·후원 기록",채팅 응답만 잘하고 실제 방송 지속·리듬·오디오·갈등 조정을 못하면 실패,"M08 실시간 다중입력, M38 상호작용, M10 방송도구, M35·M42 장애 대응, M54 라이브 리허설 필요",https://www.onetonline.org/link/summary/27-2012.00,문서상 책임 배치·보완 분석 / 실제 실행 미검증
143,운영형,영상·음성,숏폼 크리에이터,짧은 영상 콘셉트·후킹·편집; 시리즈 실험,첫 장면의 강한 약속으로 노출은 늘지만 내용 불일치로 완주·신뢰가 떨어지고 플랫폼별 자막·음원 사용 조건도 다름,주제·시청반응·대본·소스·권리·길이·플랫폼규격,핵심 효용·첫 장면·전개 설계 → 변형 제작 → 완주·재시청·후속 행동·약속 이행 비교,"숏폼·자막·변형본, 실험·시리즈 개선 기록",조회만 최적화해 내용·브랜드·권리·실제 전환을 훼손하면 실패,"M22 압축 서사, M09·M55 세로영상, M54 변형 실험, M51 장기 반응 필요",https://www.onetonline.org/link/summary/27-2012.00 | https://www.onetonline.org/link/summary/27-4032.00 | https://support.google.com/youtube/answer/9314415?hl=en,문서상 책임 배치·보완 분석 / 실제 실행 미검증
144,운영형,영상·음성,팟캐스터,오디오 프로그램·인터뷰; 녹음·편집·배포,원격 인터뷰 음질이 깨지고 게스트 발언을 줄이면 맥락이 달라져 분량·사실·청취 경험·협찬 조건을 조정해야 함,원음·질문·전사·출처·출연동의·음향·피드·협찬,핵심 대화·사실 확인 → 편집·음질·맥락 조정 → 전편 청취·전사·배포 검수,"에피소드·전사·쇼노트, 음원·피드·권리 기록",전사 텍스트만 확인하고 청취 가능성·화자·맥락·배포 오류를 놓치면 실패,"M07 오디오 입력, M09 음향 편집, M18 인용, M55 음원자산·M42 피드 검수, M10 배포 필요",https://www.onetonline.org/link/summary/27-2012.00 | https://www.onetonline.org/link/summary/27-3043.00,문서상 책임 배치·보완 분석 / 실제 실행 미검증
145,운영형,글,블로거,독자 질문·주제 조사; 글·검색 유입·갱신 운영,상위 유입 글의 제품·제도 정보가 낡고 유사 글끼리 경쟁하며 제휴 수익 높은 내용을 우선할 유인이 생김,검색질문·원출처·문서·유입·갱신일·제휴·독자 반응,검색·독자 의도·정보 격차 확인 → 직접 검증·구조화 → 통합·수정·링크·성과 점검,"글·이미지·근거, 갱신·정정·콘텐츠 계획",키워드·양만 늘리고 최신성·실제 질문 해결·독자 신뢰를 잃으면 실패,"M20 갱신, M18 출처, M22 설명·편집, M10 CMS, M51 독자 성과 필요",https://www.onetonline.org/link/summary/27-3043.00 | https://www.onetonline.org/link/summary/27-3041.00,문서상 책임 배치·보완 분석 / 실제 실행 미검증
146,운영형,글,뉴스레터 작가,뉴스·정보 선별·해석; 정기 발행·구독 운영,속보가 뒤집히고 협찬사가 다루는 기업의 비판 보도가 나와 발행 마감·사실 확인·편집 독립성이 충돌함,원보도·공시·출처·구독층·발행·동의·협찬·열람,사실·의미·독자 필요 분리 → 선별·해설·반대 관점 검토 → 발송·정정·독자 반응 확인,"뉴스레터·근거·편집판단, 발송·구독·정정 기록",요약량·오픈율만 보고 잘못된 해석·이해충돌·발송 동의를 놓치면 실패,"M18·M20 근거·변화, M22 편집, M27 이해관계, M10 발송, M31 구독권한 필요",https://www.onetonline.org/link/summary/27-3043.00 | https://www.onetonline.org/link/summary/27-3041.00,문서상 책임 배치·보완 분석 / 실제 실행 미검증
147,운영형,글,웹소설 작가,장편 설정·인물·회차 집필; 연재·독자 반응 조정,독자 반응에 맞춰 전개를 바꾸면 기존 복선·인물 동기·세계 규칙이 깨지고 촉박한 연재 일정에서 장기 결말이 흔들림,설정집·인물·회차·복선·계약·일정·독자 반응,장기 갈등·회차 효용·인과 확인 → 장면·문체·전개 집필 → 연속성·몰입·일정 검수,"회차 원고·설정·복선대장, 연재·수정 계획",문장 유창성·반응만 보고 인물 일관성·복선 회수·장기 서사를 잃으면 실패,"M25 서사 상태, M22 문학 판단, M34 장기 구성, M09 원고·M25 판본, M54 독자 검토 필요",https://www.onetonline.org/link/summary/27-3043.00,문서상 책임 배치·보완 분석 / 실제 실행 미검증
148,운영형,글,웹툰 작가,웹툰 서사·콘티·작화; 연재 제작·팀 협업,액션 회차의 연출을 바꾸면 배경 3D·인물 위치·말풍선·스크롤 리듬·보조작가 일정이 연쇄 수정됨,시나리오·캐릭터·콘티·배경·작화원본·폰트·일정,장면 목표·시선·스크롤 설계 → 콘티·작화·합성 → 연속성·모바일 읽기·납품 검수,"회차 원본·이미지·콘티, 에셋·수정·연재 인계",예쁜 한 컷을 만화 완성으로 세고 연속성·가독성·제작 지속성을 놓치면 실패,"M09 2D·3D 제작, M25 연속성, M04 작화 협업, M55 레이어 자산·M40·M42 스크롤 인수 필요",https://www.onetonline.org/link/summary/27-3043.00 | https://www.onetonline.org/link/summary/27-1024.00,문서상 책임 배치·보완 분석 / 실제 실행 미검증
149,운영형,글,저술가,책 기획·논증·집필; 원고·출판·개정,수년간 집필한 비문학 원고에서 핵심 근거가 반박되고 장별 중복·인용권리·독자 난도가 드러나 구조를 다시 짜야 함,독자·목차·원자료·초고·인용·계약·편집 의견,중심 주장·근거·독자 여정 재검토 → 구조·장·문체 수정 → 전권 일관성·팩트·교정,"출판 원고·주석·서지, 권리·수정·개정 자료",장별 문장 품질만 보고 책 전체 논증·독창성·근거·독자 이해를 놓치면 실패,"M18 근거, M25 장·주장 의존, M22 저술 판단, M09 장문·주석·M25 판본 필요",https://www.onetonline.org/link/summary/27-3043.00 | https://www.onetonline.org/link/summary/27-3041.00,문서상 책임 배치·보완 분석 / 실제 실행 미검증
150,운영형,SNS,인플루언서 (패션·뷰티·라이프),개인 스타일·콘텐츠·팬 관계; 브랜드 협업,경쟁 브랜드 계약과 광고 일정이 겹치고 실제 사용 경험과 광고 문구가 달라 팬 신뢰·계약·콘텐츠 정체성이 충돌함,브랜드·계약·사용경험·제품·콘텐츠·팬 반응·촬영,정체성·실경험·독점조건 확인 → 협업·표현·제작 계획 → 표시·반응·약속 이행 점검,"콘텐츠·협업 제안·일정, 사용·권리·광고표시 기록",경험하지 않은 사용감을 만들거나 단기 협찬으로 신뢰·계약을 훼손하면 실패,"M23 정체성·M17 관계, M27 협업 충돌, M39 실사용·촬영 인수, M09·M55 콘텐츠 필요",https://www.onetonline.org/link/summary/13-1161.00 | https://www.onetonline.org/link/summary/27-2012.00 | https://support.google.com/youtube/answer/10588440?hl=en,문서상 책임 배치·보완 분석 / 실제 실행 미검증
151,운영형,SNS,인플루언서 (지식·비즈니스),전문 지식 해설·관점 형성; 강연·상품·커뮤니티 운영,투자한 회사나 유료 자문 고객을 평가하면서 일반 독자가 해설을 개인별 조언으로 받아들여 신뢰·이해관계·상품 판매가 얽힘,원자료·전문범위·이해관계·독자질문·상품·피드백,근거·대상·주장 범위 확인 → 독자별 설명·한계·반론 설계 → 콘텐츠·교육·상담 경계 운영,"해설·강연·교육자료, 이해관계·근거·정정 기록",권위 있는 표현·팔로워 수를 지식 정확성과 개별 조언 적합성으로 바꾸면 실패,"M18 전문근거, M21 주제 능력, M27 이해관계, M38 설명·질의, M49 이해 평가 필요",https://www.onetonline.org/link/summary/13-1161.00 | https://www.onetonline.org/link/summary/13-1151.00,문서상 책임 배치·보완 분석 / 실제 실행 미검증
152,운영형,커뮤니티,커뮤니티 운영자,커뮤니티 규칙·참여 설계; 갈등·모더레이션·성장,오래된 핵심 회원과 신규 회원이 충돌하고 신고·조작 계정·운영진 이해관계 때문에 같은 규칙 적용도 불공정하게 느껴짐,게시·신고·맥락·관계·규칙·제재·참여·운영권한,사실·맥락·반복패턴 확인 → 비례적 중재·제재·이의절차 → 재발·참여·신뢰 관측,"운영정책·중재·제재·이의 기록, 참여 프로그램",삭제 속도·회원 수만 보고 맥락·공정성·소수자 발언·장기 참여를 놓치면 실패,"M18 맥락 증거, M38 갈등 조정, M31 운영권한, M25 제재 상태, M51 신뢰 필요",https://www.onetonline.org/link/summary/27-3031.00,문서상 책임 배치·보완 분석 / 실제 실행 미검증
153,운영형,커머스,온라인 셀러 (자체 브랜드·D2C),자체 상품·브랜드·판매 운영; 공급·고객·손익 관리,광고가 성공해 주문이 급증했지만 품질 편차·배송 지연·환불이 늘고 생산 선금 때문에 매출 증가와 함께 현금이 부족해짐,상품·BOM·공급·검사·주문·광고·재고·반품·현금,상품·고객 가치·공헌 확인 → 품질·수요·공급·현금 계획 → 판매·출하·지원·리콜 조건 통합,"상품·판매 콘텐츠, 발주·출하·지원 계획, 손익·현금·품질 기록",광고 효율·매출만 보고 제품 적합성·반품·운전자금·고객 문제를 놓치면 실패,"M53 단위경제·현금, M35 공급·판매, M39 제조·검사 인수, M55 상품자산·M09 판매자료, M10 주문 실행 필요",https://www.onetonline.org/link/summary/13-1022.00 | https://www.onetonline.org/link/summary/11-2021.00 | https://help.shopify.com/en/manual/fulfillment/managing-orders/returns,문서상 책임 배치·보완 분석 / 실제 실행 미검증
154,운영형,커머스,온라인 셀러 (소싱·오픈마켓),상품 소싱·채널 등록; 가격·재고·주문·정산,여러 마켓에서 같은 재고가 동시 판매되고 공급사 이미지·인증·반품 조건이 불완전해 품절 취소와 제재·손실이 겹침,공급·상품권리·요건·채널·재고·주문·수수료·반품,판매 가능·실마진 확인 → 채널별 상품·재고·가격 동기화 → 주문 예외·환불·정산 대사,"상품목록·상세페이지, 재고·주문·정산·반품 기록",등록 건수만 늘리고 실재고·상품 적합성·채널별 비용·책임을 놓치면 실패,"M52 채널 대사, M25 재고·주문, M26 상품요건, M53 마진, M10 판매 실행 필요",https://www.onetonline.org/link/summary/13-1022.00 | https://help.shopify.com/en/manual/fulfillment/managing-orders/returns,문서상 책임 배치·보완 분석 / 실제 실행 미검증
155,운영형,커머스,라이브커머스 진행자,실시간 상품 설명·시연·판매; 질문·혜택·진행 조정,방송 중 가격·쿠폰·재고가 바뀌고 시연 결과가 기대와 달라 잘못된 효능·수량을 말할 위험이 생김,상품근거·시연·실재고·가격·쿠폰·질문·판매조건,현행 혜택·사실 확인 → 설득력 있는 시연·질의 응답 → 변경·오안내 즉시 정정·주문 인계,"라이브 진행·시연, 가격·혜택·정정·후속 안내 기록",말솜씨·주문량만 보고 시연 사실·최종가격·재고·약속 이행을 놓치면 실패,"M08 즉시 검증, M38 판매 대화, M07 시연 관측, M10 재고·가격 연계, M39 현장 수행 필요",https://www.onetonline.org/link/summary/11-2022.00 | https://www.onetonline.org/link/summary/27-2012.00 | https://help.shopify.com/en/manual/fulfillment/managing-orders/returns,문서상 책임 배치·보완 분석 / 실제 실행 미검증
156,운영형,커머스,구매대행·리셀러,해외·희소 상품 구매대행·리셀; 진위·통관·배송·환불,주문 뒤 가격이 뛰고 판매자 진위·병행수입 조건·파손·반품 운임이 불명확해 선결제 고객과 손실 부담이 충돌함,원판매·진위·구매계약·통관·가격·환율·배송·반품,거래 가능·진위·총비용 확인 → 조달·중단·대체 조건 → 구매·운송·검수·환불 대사,"견적·구매·배송 기록, 진위·검수 근거, 정산·분쟁 대응",희소품 확보만 보고 가품·수입 불가·추가비용·반품 책임을 놓치면 실패,"M18 진위, M26 수입요건, M53 총비용, M39 검수 인수, M38 고객·판매자 협상 필요",https://www.onetonline.org/link/summary/13-1022.00 | https://www.customs.go.kr/cvnci/cm/cntnts/cntntsView.do?cntntsId=948&mi=3217,문서상 책임 배치·보완 분석 / 실제 실행 미검증
157,운영형,창작,작곡가,음악 콘셉트·작곡·편곡; 녹음·믹스·권리·납품,광고 길이·가창 음역·영상 타이밍이 바뀌고 공동작업자의 샘플·지분·원본이 정리되지 않아 수정·발매가 막힘,브리프·레퍼런스·악보·세션·음원·타임코드·권리,음악적 의도·구조·편성 결정 → 작곡·편곡·녹음 조정 → 청취·타이밍·스템·권리 검수,"악보·MIDI·DAW 세션·마스터·스템, 크레딧·권리자료",듣기 좋은 단일 음원만 내고 수정 가능성·음역·타이밍·권리·분리 납품을 놓치면 실패,"M22 음악 판단, M09 음원 제작, M09·M55 악보·세션·스템 제작·자산, M39 연주·녹음 인수 필요",https://www.onetonline.org/link/summary/27-2041.00,문서상 책임 배치·보완 분석 / 실제 실행 미검증
158,운영형,창작,일러스트레이터,의도·스타일에 맞는 삽화; 캐릭터·연속물·매체 전개,책의 여러 장면에서 인물·빛·소품이 일관돼야 하고 표지·인쇄·굿즈 변형과 수정 요청이 겹침,원고·콘셉트·캐릭터·스타일·장면·권리·출력규격,메시지·구도·시각 언어 정리 → 스케치·채색·연속성 조정 → 실크기·매체·원본 검수,"레이어 원본·삽화·변형, 캐릭터·출력 명세",개별 이미지 미감만 보고 서사 역할·캐릭터 일관성·출력·수정성을 놓치면 실패,"M22 조형 판단, M09 생성·편집, M25 시각 연속성, M55 레이어 자산·M40·M42 출력 필요",https://www.onetonline.org/link/summary/27-1024.00,문서상 책임 배치·보완 분석 / 실제 실행 미검증
159,운영형,앱·서비스,인디게임 개발자,게임 기획·개발·출시; 판매·패치·커뮤니티 운영,작은 팀이 출시를 서두르는데 게임은 실행돼도 초반 재미·저사양 성능·세이브·상점 약속·지원 여력이 동시에 부족함,빌드·플레이 관찰·범위·성능·에셋권리·스토어·예산,핵심 재미·출시 범위 검증 → 결함·온보딩·상품성 우선순위 → 배포·지원·후속 자금 계획,"게임·스토어 자료·패치, 플레이·저장·호환 검증, 운영계획",기술적 실행을 재미·판매·지속 운영 가능성으로 대체하면 실패,"M22·M54 플레이 판단, M10 빌드·배포, M53 자금, M40·M42 엔진·스토어 인수, M35 출시 필요",https://www.onetonline.org/link/summary/15-1255.01 | https://www.onetonline.org/link/summary/15-1252.00,문서상 책임 배치·보완 분석 / 실제 실행 미검증
160,운영형,앱·서비스,앱 개발자 (개인 앱),개인 앱 문제 발견·구현; 스토어·과금·지원 운영,OS 업데이트와 결제 복원 오류가 겹쳐 기존 구독자가 기능을 잃고 스토어 설명·개인정보·현금 흐름까지 수정해야 함,사용자 과업·코드·기기·결제·구독·스토어·문의·비용,가치·재현·권한·과금 상태 확인 → 호환·복원·지원 수정 → 실제 설치·업데이트·구독 인수,"앱·스토어 자료, 과금·복원 시험, 지원·운영 기록",새 설치만 확인하고 기존 고객·복원·해지·운영비를 놓치면 실패,"M25 구독 상태, M10 스토어·결제, M54 실기기·과금 시험, M40·M42 앱 인수, M53 단위경제 필요",https://www.onetonline.org/link/summary/15-1252.00 | https://developer.apple.com/app-store/review/guidelines/ | https://developer.apple.com/app-store/subscriptions/,문서상 책임 배치·보완 분석 / 실제 실행 미검증
161,운영형,앱·서비스,SaaS 운영자,SaaS 제품·고객·수익 운영; 서비스·보안·지원 개선,대형 고객 요구로 개발을 집중한 사이 작은 고객 이탈·장애·클라우드 비용·지원 부채가 늘고 갱신·현금이 악화됨,사용·매출·이탈·장애·지원·계약·로드맵·비용,고객 가치·수익·신뢰성 병목 확인 → 제품·요금·운영 대안 → 출시·계약·지원·지표 피드백,"SaaS·요금·로드맵, 운영·보안·지원 절차, 수익·고객 성과",기능·MRR만 보고 실제 유지·가동·지원·현금·테넌트 격리를 놓치면 실패,"M34 통합 운영 판단, M33·M53 생존·단위경제, M35·M42 서비스 회복, M35 제품·고객 의존 필요",https://www.onetonline.org/link/summary/15-1252.00 | https://www.onetonline.org/link/summary/11-2022.00,문서상 책임 배치·보완 분석 / 실제 실행 미검증
162,운영형,앱·서비스,오픈소스 메인테이너,공개 소프트웨어 설계·리뷰·릴리스; 이슈·기여자·보안 운영,핵심 의존 취약점과 호환성 파괴가 겹치고 유지보수자는 부족한데 이용 조직은 빠른 패치를 요구함,코드·테스트·의존·이슈·기여·라이선스·버전·보안보고,영향·호환·악용·지원 범위 확인 → 비공개 수정·리뷰·릴리스 조정 → 배포·이전·후속 검증,"패치·릴리스·보안권고, 변경·이전 문서, 기여·지원 정책",코드 병합을 안전한 공급·호환·유지보수 완료로 세면 실패,"M43 코드리뷰, M35 공개·배포 의존, M31 취약정보 권한, M40·M42 패키지·이전 인수, M38 기여자 조정 필요",https://www.onetonline.org/link/summary/15-1252.00 | https://docs.github.com/en/code-security/concepts/vulnerability-reporting-and-management/repository-security-advisories,문서상 책임 배치·보완 분석 / 실제 실행 미검증
163,운영형,투자,개인 투자자 (장기),기업·자산 분석·포트폴리오; 장기 보유·리밸런싱,사업 가설이 흔들리는데 가격은 싸 보이고 개인의 주택자금 필요·집중 투자·세금·유동성이 매도 판단과 충돌함,공시·산업·가치모형·보유·현금수요·세금·위험한도,투자 가설·반증·자금 제약 확인 → 가치 범위·하락·유동성 비교 → 비중·보유·매도·재검토 조건,"투자 메모·가치모형, 포트폴리오·실행·사후검토 기록",그럴듯한 목표가·백테스트 수익으로 미래 수익을 보장하거나 생활자금 제약을 놓치면 실패,"M18 공시·반증, M53 가치·포트폴리오, M33 집중·현금, M34 조건부 판단 필요",https://www.onetonline.org/link/summary/13-2051.00 | https://www.onetonline.org/link/summary/13-2052.00,문서상 책임 배치·보완 분석 / 실제 실행 미검증
164,운영형,투자,개인 투자자 (단기 매매),단기 매매 전략·주문; 시장·포지션·손실 관리,급변장에서 호가 공백·부분 체결·증거금 변화·연결 장애가 겹쳐 백테스트와 다른 손실·미결 주문이 생김,시세·호가·체결·주문·잔고·수수료·증거금·시장규칙,전략·비용·체결 가정 검증 → 실시간 노출·한도 확인 → 취소·축소·복구 후 체결 대사,"검증 전략·주문·위험 로그, 체결·손익 대사",이론 수익을 체결 가능 수익으로 바꾸거나 주문 응답을 실제 체결로 세면 실패,"M08 시장 반응, M10 주문·체결, M25 포지션 상태, M33 결합손실, M54 슬리피지·장애 시험 필요",https://www.onetonline.org/link/summary/41-3031.00 | https://www.onetonline.org/link/summary/13-2054.00,문서상 책임 배치·보완 분석 / 실제 실행 미검증
165,운영형,투자,엔젤 투자자,초기기업 발굴·실사; 투자조건·후속 지원,창업팀의 지표가 계약·입금과 다르고 지분·우선권·후속 희석·공동창업자 갈등 때문에 성장성만으로 투자 여부를 정할 수 없음,팀·고객·코호트·계약·현금·캡테이블·지식재산·조건,시장·팀·지표 진위·권리 확인 → 실패·희석·후속자금 시나리오 → 조건·금액·보류·지원 결정,"실사·투자 메모, 캡테이블·조건안, 후속 점검 계획",발표자료·성장률만 보고 지표 진위·권리·현금·희석을 놓치면 실패,"M18 실사, M53 가치·희석·회수, M38 조건 협상, M33 집중·후속자금, M35 사후관리 필요",https://www.onetonline.org/link/summary/13-2051.00 | https://www.onetonline.org/link/summary/13-1111.00,문서상 책임 배치·보완 분석 / 실제 실행 미검증
166,운영형,투자,부동산 투자자·임대 운영자,임대 부동산 매입·운영; 임차·수선·자금·매각 관리,공실·연체·설비 수선·차환 만기가 겹치고 임차인 권리·보증금·공동소유자 이견 때문에 장부 수익률과 실제 현금이 갈림,권리·임대차·보증금·대출·현장·수선·세금·시장,실물·권리·운영 수지 확인 → 공실·수선·차환·매각 시나리오 → 임차·공사·자금 실행 조정,"투자·운영·현금모형, 임대·수선·대금 기록, 대안·실행 계획",표면 수익률만 보고 권리·보증금 반환·필수 수선·차환 실패를 놓치면 실패,"M53 자산·현금모형, M33 결합위험, M39 현장·수선 인수, M38 임차·금융 협상, M35 운영 필요",https://www.onetonline.org/link/summary/13-2023.00 | https://www.onetonline.org/link/summary/13-2052.00 | https://www.onetonline.org/link/summary/41-9022.00,문서상 책임 배치·보완 분석 / 실제 실행 미검증
