번호,유형,직무,초기 복합 사건,주입1,선택1·재료,주입2,선택2·재료,첫 전개 도달 상태,첫 판정,보완 후 재전개,최종 판정,검토 방식
001,위임형,변호사 (민사·상사 송무),"납품업체가 미수금을 청구하자 구매자가 불량과 지체를 이유로 상계하고, 일부 물품을 제3자가 사용한 사실이 나옴",검수서 원본에서 20% 수량 미인도 확인,M18·M25: 전액 청구 전제를 폐기하고 인도분·하자 항변·증거를 분리,구매자가 인정 금액만 분할 지급 제안,M34·M38·M53: 회수 시점·담보·분쟁비용을 비교해 조건부 합의안 작성,"청구 계산·서면·합의 대안까지 연결, 지급·재판 결과는 미정",외부 결과·관측 대기,해당 없음: 동일 사례를 불필요하게 반복하지 않음,외부 결과·관측 대기,단계별 사건·도구 응답을 가정한 작성자 탁상 모의; 실제 에이전트 실행 아님
002,위임형,변호사 (형사 변호),"총수가 여러 거래로 기소되고 직원 진술은 바뀌는데, 회사 민사소송의 거래 설명과 개인의 방어 논리가 충돌함",직원의 번복 진술과 결재 원본이 총수·회사 주장에 서로 다르게 작용,M18·M25·M27: 공소사실별 근거를 갱신하고 의뢰인·비밀·기존 서면 영향을 분리,긴급 구속 관련 일정과 민사 제출 일정이 겹침,M04·M35·M43: 형사·민사 전문 판단을 교차 검토하고 기한별 제출·출석 계획 재배정,방어 전략·신문·서면 경로는 있으나 법원 판단·전문 수행은 외부 의존,외부 결과·관측 대기,해당 없음: 동일 사례를 불필요하게 반복하지 않음,외부 결과·관측 대기,단계별 사건·도구 응답을 가정한 작성자 탁상 모의; 실제 에이전트 실행 아님
003,위임형,변호사 (가사·상속),재혼가족이 비상장회사 주식과 부동산을 상속받는데 생전 증여와 유언 진정성을 서로 다르게 주장함,"유언 사본과 다른 원본 발견, 비상장주식 유동성 없음",M18·M25·M53: 유언 효력 가정과 재산가액·현금 조달을 별도 분기,한 상속인이 지분 유지와 즉시 전액 현금을 동시에 요구,M34·M38: 지분·현금·기간 제약을 대조하고 요구 충돌을 명시,"모든 요구 동시 충족 불가, 분할·매각·기간 중 목표 조정 필요",목표·조건 조정 필요,해당 없음: 동일 사례를 불필요하게 반복하지 않음,목표·조건 조정 필요,단계별 사건·도구 응답을 가정한 작성자 탁상 모의; 실제 에이전트 실행 아님
004,위임형,변호사 (행정·조세 송무),"공장이 처분으로 운영 중단 위기에 놓이고 세무처분도 같은 거래 사실을 문제 삼아, 구제절차와 사업 일정을 동시에 관리해야 함",처분 통지 시점이 기존 기록보다 빠르고 공장 중단일 확정,"M18·M35·M37: 절차 시계와 운영 영향 재계산, 임시 구제·본안 병행 준비",기관이 핵심 현장 사실을 부인하고 추가 조사 예고,M07·M39·M43: 현장 근거 취득과 반박·보완 제출 연결,신청·주장은 준비 가능하나 처분 변경·현장 확인까지 완료할 수 없음,외부 결과·관측 대기,해당 없음: 동일 사례를 불필요하게 반복하지 않음,외부 결과·관측 대기,단계별 사건·도구 응답을 가정한 작성자 탁상 모의; 실제 에이전트 실행 아님
005,위임형,변호사 (도산·회생),"제조기업이 지급불능 위기인데 수주잔고는 남아 있고, 은행 담보·계열 보증·핵심 납품사의 공급중단이 얽힘","주요 고객 선수금 취소로 가용 현금 3, 필요 운영비 5",M33·M53: 흑자 회생안도 단기 지급불능임을 검출,신규 자금·공급 유예·자산 매각이 모두 거절됨,"M34·M38: 가동 유지안 폐기, 사업 축소·정리 대안으로 전환","원래 규모의 계속 영업 목표 불가능, 정리·축소 결정 필요",목표·조건 조정 필요,해당 없음: 동일 사례를 불필요하게 반복하지 않음,목표·조건 조정 필요,단계별 사건·도구 응답을 가정한 작성자 탁상 모의; 실제 에이전트 실행 아님
006,위임형,변호사 (기업 자문),이사 선임과 정관 변경을 추진하는 주총에서 위임장 진위·특수관계 거래·대표권이 다투어지고 총수와 회사의 이익이 갈림,위임장 중복과 대표권 다툼 발견,M27·M31·M35: 표결 대상·유효 권한을 재확인하고 의안별 절차 분리,회사와 총수가 서로 다른 의사록 기재 요구,M18·M25·M43: 실제 진행 기록과 각 요청을 대조하고 허위 기재를 배제,"진행안·조건별 의사록 준비, 실제 결의·대표권 확인은 외부 의존",외부 결과·관측 대기,해당 없음: 동일 사례를 불필요하게 반복하지 않음,외부 결과·관측 대기,단계별 사건·도구 응답을 가정한 작성자 탁상 모의; 실제 에이전트 실행 아님
007,위임형,변호사 (M&A·투자 거래),"투자계약 직전 핵심 고객의 계약 해지권과 미공개 소송이 발견되고, 매도자는 계약 수정 없이 잔금 지급을 요구함",핵심 고객의 해지권이 종결 후에도 존속함을 발견,M25·M34: 발견사항을 가격·선행조건·배상 조건에 연결,"매도자가 보증도 가격 조정도 거부, 매수자는 손실 한도 변경 불허",M33·M38: 잔여 노출이 위임 한도를 넘는지 확인하고 종결 보류,"현재 양측 조건에서 거래 성사 불가능, 조건 변경 또는 철회 필요",목표·조건 조정 필요,해당 없음: 동일 사례를 불필요하게 반복하지 않음,목표·조건 조정 필요,단계별 사건·도구 응답을 가정한 작성자 탁상 모의; 실제 에이전트 실행 아님
008,위임형,법무사 (등기),법인의 이사 교체와 본점 이전 등기 접수 직전에 의사록·정관·등기부의 인적사항과 대표권 자료가 불일치함,접수 직전 담보 순위가 바뀌고 대리권 증빙 유효성에 의문,M18·M31: 이전 열람·위임 확인을 무효화하고 최신 원본 조회,외부 등기 조회가 중단되어 현재 순위 확인 불가,M10·M35·M39: 기한·대체 확인 경로를 추적하고 미확인 상태 제출 차단,서류 작성은 가능하지만 권리 확인·접수 완료는 대기,외부 결과·관측 대기,해당 없음: 동일 사례를 불필요하게 반복하지 않음,외부 결과·관측 대기,단계별 사건·도구 응답을 가정한 작성자 탁상 모의; 실제 에이전트 실행 아님
009,위임형,법무사 (개인회생·파산),자영업자의 카드채무와 보증채무가 섞이고 최근 재산 처분과 가족 송금의 설명이 부족해 보정 요청이 옴,누락 채무와 최근 가족 송금 확인,M52·M25: 채권자·재산·가용소득 목록과 관련 신청자료 재대사,법원이 소득 지속성 보완을 요구하나 고용 자료 미도착,M35·M39: 보완 항목·기한·취득 책임을 연결,"수정 초안까지 가능, 외부 소득 근거·법원 결과 대기",외부 결과·관측 대기,해당 없음: 동일 사례를 불필요하게 반복하지 않음,외부 결과·관측 대기,단계별 사건·도구 응답을 가정한 작성자 탁상 모의; 실제 에이전트 실행 아님
010,위임형,행정사 (인허가·지원금),임차 공장에 새 공정을 들이려는데 토지·건축 용도와 환경 관련 조건이 맞지 않고 지원금 신청서에는 설치 완료를 전제로 씀,공장 신청 도면과 실제 용도가 다르고 지원사업 전제도 달라짐,M07·M12·M35: 허가·지원 조건과 도면·공정의 연결을 재검토,지자체의 현장 보완 요구와 지원 마감이 겹침,M35·M39: 현장 수행·보완·신청 순서를 조정하고 미충족 조건 표시,신청 묶음은 정리되나 현장·기관 판단 없이 승인 완료 불가,외부 결과·관측 대기,해당 없음: 동일 사례를 불필요하게 반복하지 않음,외부 결과·관측 대기,단계별 사건·도구 응답을 가정한 작성자 탁상 모의; 실제 에이전트 실행 아님
011,위임형,행정사 (출입국·비자),취업 외국인이 고용주를 옮기는데 직무·학력 증빙과 새 고용계약이 맞지 않고 가족의 체류 일정도 다름,고용 종료와 가족관계 변동이 기존 체류 신청 전제를 바꿈,M25·M12·M13: 자격별 전제·서류·기한을 다시 구성,증빙 발급이 지연되고 기관 대면 확인 요청,M35·M39: 대체 증빙 가능성을 확인하고 대면·기한 경로 연결,"제출·보완 계획 가능, 증빙·신원 확인·결정은 외부 의존",외부 결과·관측 대기,해당 없음: 동일 사례를 불필요하게 반복하지 않음,외부 결과·관측 대기,단계별 사건·도구 응답을 가정한 작성자 탁상 모의; 실제 에이전트 실행 아님
012,위임형,공증인,회사 대표를 대신한 대리인이 채무 문서 공증을 요청하지만 위임 내용이 문서 금액·조건과 다르고 상대는 즉시 발급을 요구함,촉탁 금액이 위임 범위를 초과함,M31·M27: 문안 작성과 공증 권한을 구분하고 초과 범위 중단,대표자의 의사 확인이 미완료인데 상대가 발급 재촉,M39·M40: 자격 수행·의사 확인·발급 기록의 인수 조건 유지,"공증용 초안만 가능, 실제 공증 효력은 생성할 수 없음",외부 결과·관측 대기,해당 없음: 동일 사례를 불필요하게 반복하지 않음,외부 결과·관측 대기,단계별 사건·도구 응답을 가정한 작성자 탁상 모의; 실제 에이전트 실행 아님
013,위임형,변리사 (특허),"공개 예정인 제품의 차별점이 심사관이 찾은 선행기술과 겹치고, 넓은 청구항을 지키려다 명세서에 없는 사항을 추가할 위험이 생김",선행문헌이 핵심 구성 일부를 공개한 것으로 확인,M19·M25·M34: 청구항별 근거·차별 구성·기재 범위를 재정렬,발명자가 미기재 구성을 추가해 달라고 요청,M18·M35·M43: 원출원 근거와 변경안을 대조하고 보정·별도 검토 경로 분리,"명세·청구·보정 대안 준비, 심사 판단과 발명 사실 확인 대기",외부 결과·관측 대기,해당 없음: 동일 사례를 불필요하게 반복하지 않음,외부 결과·관측 대기,단계별 사건·도구 응답을 가정한 작성자 탁상 모의; 실제 에이전트 실행 아님
014,위임형,변리사 (상표·디자인),신제품 출시 직전 유사 이름의 선등록과 기존 디자인 공개가 발견돼 이름·상품범위·출시 일정을 같이 결정해야 함,유사 표장이 같은 고객군에서 사용 중이라는 자료 도착,M07·M14·M34: 도형 유사성뿐 아니라 사용·범위·출시 대안 검토,출시팀이 이름 변경을 거부하고 심사 일정은 확정 불가,M25·M38: 자산 변경 비용과 권리 위험·대체 출시안을 함께 제시,"출원·브랜드 대안 가능, 권리 확보·분쟁 종결은 외부 의존",외부 결과·관측 대기,해당 없음: 동일 사례를 불필요하게 반복하지 않음,외부 결과·관측 대기,단계별 사건·도구 응답을 가정한 작성자 탁상 모의; 실제 에이전트 실행 아님
015,위임형,변리사 (심판·분쟁),상대 제품의 비공개 공정 때문에 구성요소 충족이 불명확한데 소송·무효심판·라이선스 협상이 동시에 진행됨,분해 실측이 도면과 달라 기존 구성요소 대응표가 뒤집힘,M07·M18·M25: 추정 구성을 실측과 분리하고 주장·증거표 갱신,상대가 일부 실시품 제공을 거절하고 합의 범위 확대 요구,M34·M38·M43: 입증 한계와 합의 파급을 반영해 전략 분기,"기술 분석·심판 자료 가능, 증거 접근·판정·합의는 미정",외부 결과·관측 대기,해당 없음: 동일 사례를 불필요하게 반복하지 않음,외부 결과·관측 대기,단계별 사건·도구 응답을 가정한 작성자 탁상 모의; 실제 에이전트 실행 아님
016,위임형,세무사 (신고·기장),온라인몰의 주문액·PG 정산액·환불액이 다르고 해외 매출과 개인 사용 경비가 섞여 신고 초안이 틀어짐,정산 수수료를 매출 차감과 비용에 중복 반영한 사실 확인,M52·M53: 원거래→정산→입금 대사로 중복 제거,누락 환불 자료가 도착하고 가상 검산기가 수정 세액 일치를 반환,M25·M42: 영향 전표·세무조정·신고 초안을 갱신하고 검산,주어진 자료·계산 규칙에서 장부·신고 초안 종결 경로 있음; 실제 신고는 별도,범위 내 종결 경로,해당 없음: 동일 사례를 불필요하게 반복하지 않음,범위 내 종결 경로,단계별 사건·도구 응답을 가정한 작성자 탁상 모의; 실제 에이전트 실행 아님
017,위임형,세무사 (상속·증여·가업 승계),가족기업 승계에서 비사업 자산·과거 증여·후계자 경영 참여·납부 현금이 쟁점인데 가족은 지분을 균등 분할하려 함,절세안의 사후조건과 사업 투자에 필요한 현금이 충돌,M25·M53: 세액만 비교하던 안을 다기간 현금·유지조건으로 전환,가족은 동일 지배력·동일 현금 지급을 모두 고수하고 외부 자금 없음,M34·M38: 제약을 고정한 채 가능한 대안이 없는지 확인,세금 최소·지배력 유지·즉시 지급의 동시 목표 조정 필요,목표·조건 조정 필요,해당 없음: 동일 사례를 불필요하게 반복하지 않음,목표·조건 조정 필요,단계별 사건·도구 응답을 가정한 작성자 탁상 모의; 실제 에이전트 실행 아님
018,위임형,세무사 (조사·불복),조사팀이 가공경비를 의심하지만 장부에는 거래가 있고 공급자는 폐업해 거래 실질을 설명할 자료가 부족함,원장과 은행 거래가 달라 거래 실질에 두 설명이 존재,M18·M34: 설명별 지지·반대 근거와 불리한 해석을 유지,조사팀이 새 기간 자료를 요구하며 해석을 확정하지 않음,M35·M38·M47: 제출 범위·시점·설명의 일관성과 후속 불복 경로 관리,"대응안·증거 묶음 가능, 해석 다툼·기관 결과는 미정",외부 결과·관측 대기,해당 없음: 동일 사례를 불필요하게 반복하지 않음,외부 결과·관측 대기,단계별 사건·도구 응답을 가정한 작성자 탁상 모의; 실제 에이전트 실행 아님
019,위임형,기장 대행,사업주가 법인카드로 개인 지출을 하고 카드 취소가 다음 달 반영돼 현금잔액과 비용이 맞지 않음,같은 영수증이 카드와 비용 정산에 이중 입력됨,M52·M21: 결제·증빙 키와 거래 의미로 중복 전표 후보 분리,거래처 확인과 통장 대사가 하나의 결제임을 확인,M25·M42: 중복 분개 취소·잔액·마감 영향 재계산,주어진 거래 묶음의 기장·대사 종결 경로 있음,범위 내 종결 경로,해당 없음: 동일 사례를 불필요하게 반복하지 않음,범위 내 종결 경로,단계별 사건·도구 응답을 가정한 작성자 탁상 모의; 실제 에이전트 실행 아님
020,위임형,회계사 (감사),재고 실사 차이가 크고 기말 매출이 급증했는데 결산 후 반품이 늘고 외부조회 회신도 부족함,실사 재고와 장부가 다르고 기말 매출의 검수도 미완료,M18·M35: 감사 주장별 추가 절차·추정·정정 영향 연결,경영진이 외부조회와 핵심 자료 제공을 제한,M27·M39·M43: 증거 제한·의견 판단을 구분하고 자격자의 책임·기여 기록,미확인 영역을 숨기지 않는 경로는 있으나 감사의견 확정은 외부 의존,외부 결과·관측 대기,해당 없음: 동일 사례를 불필요하게 반복하지 않음,외부 결과·관측 대기,단계별 사건·도구 응답을 가정한 작성자 탁상 모의; 실제 에이전트 실행 아님
021,위임형,회계사 (자문·실사),인수 대상의 EBITDA에 일회성 보조금이 포함되고 매출채권 회수와 재고 가치가 부풀려져 정상 운전자본이 다툼이 됨,반복매출로 분류한 계약에 일회성 설치비와 취소분이 섞임,M52·M53: 수익의 질·정상화 EBITDA·운전자금 재작성,매도자가 자료 수정을 인정하고 가상 원장 대사도 일치,M25·M42: 발견사항을 가격 조정·계약 인계에 반영,재무실사·가격 조정 근거 패키지 종결 경로 있음,범위 내 종결 경로,해당 없음: 동일 사례를 불필요하게 반복하지 않음,범위 내 종결 경로,단계별 사건·도구 응답을 가정한 작성자 탁상 모의; 실제 에이전트 실행 아님
022,위임형,관세사,복합 전자제품의 세번이 다투어지고 해외산 부품으로 바뀐 뒤에도 공급사가 예전 원산지 확인서를 보냄,부품 변경으로 기능·원산지 계산 전제가 바뀜,M07·M25·M53: 제품 판본별 분류·원산지 증빙을 재연결,공급사가 옛 확인서만 제공하고 기관 사전심사 미회신,M18·M35·M39: 미확정 분류·증빙과 신고 일정의 대안 관리,"심사·신고 준비 가능, 물품 사실·기관 판단 대기",외부 결과·관측 대기,해당 없음: 동일 사례를 불필요하게 반복하지 않음,외부 결과·관측 대기,단계별 사건·도구 응답을 가정한 작성자 탁상 모의; 실제 에이전트 실행 아님
023,위임형,노무사 (자문·급여),합병한 두 회사의 고정수당과 교대근무 기록이 달라 초과근로수당 소급 정산과 임금체계 개편을 함께 요구받음,근태 누락과 보상항목 해석 차이가 급여를 바꿈,M52·M53: 사실 대사와 적용 해석을 분리해 계산,근태 원본과 이 업무에 고정한 급여 규칙이 확인됨,M21·M42: 대상자별 재계산·소급 영향·명세서 대사,명시된 규칙과 자료 아래 급여 정정 패키지 종결 경로 있음,범위 내 종결 경로,해당 없음: 동일 사례를 불필요하게 반복하지 않음,범위 내 종결 경로,단계별 사건·도구 응답을 가정한 작성자 탁상 모의; 실제 에이전트 실행 아님
024,위임형,노무사 (분쟁 대리),저성과 해고의 평가 기록이 사후 작성됐다는 주장이 나오고 노조 활동·괴롭힘·임금 쟁점이 함께 제기됨,해고 사유 기록이 뒤늦게 작성됐다는 메타데이터 발견,M18·M35: 사건 시간축·진술·입증 계획을 수정,노동위원회 이후 법원 단계 검토가 필요해짐,M27·M39: 절차별 업무 범위와 담당 전문 수행을 분리,"주장·증거·절차 준비 가능, 심판 결과·후속 대리는 외부 의존",외부 결과·관측 대기,해당 없음: 동일 사례를 불필요하게 반복하지 않음,외부 결과·관측 대기,단계별 사건·도구 응답을 가정한 작성자 탁상 모의; 실제 에이전트 실행 아님
025,위임형,노무사 (산재),장기간 여러 공장에서 일한 근로자가 질병을 진단받았지만 작업환경 측정과 과거 업무 기록이 부족하고 회사가 관련성을 부인함,노출 이력과 의학 소견이 어긋나 직업성 가설이 갈림,M18·M25: 작업·시간·의학 의견을 분리하고 추가 근거 지정,사업주가 현장자료 제출을 거부하고 추가 의료평가 지연,M35·M39: 취득·보완 경로·기한·미확인 인과를 유지,"산재 자료·신청 경로 가능, 인과 판단·기관 결과는 대기",외부 결과·관측 대기,해당 없음: 동일 사례를 불필요하게 반복하지 않음,외부 결과·관측 대기,단계별 사건·도구 응답을 가정한 작성자 탁상 모의; 실제 에이전트 실행 아님
026,위임형,공인중개사 (주거),임대인이 대리인에게 계약을 맡겼는데 선순위 권리와 임차보증금 설명이 다르고 잔금 전 새 담보가 설정됨,잔금 직전 새 권리와 점유 변경 신호 도착,M18·M31·M35: 기존 확인·잔금 선행조건을 재검토,매도자가 즉시 송금을 요구하지만 현장 인도 확인 불가,M33·M39·M40: 대체 확인·일정 조정·미실행 효과를 비교,"계약·잔금 계획 가능, 권리·인도 확인 없이 거래 완료 불가",외부 결과·관측 대기,해당 없음: 동일 사례를 불필요하게 반복하지 않음,외부 결과·관측 대기,단계별 사건·도구 응답을 가정한 작성자 탁상 모의; 실제 에이전트 실행 아님
027,위임형,공인중개사 (상가·빌딩),매도자가 만실 수익률을 제시했지만 무상임대 기간·체납·만기집중이 있고 임차인이 시설 투자 보상을 요구함,임대료 장부 중 일부가 실제 미수이며 수선비도 누락,M52·M53: 순수익·보증금·현금수지를 재작성,임차인 확인과 현장 수선 견적이 서로 다름,M18·M38·M39: 차이 검증·임대조건·인도 협의 연결,"가격·조건 대안 가능, 실사·당사자 합의는 미정",외부 결과·관측 대기,해당 없음: 동일 사례를 불필요하게 반복하지 않음,외부 결과·관측 대기,단계별 사건·도구 응답을 가정한 작성자 탁상 모의; 실제 에이전트 실행 아님
028,위임형,공인중개사 (토지·개발),저렴한 토지가 있으나 진입도로는 타인 소유이고 경계·용도·농지전용 가능성에 관해 매도인 설명이 엇갈림,진입로 이용 조건과 실제 경계가 광고 설명과 다름,M07·M18·M34: 개발 가능 가정을 취소하고 조건부 매매안 재작성,경계 측량·관청 확인이 매도자의 요구 일정에 맞지 않음,M35·M38·M39: 확인 선행조건·계약 일정·철회 대안 제시,"개발·거래 판단 근거 준비, 현장·기관 확인 대기",외부 결과·관측 대기,해당 없음: 동일 사례를 불필요하게 반복하지 않음,외부 결과·관측 대기,단계별 사건·도구 응답을 가정한 작성자 탁상 모의; 실제 에이전트 실행 아님
029,위임형,경매사,낮은 감정가의 경매 물건에 선순위 임차인 주장과 점유 불일치가 있고 대출은 낙찰 후 재심사 예정임,점유자 주장과 매각 자료가 다르고 수리비 증가,M25·M53: 권리·점유·총취득비를 재구성,의뢰인은 경쟁 입찰가 이상 지불과 목표 수익률 유지를 동시에 고수,M33·M34: 고정 수입·비용에서 허용 상한과 요구 입찰가 충돌 검출,"해당 가격에서 원래 수익 목표 불가, 입찰가·목표·참여 여부 조정 필요",목표·조건 조정 필요,해당 없음: 동일 사례를 불필요하게 반복하지 않음,목표·조건 조정 필요,단계별 사건·도구 응답을 가정한 작성자 탁상 모의; 실제 에이전트 실행 아님
030,위임형,감정평가사,수용 예정 토지의 비교거래는 적고 용도·오염·특수권리 때문에 거래 당사자들이 서로 다른 가격을 주장함,비교 거래 하나가 특수관계 거래로 밝혀짐,M18·M53: 비교 표본·보정·가치 범위를 재계산,현장 용도와 공부 차이에 대한 확인 미완료,M21·M39: 평가 전제·대안 결과·필요 확인 분리,"평가모형·초안 가능, 현장·자격 수행 확정 대기",외부 결과·관측 대기,해당 없음: 동일 사례를 불필요하게 반복하지 않음,외부 결과·관측 대기,단계별 사건·도구 응답을 가정한 작성자 탁상 모의; 실제 에이전트 실행 아님
031,위임형,건축사 (주택·소규모 건축),협소 대지에서 주차·채광·계단·예산을 맞췄는데 실측 경계와 기존 구조가 도면과 다름,실측에서 기존 벽체·설비 위치가 도면과 다름,M07·M25·M35: 공간·설비·법규 요구와 설계 객체 갱신,예산·일정 안에 대체안이 있고 모의 간섭검사 통과,M09·M42: 평면·도면·물량을 동기화하고 수정 범위 검수,제공된 실측·규칙 아래 설계 인계 경로 있음; 허가·시공은 별도,범위 내 종결 경로,해당 없음: 동일 사례를 불필요하게 반복하지 않음,범위 내 종결 경로,단계별 사건·도구 응답을 가정한 작성자 탁상 모의; 실제 에이전트 실행 아님
032,위임형,건축사 (대형·공공 건축),병원 증축 설계에서 피난동선·덕트·보·장비 반입공간이 충돌하고 발주처가 운영 중 공사를 요구함,구조·설비·피난 변경이 같은 공간을 요구,M04·M25·M53: 분야별 제약을 공동 모델에서 대조,"건물 외형·정원·예산·기간은 모두 고정, 모의 해석에서 가능한 배치 없음",M34·M35·M43: 각자의 부분 합격 대신 통합 불가능성을 보고,설계 요구 중 최소 하나의 조정 필요,목표·조건 조정 필요,해당 없음: 동일 사례를 불필요하게 반복하지 않음,목표·조건 조정 필요,단계별 사건·도구 응답을 가정한 작성자 탁상 모의; 실제 에이전트 실행 아님
033,위임형,기술사 (구조),공장에 무거운 설비를 올리려는데 기존 철근·재료 강도와 도면이 불확실하고 바닥 진동 민원도 있음,재료시험이 가정 강도보다 낮고 하중 정보도 추가됨,M18·M53·M54: 기존 안전성 결과 무효화·보강 대안 해석,핵심 접합부를 조사할 수 없어 모형 전제가 남음,M39·M42: 조사 범위·임시 제한·미검증 전제를 연결,"해석·보강 후보 가능, 실측·독립 검토 없이는 안전성 확정 불가",외부 결과·관측 대기,해당 없음: 동일 사례를 불필요하게 반복하지 않음,외부 결과·관측 대기,단계별 사건·도구 응답을 가정한 작성자 탁상 모의; 실제 에이전트 실행 아님
034,위임형,기술사 (기계·전기 설비),데이터센터 냉각을 절감하려다 특정 랙 과열과 예비 전원 전환 시 냉각 중단이 발견됨,센서·계측을 해야 장애 판단이 가능하나 해당 기능은 장애 확인 때만 활성화됨,M35·M50: 조건 판정에 필요한 관측 기능의 선행 활성화가 명시돼 있지 않아 조립 해석이 갈림,운전팀은 고장 확정 전 계측 작업을 만들지 않음,M07·M37·M54: 실행 기능과 판정용 관측의 의존을 분리해야 순환 대기 해소,조건 판정 자체의 의존을 먼저 조립한다는 명시 보완 필요,조건 명세 강화 필요,진단용 계측을 먼저 요청할 수 있도록 분리. 자체 권한·현장 일정 확인 뒤 취득하며 고장 확인과 수리 실행 권한은 별개. 현장 수행·계측 결과 대기.,외부 결과·관측 대기,단계별 사건·도구 응답을 가정한 작성자 탁상 모의; 실제 에이전트 실행 아님
035,위임형,보험설계사 (생명·장기),고객이 보험료를 줄이려 기존 계약을 해지하려 하지만 새 계약에는 과거 질환 관련 조건과 보장 공백 가능성이 있음,기존 계약의 보장·해지 비용이 새 제안보다 유리한 부분 확인,M21·M53: 유지·추가·전환안을 비용·보장·기간별 재비교,고객이 모든 보장 확대와 보험료 인하를 요구하고 해당 상품 조합 없음,M34·M38: 설명·이해 확인 후 보장·가격·위험 목표 조정 요청,현재 상품·예산에서 동시 목표 불가능,목표·조건 조정 필요,해당 없음: 동일 사례를 불필요하게 반복하지 않음,목표·조건 조정 필요,단계별 사건·도구 응답을 가정한 작성자 탁상 모의; 실제 에이전트 실행 아님
036,위임형,보험설계사 (손해·자동차),배달 차량이 일반 용도로 가입돼 있고 사업장 특약도 실제 운영과 달라 사고 접수에서 보장 다툼이 생김,실제 운행·사업장 용도가 청약 정보와 다름,M17·M21: 위험 사실·담보·고지 필요를 다시 구성,보험사가 추가 실사·조건 변경 검토 요청,M35·M38·M39: 고객 설명·보완·갱신 공백 대안 연결,"설계·청약 준비 가능, 인수 결정과 실사 대기",외부 결과·관측 대기,해당 없음: 동일 사례를 불필요하게 반복하지 않음,외부 결과·관측 대기,단계별 사건·도구 응답을 가정한 작성자 탁상 모의; 실제 에이전트 실행 아님
037,위임형,보험계리사,장기보험의 해지율·손해율이 예측과 달라지고 재보험 변경·금리 변화까지 겹쳐 수익성과 준비금이 흔들림,경험데이터에서 해지 건 중복과 관측기간 혼합 발견,M52·M53: 노출·발생률·가정의 기준을 재작성,독립 계산이 새 가정의 준비금·민감도 결과를 일치하게 반환,M43·M54: 이전 차이 원인·스트레스·허용 범위 점검,주어진 가정과 데이터에서 계리 산출·검증 패키지 종결 경로 있음,범위 내 종결 경로,해당 없음: 동일 사례를 불필요하게 반복하지 않음,범위 내 종결 경로,단계별 사건·도구 응답을 가정한 작성자 탁상 모의; 실제 에이전트 실행 아님
038,위임형,손해사정사 (재물·배상),공장 화재 후 소실 재고와 기존 불량이 섞이고 휴업기간 중 주문 취소가 화재 때문인지 경기 악화 때문인지 다툼,누수 원인 설명과 손상 시점 기록이 어긋남,M18·M53: 인과·손해액·보상 해석을 별도 유지,현장 접근이 제한되고 수리 후 원상 관측 불가,M07·M39·M47: 남은 원본·대체 근거·미확인 범위 보존,"산정 대안 가능, 실제 원인·최종 손해 확정은 외부 의존",외부 결과·관측 대기,해당 없음: 동일 사례를 불필요하게 반복하지 않음,외부 결과·관측 대기,단계별 사건·도구 응답을 가정한 작성자 탁상 모의; 실제 에이전트 실행 아님
039,위임형,손해사정사 (신체·질병),사고 후 장해 청구에서 기존 질환과 새 손상이 섞이고 진단서마다 기능 제한 평가가 다름,추가 진료기록이 기존 장해·발병 시점 설명을 바꿈,M18·M25: 의료 사실·의견·약관 판단을 다시 연결,의료기관 간 소견이 갈리고 추가 평가 필요,M21·M39·M43: 다른 전제·근거를 비교하고 의학 판단 지원 계수,"보험금 검토·쟁점표 가능, 의학적 결론·지급 결정 대기",외부 결과·관측 대기,해당 없음: 동일 사례를 불필요하게 반복하지 않음,외부 결과·관측 대기,단계별 사건·도구 응답을 가정한 작성자 탁상 모의; 실제 에이전트 실행 아님
040,위임형,투자자문사,고객 회사 주식에 자산이 집중돼 있는데 주택 잔금이 예정돼 있고 시장 하락 시 거래가 어려움,고객의 현금 필요가 앞당겨지고 포트폴리오 상관도 상승,M33·M53: 유동성·집중·하락 시나리오 재계산,고객은 손실 가능성 없이 기존 목표 수익률을 보장하라고 요구,M34·M38: 보장할 수 없는 성과와 가능한 위험 조정안을 구분,"원래 보장 요구 충족 불가, 목표·위험·기간 조정 필요",목표·조건 조정 필요,해당 없음: 동일 사례를 불필요하게 반복하지 않음,목표·조건 조정 필요,단계별 사건·도구 응답을 가정한 작성자 탁상 모의; 실제 에이전트 실행 아님
041,위임형,재무설계사,맞벌이 가정이 조기은퇴를 원하지만 부모 돌봄·자녀 학비·변동금리 대출이 겹치고 부부 목표가 다름,부모 돌봄비 증가와 한 배우자의 소득 중단을 가정,M25·M53: 생애현금·보장·부채 계획 재계산,"두 사람 모두 은퇴일·소비·유산 목표 변경을 거부, 자산 부족",M34·M38: 우선순위와 제약 위반 시점을 구체화,현재 자산에서 모든 목표 동시 달성 불가능,목표·조건 조정 필요,해당 없음: 동일 사례를 불필요하게 반복하지 않음,목표·조건 조정 필요,단계별 사건·도구 응답을 가정한 작성자 탁상 모의; 실제 에이전트 실행 아님
042,위임형,대출상담사 (주택·개인),이직 직후 차주가 잔금대출을 신청하지만 소득 인정자료와 기존 대출 만기·담보평가가 맞지 않음,잔금 전 신용·고용 정보가 바뀌어 기존 한도 조회 무효,M13·M25·M53: 대출 조건·상환·잔금 차액 재비교,은행이 추가 서류와 재심사를 요구,M35·M39: 보완·기한·대체 금융 가능 범위 연결,"신청·비교 자료 가능, 승인·실행 결과 대기",외부 결과·관측 대기,해당 없음: 동일 사례를 불필요하게 반복하지 않음,외부 결과·관측 대기,단계별 사건·도구 응답을 가정한 작성자 탁상 모의; 실제 에이전트 실행 아님
043,위임형,대출상담사 (사업자·기업),수주한 기업의 운전자금이 부족한데 매출채권 담보·기존 보증·시설대출 약정이 서로 제한을 만듦,계열 보증의 지급 가능성과 담보 선순위가 추가 확인,M25·M33·M53: 가용 담보·노출·차환 현금 재산정,대주가 조건부 승인을 내지만 보증기관 확인 미도착,M31·M35: 조건부 승인을 실행 가능 상태와 구분,"조달 전략·서류 가능, 보증·대주 실행 의존",외부 결과·관측 대기,해당 없음: 동일 사례를 불필요하게 반복하지 않음,외부 결과·관측 대기,단계별 사건·도구 응답을 가정한 작성자 탁상 모의; 실제 에이전트 실행 아님
044,위임형,의사 (만성질환),여러 진료기관을 다니는 환자의 가정 측정과 진료실 수치가 다르고 복약 누락·검사 공백이 발견됨,새 환자 보고가 기존 추적 기록과 불일치하고 검사 필요성이 생김,M18·M25·M38: 진술·측정·추정을 분리해 필요한 확인을 구성,검사 결과와 직접 평가가 아직 없음,M39·M36: 확인 전 가능한 설명·연계와 확정할 수 없는 판단을 구분,"추적·질문·연계 계획 가능, 임상 판단·처치는 외부 확인 의존",외부 결과·관측 대기,해당 없음: 동일 사례를 불필요하게 반복하지 않음,외부 결과·관측 대기,단계별 사건·도구 응답을 가정한 작성자 탁상 모의; 실제 에이전트 실행 아님
045,위임형,의사 (정신건강),수면·활동·기분 변화에 대해 환자와 가족 설명이 다르고 치료 중단·부작용 의심·일상 기능 저하가 동반됨,본인 설명과 가족 관찰이 다르고 최근 기능 변화가 보고됨,M18·M25·M38: 정보원별 근거·비밀·관계와 평가 필요를 구분,실제 면담·전문 평가에서만 확인 가능한 부분이 남음,M39·M43: 필요한 평가·위기 연계·전문 기여를 기록,"평가 준비·연계 가능, 진단·치료 성과 종결은 불가",외부 결과·관측 대기,해당 없음: 동일 사례를 불필요하게 반복하지 않음,외부 결과·관측 대기,단계별 사건·도구 응답을 가정한 작성자 탁상 모의; 실제 에이전트 실행 아님
046,위임형,심리상담사 (개인),직장 갈등으로 시작한 상담이 반복되는 관계 패턴과 회피로 이어지고 내담자는 과제 수행 없이 같은 어려움을 호소함,상담자가 세운 가설과 다른 행동 패턴을 내담자가 제시,M22·M25·M38: 사례개념화·개입 목표를 갱신,내담자는 설명에는 동의하지만 회기 밖 변화가 아직 없음,M45·M51: 동의를 효과로 세지 않고 다음 관찰·개입 평가 연결,"적응적 상담 경로 있음, 관계·기능 변화는 실제 상호작용 의존",외부 결과·관측 대기,해당 없음: 동일 사례를 불필요하게 반복하지 않음,외부 결과·관측 대기,단계별 사건·도구 응답을 가정한 작성자 탁상 모의; 실제 에이전트 실행 아님
047,위임형,심리상담사 (아동·청소년),등교 거부 아동의 행동이 학교와 집에서 다르고 부모가 서로 다른 원인을 주장하며 아이는 상담 자체를 거부함,보호자와 아동이 서로 다른 상담 목표·정보 공유를 요청,M31·M38: 동의·비밀·발달 맥락을 구분,학교 관찰과 직접 놀이·상호작용 자료 미확보,M07·M39: 자료 취득·관계 개입·평가 주체를 연결,"상담 설계 가능, 아동 관찰·실제 효과 대기",외부 결과·관측 대기,해당 없음: 동일 사례를 불필요하게 반복하지 않음,외부 결과·관측 대기,단계별 사건·도구 응답을 가정한 작성자 탁상 모의; 실제 에이전트 실행 아님
048,위임형,심리상담사 (부부·가족),부부가 갈등의 책임을 상대에게 돌리고 개별 면담의 비밀이 공동 회기에 영향을 주며 자녀 문제까지 연결됨,한 배우자가 비밀 정보를 제공하고 다른 배우자가 전면 공유 요구,M27·M31·M38: 상담계약·관계·비밀 경계를 재검토,두 사람은 조정 대화 참여 여부부터 합의하지 못함,M34·M39: 가능한 개별 확인·공동 작업 범위·전문 지원을 구분,"절차·중재 경로 가능, 상대의 참여·관계 변화는 강제할 수 없음",외부 결과·관측 대기,해당 없음: 동일 사례를 불필요하게 반복하지 않음,외부 결과·관측 대기,단계별 사건·도구 응답을 가정한 작성자 탁상 모의; 실제 에이전트 실행 아님
049,위임형,영양사,"만성질환과 알레르기가 있는 교대근무자가 식단을 지키지 못하고, 예산·조리시설·선호가 권장 식사와 맞지 않음",식사 일지와 실제 구매·섭취 설명이 달라짐,M18·M53: 섭취 추정·영양·비용 제약을 다시 계산,고객이 가능한 식단을 선택하지만 실천·몸 상태 자료는 아직 없음,M38·M51: 이해·실천 계획과 추적 조건 설정,"식단·상담 계획 가능, 실제 건강·행동 효과는 외부 관찰 의존",외부 결과·관측 대기,해당 없음: 동일 사례를 불필요하게 반복하지 않음,외부 결과·관측 대기,단계별 사건·도구 응답을 가정한 작성자 탁상 모의; 실제 에이전트 실행 아님
050,위임형,번역가 (산업·법률 문서),설비 계약서와 부속 기술사양의 동일 용어가 다르게 쓰이고 원문 수치·면책 문장이 모호함,원문 부정어와 정의된 용어가 번역에서 반대로 연결된 것을 발견,M21·M25·M43: 해당 조항과 참조 전체의 번역을 수정,원문 모호성에 대해 발주자가 해석을 덧붙이지 말라고 확정,M09·M42: 모호성 보존·수치·참조·변경추적을 검수,주어진 원문·지침 아래 번역 납품 경로 있음,범위 내 종결 경로,해당 없음: 동일 사례를 불필요하게 반복하지 않음,범위 내 종결 경로,단계별 사건·도구 응답을 가정한 작성자 탁상 모의; 실제 에이전트 실행 아님
051,위임형,번역가 (출판·문학),화자별 말투와 장기 복선이 있는 소설에서 후반 원고가 바뀌고 시대어를 현대어로 바꾸면 인물관계가 달라짐,후반 반전이 바뀌어 앞부분 화자 말투가 복선을 노출,M23·M25: 인물·화자·복선 관련 구간만 재검토,모의 독자·편집 의견이 의미 보존과 리듬 개선안에 일치,M22·M46: 전권 일관성·읽기 경험·판본 검수,제공된 독자 피드백 아래 번역·교정 종결 경로 있음,범위 내 종결 경로,해당 없음: 동일 사례를 불필요하게 반복하지 않음,범위 내 종결 경로,단계별 사건·도구 응답을 가정한 작성자 탁상 모의; 실제 에이전트 실행 아님
052,위임형,번역가 (영상·게임 현지화),게임의 성별·선택지에 따라 다른 대사가 한 문자열을 공유하고 화면 폭·음성 길이가 언어별로 달라 오류가 생김,공유 문자열이 다른 성별·장면에서 어긋나고 버튼 폭 초과,M07·M25: 키·분기·변수와 장면을 구분해 번역 분리,모의 빌드가 분기·자막 싱크·레이아웃 수정 통과를 반환,M10·M42: 실제 사용 조건별 검수 결과와 번역판본 연결,주어진 빌드 응답 아래 현지화 인수 경로 있음,범위 내 종결 경로,해당 없음: 동일 사례를 불필요하게 반복하지 않음,범위 내 종결 경로,단계별 사건·도구 응답을 가정한 작성자 탁상 모의; 실제 에이전트 실행 아님
053,위임형,통역사 (국제회의 동시통역),연사가 발표자료와 다른 숫자를 말하고 동시 발언·빠른 발화·음질 저하로 부정어와 단위가 불명확해짐,원음 손실로 숫자 한 구간은 복원 불가,M08·M42: 숫자를 추정해 전달하지 않고 불명 구간 표시·확인 요청,연사는 재발언을 거부하고 청중은 무누락·즉시 전달을 요구,M36·M38: 지연·정확성·입력 손실의 한계를 구분,잃어버린 정보를 즉시 정확히 전할 목표는 불가능,목표·조건 조정 필요,해당 없음: 동일 사례를 불필요하게 반복하지 않음,목표·조건 조정 필요,단계별 사건·도구 응답을 가정한 작성자 탁상 모의; 실제 에이전트 실행 아님
054,위임형,통역사 (비즈니스·법정),협상 당사자가 의도적으로 모호한 표현을 쓰고 통역사에게 유리하게 풀어 설명해 달라고 요구함,당사자가 조건부 약속을 확정 약속처럼 통역하라고 압박,M27·M38: 발화 수준을 유지하고 역할 경계를 표시,당사자가 원래 조건 표현을 확인하고 상대도 그 뜻으로 응답,M08·M42: 발언·확인·합의 수준 대조,제공된 발화·응답 아래 통역 세션 종결 경로 있음,범위 내 종결 경로,해당 없음: 동일 사례를 불필요하게 반복하지 않음,범위 내 종결 경로,단계별 사건·도구 응답을 가정한 작성자 탁상 모의; 실제 에이전트 실행 아님
055,위임형,카피라이터,무료체험 광고는 클릭이 높지만 유료 전환 조건을 오해한 고객의 해지가 늘고 제품이 약속한 효익을 뒷받침하지 못함,클릭 높은 카피에서 자동 유료전환 오해가 확인,M18·M22: 효익·조건·사용자 이해를 기준으로 카피 재작성,모의 실험에서 전환은 소폭 감소하지만 오해·환불 감소,M51·M54: 클릭 대신 실제 목표·공헌·이해 지표로 선택,주어진 실험 결과 아래 카피 선정·납품 경로 있음,범위 내 종결 경로,해당 없음: 동일 사례를 불필요하게 반복하지 않음,범위 내 종결 경로,단계별 사건·도구 응답을 가정한 작성자 탁상 모의; 실제 에이전트 실행 아님
056,위임형,외주 개발 (웹·앱),예약 서비스 개발 중 중복 결제와 일정 충돌이 발견되고 발주자가 관리자 기능을 추가하면서 출시일은 유지하길 원함,결제 응답 유실과 예약 충돌이 재현됨,M25·M35: 거래 불변조건·중복 방지·변경 범위부터 수정,발주자가 추가 기능·출시일·예산 모두 고수하고 가능 작업량 초과,M33·M35·M38: 필수 수정과 확장 요구의 자원 충돌 제시,"원래 모든 기능의 납기 충족 불가, 범위·시간·예산 조정 필요",목표·조건 조정 필요,해당 없음: 동일 사례를 불필요하게 반복하지 않음,목표·조건 조정 필요,단계별 사건·도구 응답을 가정한 작성자 탁상 모의; 실제 에이전트 실행 아님
057,위임형,외주 개발 (시스템 구축·SI),기존 ERP의 고객·상품 코드가 서로 달라 이관 후 매출·재고·회계 잔액이 맞지 않고 양 시스템이 동시에 쓰임,시험 이관 건수는 같지만 코드 매핑으로 재고·회계 잔액 불일치,M52·M42: 의미·코드·금액·권한 기준으로 대사·수정,모의 cutover에서 쓰기 차단·증분 이관·복구·업무 검수 통과,M03·M35·M40: 전환 판본·인수·복구 결과 연결,명시한 전환 환경 아래 SI 인수 경로 있음,범위 내 종결 경로,해당 없음: 동일 사례를 불필요하게 반복하지 않음,범위 내 종결 경로,단계별 사건·도구 응답을 가정한 작성자 탁상 모의; 실제 에이전트 실행 아님
058,위임형,영상 제작자 (광고·홍보),제품 광고 촬영 후 핵심 기능이 변경되고 재촬영 예산은 없는데 가로·세로 버전과 자막·권리 조건을 모두 맞춰야 함,촬영된 제품 기능이 변경되어 기존 컷의 표현이 사실과 다름,M18·M25: 광고 주장과 컷·자막·음성을 함께 무효화,재촬영 없이도 사실에 맞는 편집안이 있고 매체별 모의 재생 통과,M09·M42·M40: 가로·세로·자막·권리·원본 묶음 검수,주어진 소스·재생 응답 아래 광고 영상 납품 경로 있음,범위 내 종결 경로,해당 없음: 동일 사례를 불필요하게 반복하지 않음,범위 내 종결 경로,단계별 사건·도구 응답을 가정한 작성자 탁상 모의; 실제 에이전트 실행 아님
059,고용형,경영기획,사업부들은 매출 확대를 요청하지만 모두 같은 개발팀·설비에 의존하고 매출 증가에도 전사 현금은 악화됨,두 사업부 투자안이 동일 설비와 개발자 전 시간을 각각 전제,M25·M33·M53: 전사 자원·현금 기준으로 통합 계산,경영진이 두 출시일·투자규모·차입 한도를 모두 고정,M34·M35: 자원 중복과 현금 부족 시점을 제시,"개별안이 좋아도 전사 동시 실행 불가능, 우선순위 조정 필요",목표·조건 조정 필요,해당 없음: 동일 사례를 불필요하게 반복하지 않음,목표·조건 조정 필요,단계별 사건·도구 응답을 가정한 작성자 탁상 모의; 실제 에이전트 실행 아님
060,고용형,전략,기존 제품 매출이 줄어 신규시장에 진입하려는데 고객 인터뷰는 긍정적이지만 구매 의사와 유통 경제성이 확인되지 않음,호의적 인터뷰 고객들이 실제 가격에서는 구매를 거절,M18·M34: 시장 진입 가설을 구매·유통 경제성으로 재정의,작은 모의 판매에서 특정 세그먼트만 유료 수요 확인,M53·M54: 전체 확대 대신 한정 실증·중단 조건 선택,제공된 시장 반응 아래 단계적 진입 결정안 종결 경로 있음,범위 내 종결 경로,해당 없음: 동일 사례를 불필요하게 반복하지 않음,범위 내 종결 경로,단계별 사건·도구 응답을 가정한 작성자 탁상 모의; 실제 에이전트 실행 아님
061,고용형,사업개발,유통사가 독점권과 최소 물량을 요구하지만 내부 제품팀은 고객 맞춤개발을 감당하기 어렵고 파트너 매출 예측도 불확실함,유통사 최소물량 요구가 내부 공급능력을 초과,M35·M53: 독점·물량·개발 약속의 통합 비용 산정,유통사가 파일럿·조건 축소를 거부,M33·M38: 이행 불가능한 약속을 제외하고 결렬 대안 확인,현 조건으로 성사·이행 동시 달성 불가,목표·조건 조정 필요,해당 없음: 동일 사례를 불필요하게 반복하지 않음,목표·조건 조정 필요,단계별 사건·도구 응답을 가정한 작성자 탁상 모의; 실제 에이전트 실행 아님
062,고용형,인사 (평가·보상),영업 실적이 반품 전 매출로 평가돼 성과급이 부풀고 지원부서는 성과가 인정되지 않아 이의가 제기됨,반품과 지원부서 공동 기여를 반영하면 성과급 순위가 바뀜,M52·M53: 성과 귀속·산정 규칙·소급 영향 분리,권한 있는 기구가 수정 규칙·이의절차를 확정,M25·M42: 대상자별 재계산·설명·이의 기록 연결,주어진 확정 규칙 아래 평가·보상 정정 경로 있음,범위 내 종결 경로,해당 없음: 동일 사례를 불필요하게 반복하지 않음,범위 내 종결 경로,단계별 사건·도구 응답을 가정한 작성자 탁상 모의; 실제 에이전트 실행 아님
063,고용형,인사 (조직·인재개발),관리자 교육 만족도는 높지만 현장 행동은 바뀌지 않고 조직 개편 뒤 책임 공백과 핵심인재 이탈이 늘어남,교육 수료자는 늘었지만 업무 승인 병목 때문에 행동 변화 없음,M18·M34: 역량 문제와 조직 권한·보상 문제를 분리,관리자가 새 역할을 수용하나 현장 적용 기간은 아직 없음,M35·M38·M51: 교육·조직 조치와 행동 관찰을 묶음,"개선안 준비 가능, 실제 조직 행동·유지 효과는 추적 필요",외부 결과·관측 대기,해당 없음: 동일 사례를 불필요하게 반복하지 않음,외부 결과·관측 대기,단계별 사건·도구 응답을 가정한 작성자 탁상 모의; 실제 에이전트 실행 아님
064,고용형,채용,채용부서는 다재다능한 시니어를 원하지만 예산이 낮고 면접관마다 기준이 달라 좋은 후보가 이탈함,면접관 기준 불일치로 유효 후보가 탈락한 사실 확인,M21·M35: 역할별 과업·증거·평가 기준 재합의,보상 상향·역할 축소 없이 희소 숙련자를 즉시 채용하라고 요구,M33·M38: 현재 후보·예산·기한의 불일치 제시,"고정 조건에서 즉시 채용 보장 불가, 역할·보상·기간 조정 필요",목표·조건 조정 필요,해당 없음: 동일 사례를 불필요하게 반복하지 않음,목표·조건 조정 필요,단계별 사건·도구 응답을 가정한 작성자 탁상 모의; 실제 에이전트 실행 아님
065,고용형,회계,연결대상 회사의 마감일·계정이 다르고 기말 배송·검수 조건과 내부거래 미실현이익이 결산 수치를 바꿈,자회사 기말 매출에 미검수와 내부거래가 섞임,M52·M53: 계정·기간·거래상대 대사와 연결 조정,모의 외부 확인·상대법인 대사가 조정값을 확인,M25·M42: 재무제표·주석·조정분개 판본을 일치시킴,주어진 원장·정책 아래 연결결산 패키지 종결 경로 있음,범위 내 종결 경로,해당 없음: 동일 사례를 불필요하게 반복하지 않음,범위 내 종결 경로,단계별 사건·도구 응답을 가정한 작성자 탁상 모의; 실제 에이전트 실행 아님
066,고용형,재무,신공장 투자안은 수익성이 좋지만 초기 손실·약정·배당 요구 때문에 자금조달과 신용 여력에 부담이 생김,신공장 수익은 양수지만 첫해 현금 4 부족,M33·M53: 수익성·현금·약정별 대안 비교,배당·투자·차입 제한을 모두 유지하라는 지시,M34·M38: 단계 투자·배당 조정·자금조달 중 필요한 선택 제시,원래 조건으로 자금계획 실행 불가,목표·조건 조정 필요,해당 없음: 동일 사례를 불필요하게 반복하지 않음,목표·조건 조정 필요,단계별 사건·도구 응답을 가정한 작성자 탁상 모의; 실제 에이전트 실행 아님
067,고용형,자금,세금·급여·매입대금이 같은 날 몰리고 큰 고객 입금이 지연됐는데 은행 이체 한 건의 처리 여부도 불명확함,은행 응답 유실로 세금 이체의 처리 여부 불명,M03·M10·M25: 재전송 없이 실행 의도·은행 조회로 상태 확인,은행 조회가 원거래 성공을 반환하고 급여 부족분은 별도 확인,M33·M53·M42: 중복 지급 차단·잔액 재대사·지급순서 조정,주어진 은행 응답 아래 지급·대사 종결 경로 있음,범위 내 종결 경로,해당 없음: 동일 사례를 불필요하게 반복하지 않음,범위 내 종결 경로,단계별 사건·도구 응답을 가정한 작성자 탁상 모의; 실제 에이전트 실행 아님
068,고용형,원가,생산량이 줄어 고정비 배부가 급증했는데 영업은 일부 제품의 단종을 요청하고 부산물 수익과 재작업비도 섞임,저생산량 배부가 제품 적자를 부풀리고 부산물 수익 누락,M52·M53: 회피 가능한 원가·공통 고정비·부산물 분리,모의 생산 자료에서 단종해도 고정비 대부분 존속 확인,M34·M42: 단종 판단을 증분손익으로 재작성,주어진 비용 구조에서 제품·원가 의사결정안 종결 경로 있음,범위 내 종결 경로,해당 없음: 동일 사례를 불필요하게 반복하지 않음,범위 내 종결 경로,단계별 사건·도구 응답을 가정한 작성자 탁상 모의; 실제 에이전트 실행 아님
069,고용형,세무 (사내),해외 자회사 수수료·이전가격·배당·조직재편을 동시에 검토하며 회계처리와 세무상 설명이 다르고 주총 분쟁도 있음,절세 재편안의 회계 설명과 주총 자료가 다른 거래 전제를 사용,M18·M25·M53: 법인·기간·해석별 모델과 공통 사실을 분리,주주 반발로 안건·배당이 바뀌고 과세 해석은 확정되지 않음,M04·M34·M38: 재편·세후 현금·공시·의안의 교차 영향을 재비교,"전략·계산·문서 묶음 가능, 결의·해석·후속 요건은 외부 의존",외부 결과·관측 대기,해당 없음: 동일 사례를 불필요하게 반복하지 않음,외부 결과·관측 대기,단계별 사건·도구 응답을 가정한 작성자 탁상 모의; 실제 에이전트 실행 아님
070,고용형,펀드매니저 (주식),펀드 환매가 늘었는데 유동성 낮은 보유주식과 거래정지 종목이 있어 벤치마크 위험과 현금 마련이 충돌함,"환매 요구 10, 즉시 현금화 가능액 6으로 감소",M33·M53: 유동성·가격 충격·잔여 투자자 영향을 함께 계산,추가 자금·환매 일정 변경 수단이 주어진 조건에 없음,M34·M35: 모든 환매의 무손실 즉시 지급 불가를 표시,고정 자산·기간에서 원래 지급 목표 불가능,목표·조건 조정 필요,해당 없음: 동일 사례를 불필요하게 반복하지 않음,목표·조건 조정 필요,단계별 사건·도구 응답을 가정한 작성자 탁상 모의; 실제 에이전트 실행 아님
071,고용형,펀드매니저 (채권),금리 상승과 발행사 신용 악화가 겹쳐 가격이 하락하고 유동성이 줄었는데 평가가격은 실제 매도가와 차이가 큼,평가가격에 매도 가능한 호가가 없고 신용 위험 증가,M16·M53: 가격·현금화·금리·신용 모형을 분리,위임 범위 내 축소 주문을 냈으나 시장 체결 결과 미정,M10·M25·M33: 주문·체결·노출을 따로 추적,"재조정 판단은 가능, 실제 유동성·체결 결과 대기",외부 결과·관측 대기,해당 없음: 동일 사례를 불필요하게 반복하지 않음,외부 결과·관측 대기,단계별 사건·도구 응답을 가정한 작성자 탁상 모의; 실제 에이전트 실행 아님
072,고용형,대체투자 운용 (PE·부동산·인프라),PE 투자기업의 실적이 꺾여 약정 위반 우려가 생기고 추가출자·대출 연장·자산 매각의 이해관계가 충돌함,투자기업 약정 위반과 추가출자 요구가 동시에 발생,M25·M33·M53: 출자·차환·매각의 연결 손실 재산정,대주·주주가 서로 선행 양보를 요구,M38·M35: 조건부 합의·동시 충족 증거·결렬 대안 구성,"구조조정 대안 가능, 당사자 합의·외부 실행은 미정",외부 결과·관측 대기,해당 없음: 동일 사례를 불필요하게 반복하지 않음,외부 결과·관측 대기,단계별 사건·도구 응답을 가정한 작성자 탁상 모의; 실제 에이전트 실행 아님
073,고용형,애널리스트 (리서치),기업은 수주 급증을 발표했지만 선수금·취소·납기 자료가 달라 매출 전환과 마진 추정이 바뀜,수주 중 취소 가능분과 저마진 물량이 추가 확인,M18·M53: 매출 전환·마진·평가 가정 수정,회사의 추가 설명과 공시 원문이 일치하는 범위 확인,M43·M47: 반대 시나리오·근거·변경 이유를 보고서에 반영,주어진 자료에서 리서치 보고서 종결 경로 있음,범위 내 종결 경로,해당 없음: 동일 사례를 불필요하게 반복하지 않음,범위 내 종결 경로,단계별 사건·도구 응답을 가정한 작성자 탁상 모의; 실제 에이전트 실행 아님
074,고용형,트레이더,대량 주문 집행 중 가격이 급변하고 거래소 응답이 지연돼 일부 주문은 체결 여부를 모르는 상태가 됨,주문 확인 응답을 잃고 가격이 급변,M10·M25: 재주문 없이 원주문의 체결·취소 상태 조회,부분 체결·잔량 취소가 확인됨,M33·M53·M42: 실제 잔여 수량·가격·노출로 집행 계획 조정,주어진 체결 증거 아래 주문·잔고 대사 경로 있음,범위 내 종결 경로,해당 없음: 동일 사례를 불필요하게 반복하지 않음,범위 내 종결 경로,단계별 사건·도구 응답을 가정한 작성자 탁상 모의; 실제 에이전트 실행 아님
075,고용형,여신심사 (개인),대출자의 소득은 충분해 보이나 최근 신규채무와 계좌 거래가 신고소득과 맞지 않고 자동모형은 승인으로 나옴,최근 대출이 누락돼 상환부담이 자동모형 입력과 다름,M18·M52·M53: 검증된 소득·채무로 재계산,보완된 증빙과 가상 심사 규칙이 한도 축소를 지시,M31·M42: 허용 판단 범위·근거·조건을 대조,고정 심사 규칙 아래 조건부 심사의견 종결 경로 있음,범위 내 종결 경로,해당 없음: 동일 사례를 불필요하게 반복하지 않음,범위 내 종결 경로,단계별 사건·도구 응답을 가정한 작성자 탁상 모의; 실제 에이전트 실행 아님
076,고용형,여신심사 (기업),기업의 이익은 흑자인데 매출채권과 재고가 쌓이고 계열사 보증·차환 만기가 숨은 자금위험을 만듦,매출채권 회수가 늦고 계열 보증 지급이 현실화,M25·M33·M53: 유동성·담보·차환 시나리오 재산정,추가 담보·출자 없이 기존 조건 대출 유지 요구,M34·M35: 위험 한도와 조건 충돌 표시,주어진 위험 한도에서 기존 대출 조건 유지 불가,목표·조건 조정 필요,해당 없음: 동일 사례를 불필요하게 반복하지 않음,목표·조건 조정 필요,단계별 사건·도구 응답을 가정한 작성자 탁상 모의; 실제 에이전트 실행 아님
077,고용형,리스크 관리,여러 부서가 각자 한도 안이지만 같은 담보와 거래상대에 노출돼 공통 충격 때 손실·증거금이 동시에 증가함,같은 담보를 세 부서가 서로 독립 자산처럼 계산,M25·M53: 공동 담보·충격·증거금 수요로 재통합,개별 한도는 모두 통과하지만 통합 현금 한도 초과,M33·M34: 신규 노출·담보 이전·축소 대안 제시,현재 전사 한도로 모든 포지션 유지 불가,목표·조건 조정 필요,해당 없음: 동일 사례를 불필요하게 반복하지 않음,목표·조건 조정 필요,단계별 사건·도구 응답을 가정한 작성자 탁상 모의; 실제 에이전트 실행 아님
078,고용형,보험 언더라이터 (인수 심사),대형 사업장의 저렴한 갱신을 영업이 요구하지만 손해이력과 설비 상태가 악화됐고 같은 지역 누적 노출이 큼,새 시설 결함이 손해빈도·지역 누적노출을 높임,M18·M33·M53: 위험 사실·모형·조건별 가격 재검토,고객·영업은 무제한 담보와 기존 보험료를 고수,M34·M38: 인수 가능 조건과 금지 노출을 비교,고정 인수 한도에서 요구 조건 충족 불가,목표·조건 조정 필요,해당 없음: 동일 사례를 불필요하게 반복하지 않음,목표·조건 조정 필요,단계별 사건·도구 응답을 가정한 작성자 탁상 모의; 실제 에이전트 실행 아님
079,고용형,IB (인수·자금조달 주선),조달을 추진하던 회사에 실사상 회계 쟁점이 발견되고 투자자 수요가 약해져 가격·물량·조건을 바꿔야 함,회계 실사 쟁점으로 투자자 수요와 가격이 낮아짐,M18·M53: 공시·가치·조달금액·조건 수정,발행사는 가격 하한·전액 조달·일정을 모두 고수,M34·M38: 주어진 수요 곡선에서 조달 미달을 확인,원래 조달 조건 동시 달성 불가,목표·조건 조정 필요,해당 없음: 동일 사례를 불필요하게 반복하지 않음,목표·조건 조정 필요,단계별 사건·도구 응답을 가정한 작성자 탁상 모의; 실제 에이전트 실행 아님
080,고용형,법무 (소송·분쟁),고객 손해배상 소송과 임직원 형사 사건에 같은 이메일이 쓰이고 외부로펌마다 다른 전략·자료 요청을 보냄,한 이메일이 민사와 형사에서 다른 전제로 사용됨,M18·M25·M43: 공통 사실·절차별 주장·반대 근거를 분리,회사·임원 사이 이해충돌과 공유 제한 발생,M27·M31·M04: 담당·자료 접근·기존 파생물·제출 전략 재검토,"전략·자료 관리 가능, 소송 결과·전문 수행은 외부 의존",외부 결과·관측 대기,해당 없음: 동일 사례를 불필요하게 반복하지 않음,외부 결과·관측 대기,단계별 사건·도구 응답을 가정한 작성자 탁상 모의; 실제 에이전트 실행 아님
081,고용형,법무 (규제·컴플라이언스),해외 서비스 출시에서 데이터 이전·소비자 고지·파트너 계약 조건이 달라 한 국가의 표준 약관을 복제할 수 없음,해외팀의 실제 데이터 흐름이 법무가 본 설계와 다름,M07·M25·M26: 행위·국가·수신자별 적용 조건 다시 연결,가상 요건표에서 한정 배포와 데이터 지역 분리가 허용됨,M35·M42: 출시 조건·통제·미확인 해석을 구분해 인계,주어진 요건·환경에서 한정 출시 검토안 종결 경로 있음,범위 내 종결 경로,해당 없음: 동일 사례를 불필요하게 반복하지 않음,범위 내 종결 경로,단계별 사건·도구 응답을 가정한 작성자 탁상 모의; 실제 에이전트 실행 아님
082,고용형,계약 관리,고객 계약의 SLA와 공급사 보상 한도가 다르고 자동갱신·가격인상·데이터 반환 조건이 다른 날짜에 발동함,고객 갱신·공급사 종료·가격 변경이 서로 다른 날 발동,M25·M35·M53: 약속·서비스·비용의 시간축 통합,공급사가 연결 기간 연장에 동의하고 권한자도 조건 수락,M31·M40·M42: 변경문·일정·서비스·납품 의무 대조,제공된 합의 아래 계약 이행관리 경로 있음,범위 내 종결 경로,해당 없음: 동일 사례를 불필요하게 반복하지 않음,범위 내 종결 경로,단계별 사건·도구 응답을 가정한 작성자 탁상 모의; 실제 에이전트 실행 아님
083,고용형,브랜드 마케팅,리뉴얼 캠페인의 신규 이미지가 기존 고객의 신뢰 이유를 약화시키고 판매점은 제품 설명과 프로모션이 다르다고 반발함,신규 시안이 기존 고객의 신뢰 요소를 제거,M22·M23·M54: 세그먼트별 인식·제품 설명·접점 시험,모의 반응에서 기존 자산을 일부 유지한 안이 목표에 적합,M09·M40·M51: 브랜드·판매점 자료를 정렬해 출시안 선택,제공된 반응 아래 캠페인·접점 인계 경로 있음,범위 내 종결 경로,해당 없음: 동일 사례를 불필요하게 반복하지 않음,범위 내 종결 경로,단계별 사건·도구 응답을 가정한 작성자 탁상 모의; 실제 에이전트 실행 아님
084,고용형,퍼포먼스 마케팅,ROAS는 상승했지만 취소·반품과 기존 고객 비중이 커져 실제 추가이익은 줄고 인기상품은 품절됨,광고 매출 중 기존 고객·환불 비중 증가,M52·M53: 증분 매출·실마진·재고 제약으로 재산정,모의 대조군에서 특정 광고군의 증분이익이 음수,M34·M54: 해당 예산 축소·품절군 제외·후속 실험 선택,주어진 데이터에서 광고 배분 수정안 종결 경로 있음,범위 내 종결 경로,해당 없음: 동일 사례를 불필요하게 반복하지 않음,범위 내 종결 경로,단계별 사건·도구 응답을 가정한 작성자 탁상 모의; 실제 에이전트 실행 아님
085,고용형,콘텐츠 마케팅,유입이 많은 글들이 같은 초급 주제를 반복하고 상담 고객은 구매에 필요한 비교·도입 질문에 답을 못 얻음,유입은 높은데 구매 비교 질문에 답할 자료가 없음,M18·M34: 고객 여정·반복 주제·필수 비교 정보 재정의,영업 확인 자료가 들어와 도입·비용·한계 콘텐츠 작성 가능,M09·M25·M42: 중복 글 통합·근거·다음 행동 검수,제공된 자료 아래 콘텐츠 재편·납품 경로 있음,범위 내 종결 경로,해당 없음: 동일 사례를 불필요하게 반복하지 않음,범위 내 종결 경로,단계별 사건·도구 응답을 가정한 작성자 탁상 모의; 실제 에이전트 실행 아님
086,고용형,CRM,할인 메시지로 재구매가 늘었지만 원래 구매할 고객에게 쿠폰이 나가고 수신거부·중복고객 문제도 생김,중복 고객ID와 수신거부가 쿠폰 여정에 남음,M52·M31: 식별·동의·혜택 상태를 정리,모의 대조군에서 할인 없이 구매할 고객군의 쿠폰 효과 없음,M53·M54·M10: 제외·빈도·혜택안을 수정하고 재발송 방지,주어진 동의·실험 데이터 아래 CRM 수정 경로 있음,범위 내 종결 경로,해당 없음: 동일 사례를 불필요하게 반복하지 않음,범위 내 종결 경로,단계별 사건·도구 응답을 가정한 작성자 탁상 모의; 실제 에이전트 실행 아님
087,고용형,홍보,제품 사고 제보가 확산되는데 법무·품질·영업의 사실 설명이 다르고 기자는 즉시 답변을 요구함,새 사고 제보가 최초 회사 입장과 충돌,M18·M38: 확인 사실·미확인·정정할 표현 구분,조사 결과는 늦지만 기자는 즉답 요구,M08·M31·M35: 확인 가능한 조치·대기 내용·정정 계획만 공개,"응대·정정 경로 가능, 사고 사실·외부 반응은 계속 추적",외부 결과·관측 대기,해당 없음: 동일 사례를 불필요하게 반복하지 않음,외부 결과·관측 대기,단계별 사건·도구 응답을 가정한 작성자 탁상 모의; 실제 에이전트 실행 아님
088,고용형,영업 (B2B 신규 개척),현업은 제품을 원하지만 보안·구매·재무가 반대하고 경쟁사는 저가를 제시해 고객맞춤 기능을 무리하게 약속할 유인이 생김,"보안팀은 핵심 요구 미충족, 영업은 맞춤개발을 약속하려 함",M35·M53: 구매 문제·검증·이행비를 재구성,고객은 검증 전 확정 계약과 무상 개발을 고수,M33·M38: 권한·역량 한도 안의 제안만 비교,현 조건에서 수주·이행·수익 동시 충족 불가,목표·조건 조정 필요,해당 없음: 동일 사례를 불필요하게 반복하지 않음,목표·조건 조정 필요,단계별 사건·도구 응답을 가정한 작성자 탁상 모의; 실제 에이전트 실행 아님
089,고용형,영업 (B2B 기존·키어카운트),큰 고객이 장애 보상을 요구하며 갱신을 보류하고 계열사 통합 할인과 아직 없는 기능을 동시에 요구함,장애 보상과 계열사 할인을 합치면 계정 이익이 음수,M33·M53: 갱신·지원·개발 약속을 합산,고객이 범위 축소·가격 조정을 모두 거부,M34·M38: 유지·철수·대체 범위의 효과 제시,기존 범위·가격으로 수익 있는 갱신 불가능,목표·조건 조정 필요,해당 없음: 동일 사례를 불필요하게 반복하지 않음,목표·조건 조정 필요,단계별 사건·도구 응답을 가정한 작성자 탁상 모의; 실제 에이전트 실행 아님
090,고용형,기술영업 (프리세일즈),고객 폐쇄망에서 데모는 성공했으나 실제 데이터량·인증·복구 요구를 만족하지 못하고 입찰 마감이 다가옴,실제 부하에서 지연 목표를 넘고 복구가 실패,M10·M54: 데모 합격을 취소하고 병목·환경 차이 분리,증설·범위 축소 후 모의 PoC가 대표 부하·복구를 통과,M35·M42·M40: 충족·미충족 요구와 최종 구성·인수 조건 기록,주어진 PoC 증거 아래 기술제안 종결 경로 있음,범위 내 종결 경로,해당 없음: 동일 사례를 불필요하게 반복하지 않음,범위 내 종결 경로,단계별 사건·도구 응답을 가정한 작성자 탁상 모의; 실제 에이전트 실행 아님
091,고용형,해외영업,바이어가 결제방식·인도조건을 바꾸고 운임·환율·수입허가가 흔들려 수주액은 커도 회수·납기 위험이 커짐,환율·인도조건 변경으로 회수 위험과 비용이 증가,M53·M38: 결제·운송·인도 조건별 대안 비교,바이어가 일부 조건을 수락하나 수입허가·은행 확인 대기,M35·M39: 승인·선적·회수 선행조건 연결,"수출 계약·실행 계획 가능, 기관·바이어 이행은 외부 의존",외부 결과·관측 대기,해당 없음: 동일 사례를 불필요하게 반복하지 않음,외부 결과·관측 대기,단계별 사건·도구 응답을 가정한 작성자 탁상 모의; 실제 에이전트 실행 아님
092,고용형,영업관리,분기 말 취소 가능한 주문을 확정 매출처럼 올리고 반품·미수·중복 실적 때문에 팀 보상과 생산계획이 왜곡됨,취소가능 주문이 확정 매출·성과급에 포함,M25·M52: 수주·출하·매출·수금 상태를 다시 대사,모의 반품·입금 자료가 수정 실적을 확인,M53·M42: 생산예측·보상·미수 대장 전파,제공된 기록 아래 실적·정산 정정 경로 있음,범위 내 종결 경로,해당 없음: 동일 사례를 불필요하게 반복하지 않음,범위 내 종결 경로,단계별 사건·도구 응답을 가정한 작성자 탁상 모의; 실제 에이전트 실행 아님
093,고용형,고객성공,계약 담당자가 퇴사하고 이용자는 교육을 마쳤지만 핵심 업무를 수행하지 못해 갱신 직전 성과가 없다는 불만이 나옴,고객 사용률은 높지만 핵심 결산 과업 수행 실패,M17·M38: 접속 지표 대신 실제 업무 장애·목표 확인,"제품 수정과 교육 계획에는 동의, 실제 다음 결산은 미도래",M35·M51: 정착 계획과 과업·성과 관찰 시점 설정,"성공계획은 가능, 고객 성과·갱신 판단 대기",외부 결과·관측 대기,해당 없음: 동일 사례를 불필요하게 반복하지 않음,외부 결과·관측 대기,단계별 사건·도구 응답을 가정한 작성자 탁상 모의; 실제 에이전트 실행 아님
094,고용형,PM·PO (B2C 앱),가입률을 올린 개편이 취소·환불·장기 이탈을 늘리고 실험군 오염과 계절 효과로 원인 판단이 어려움,가입 상승과 환불·장기 이탈 증가가 동시에 관측,M52·M54: 배정·추적 오류·집단 구성 재검토,정정한 모의 실험에서 변경안의 순효과가 음수,M34·M35: 기존안 복원·측정 수정·후속 가설 선택,주어진 실험 아래 출시·철회 결정 경로 있음,범위 내 종결 경로,해당 없음: 동일 사례를 불필요하게 반복하지 않음,범위 내 종결 경로,단계별 사건·도구 응답을 가정한 작성자 탁상 모의; 실제 에이전트 실행 아님
095,고용형,PM·PO (B2B SaaS),대형 고객의 특수 승인·권한 요구가 기존 테넌트 모델과 충돌하고 계약 마감 때문에 제품을 고객별로 분기할 압력이 생김,대형 고객 예외 권한이 공통 테넌트 격리를 깨뜨림,M25·M31·M35: 확장점·공통 모델·계약 조건 재설계,일정·개발비 고정에 고객별 코드분기 금지도 함께 요구,M33·M53: 현실 작업량과 조건의 양립 여부 확인,"모든 요구 동시 충족 불가, 일정·범위·비용 조정 필요",목표·조건 조정 필요,해당 없음: 동일 사례를 불필요하게 반복하지 않음,목표·조건 조정 필요,단계별 사건·도구 응답을 가정한 작성자 탁상 모의; 실제 에이전트 실행 아님
096,고용형,PMO,세 프로젝트가 같은 전문가·공급사를 쓰며 각 일정표는 정상인데 통합 출시일과 규제 마감은 동시에 달성 불가함,세 프로젝트가 같은 전문가의 같은 시간대를 예약,M25·M53: 개별 일정 대신 통합 자원 제약 계산,"총 26시간 필수 작업에 가용시간 16, 외주·연장·범위 축소 불허",M35·M34: 일정 불가능 증거와 선택 가능한 변경 항목 제시,원래 마감·범위 동시 달성 불가능,목표·조건 조정 필요,해당 없음: 동일 사례를 불필요하게 반복하지 않음,목표·조건 조정 필요,단계별 사건·도구 응답을 가정한 작성자 탁상 모의; 실제 에이전트 실행 아님
097,고용형,게임 기획 (시스템·경제),복귀 보상과 거래 이벤트를 악용한 다계정이 재화를 증식시키고 정상 유저의 성장·시장가격까지 무너뜨림,경제 악용 여부를 알아야 실험 기능이 켜지지만 악용 판별에 그 실험이 필요,M35·M54: 조건 판정에 쓰는 실험과 패치 실행의 활성 조건을 분리할 필요 확인,단순 구현은 불명 조건을 대기로 보내 탐지가 진행되지 않음,M25·M50: 진단용 선행 의존과 실행 허가를 따로 조립해야 함,조건 판정 의존의 명시 강화 필요,조건 명세 강화 필요,"가정 응답: 허용된 경제 진단이 복제 경로를 확인하고, 보정안 모의실험이 재화 불변조건·정상 이용자 조건을 통과. 진단→패치 검증→인수 경로로 전개.",범위 내 종결 경로,단계별 사건·도구 응답을 가정한 작성자 탁상 모의; 실제 에이전트 실행 아님
098,고용형,MD (온라인),할인 행사 매출이 늘지만 광고비·반품·품절 대체·쿠폰 중복 때문에 실제 공헌이익은 감소함,행사 매출 상승에도 반품·광고·쿠폰 비용으로 공헌이익 하락,M52·M53: SKU별 순이익·재고·귀속을 재계산,모의 수요에서 묶음·혜택 조정안이 재고·마진 조건 충족,M34·M10·M42: 행사·발주·가격 변경과 정산 확인,제공된 수요·비용 아래 MD 실행안 종결 경로 있음,범위 내 종결 경로,해당 없음: 동일 사례를 불필요하게 반복하지 않음,범위 내 종결 경로,단계별 사건·도구 응답을 가정한 작성자 탁상 모의; 실제 에이전트 실행 아님
099,고용형,MD (오프라인 매입),계절상품을 대량 매입했는데 상권별 수요가 갈리고 반품권·진열비·후속 공급 조건 때문에 단순 할인으로 해결되지 않음,같은 상품의 매장별 수요가 갈리고 반품권은 일부만 존재,M25·M53: 가용·이동·반품·할인 비용을 비교,공급사·점포가 이동·반품 조건을 수락,M35·M40: 물량·일정·검수·정산으로 연결,제공된 합의·수요 아래 매입·소진 계획 종결 경로 있음,범위 내 종결 경로,해당 없음: 동일 사례를 불필요하게 반복하지 않음,범위 내 종결 경로,단계별 사건·도구 응답을 가정한 작성자 탁상 모의; 실제 에이전트 실행 아님
100,고용형,구매 (직접재·자재),핵심 부품 업체가 중단돼 대체품을 구했으나 도면 공차·인증·금형 소유와 생산 승인 때문에 즉시 투입할 수 없음,대체부품 치수는 맞지만 재질·승인 조건이 다름,M21·M54: 도면·시험·양산 승인 요건 재정의,공급사는 시험성적서 원본을 제공하지 못함,M18·M35·M39: 추가 시험·검증·납기 대안 연결,"대체 소싱안 가능, 실물 적합성과 승인 대기",외부 결과·관측 대기,해당 없음: 동일 사례를 불필요하게 반복하지 않음,외부 결과·관측 대기,단계별 사건·도구 응답을 가정한 작성자 탁상 모의; 실제 에이전트 실행 아님
101,고용형,구매 (간접재·서비스),최저가 IT 외주 제안이 데이터 이전·운영지원·사용권을 제외해 계약 후 비용과 종속성이 급증할 가능성이 있음,최저가 제안이 이전·운영·사용권을 제외,M18·M53: 비교 범위를 정규화하고 생애비용 재산정,공급사가 추가 비용·종료·검수 조건을 명확히 제시,M38·M35·M40: 비교 평가·협상·인수 조건 확정,주어진 제안·합의 아래 구매 결정안 종결 경로 있음,범위 내 종결 경로,해당 없음: 동일 사례를 불필요하게 반복하지 않음,범위 내 종결 경로,단계별 사건·도구 응답을 가정한 작성자 탁상 모의; 실제 에이전트 실행 아님
102,고용형,풀스택,결제·권한·화면을 함께 바꾸는 출시에서 구버전 클라이언트와 데이터 이전이 겹쳐 중복 결제와 정보 노출이 발생할 수 있음,구버전 요청이 새 스키마와 충돌하고 중복 결제 재현,M25·M35: 호환·멱등·전환 단계를 분리,모의 통합시험에서 구버전·동시 취소·복구가 수정 후 통과,M10·M42·M40: 코드·전환·배포·인수 증거 연결,제공된 시험 응답 아래 통합 출시 경로 있음,범위 내 종결 경로,해당 없음: 동일 사례를 불필요하게 반복하지 않음,범위 내 종결 경로,단계별 사건·도구 응답을 가정한 작성자 탁상 모의; 실제 에이전트 실행 아님
103,고용형,프론트엔드,느린 망과 보조기술에서 결제 폼 오류가 숨고 재시도 때 중복 요청되며 다국어 문장이 레이아웃을 깨뜨림,느린 망·스크린리더에서 오류 알림 누락과 중복 제출,M25·M42: 상태·포커스·요청 제어·텍스트 확장 수정,모의 브라우저 과업시험이 중단·재시도·오류 복구 통과,M54·M40: 과업과 기기·환경별 인수 기록,제공된 과업시험 아래 프론트엔드 인수 경로 있음,범위 내 종결 경로,해당 없음: 동일 사례를 불필요하게 반복하지 않음,범위 내 종결 경로,단계별 사건·도구 응답을 가정한 작성자 탁상 모의; 실제 에이전트 실행 아님
104,고용형,백엔드,결제 응답 유실·동시 취소·메시지 재전송이 겹쳐 결제사와 주문·재고 상태가 서로 달라짐,외부 결제 성공과 주문 실패가 동시에 확인,M10·M25: 부분 성공으로 기록하고 재결제 금지,외부 조회에서 성공 영수증·재고 미차감이 확인,M35·M42: 보상 또는 주문 복원 경로를 선택해 불변조건 대사,주어진 조회·보상 응답 아래 거래 일관성 복구 경로 있음,범위 내 종결 경로,해당 없음: 동일 사례를 불필요하게 반복하지 않음,범위 내 종결 경로,단계별 사건·도구 응답을 가정한 작성자 탁상 모의; 실제 에이전트 실행 아님
105,고용형,모바일,오프라인 편집 중 계정이 바뀌고 앱이 강제 종료된 뒤 구버전이 재접속해 데이터 충돌·다른 계정 노출이 생김,오프라인 변경 후 계정 전환·앱 중단 발생,M25·M31: 로컬 자료·동기화·계정 경계 분리,모의 실기기 재개에서 충돌 정책·삭제·구버전 호환 통과,M54·M42·M40: 계정별 복원·업데이트 인수,제공된 기기 응답 아래 모바일 수정 경로 있음,범위 내 종결 경로,해당 없음: 동일 사례를 불필요하게 반복하지 않음,범위 내 종결 경로,단계별 사건·도구 응답을 가정한 작성자 탁상 모의; 실제 에이전트 실행 아님
106,고용형,게임 개발,네트워크 지연 중 아이템 거래와 전투 보상이 겹쳐 복제가 생기고 패치가 기존 저장과 저사양 성능을 깨뜨림,지연 재전송으로 아이템 복제와 저장 이전 오류 발견,M25·M35: 권위 상태·거래·저장 형식 수정,모의 지연·재접속·구세이브·실플레이 검수 통과,M54·M42: 경제·성능·호환 영향과 패치 검증,제공된 게임 시험 아래 패치 인수 경로 있음,범위 내 종결 경로,해당 없음: 동일 사례를 불필요하게 반복하지 않음,범위 내 종결 경로,단계별 사건·도구 응답을 가정한 작성자 탁상 모의; 실제 에이전트 실행 아님
107,고용형,임베디드·펌웨어,전원 불안정 중 펌웨어 갱신과 센서 오류가 겹쳐 장치가 부팅 불능이거나 잘못된 출력 상태에 머물 수 있음,갱신 도중 전원 차단과 센서 오류가 동시 발생,M25·M35·M54: 부트·갱신·출력 상태별 복구 조건 확인,실제 장치의 전기·타이밍 시험을 할 장비 접근 불가,M39·M40: 모의 통과와 실기기 미검증을 분리,"펌웨어 수정·시험 계획 가능, 장치 검증 대기",외부 결과·관측 대기,해당 없음: 동일 사례를 불필요하게 반복하지 않음,외부 결과·관측 대기,단계별 사건·도구 응답을 가정한 작성자 탁상 모의; 실제 에이전트 실행 아님
108,고용형,QA·테스트 엔지니어,결제 개편의 자동 테스트는 모두 통과하지만 테스트 데이터가 정상 패턴뿐이고 운영 로그에는 간헐적 환불 불일치가 있음,자동 테스트는 통과하지만 환불 대사 불일치 재현,M49·M54: 구현과 별개 거래 오라클·실패 순서 시험 구성,수정 후에도 한 경로가 실패해 출시 기준 미달,M42·M45: 재현·영향·필수 결함을 보고하고 출시 보류,QA 판단·결함 인계는 종결 가능; 제품 출시 합격으로 세지 않음,범위 내 종결 경로,해당 없음: 동일 사례를 불필요하게 반복하지 않음,범위 내 종결 경로,단계별 사건·도구 응답을 가정한 작성자 탁상 모의; 실제 에이전트 실행 아님
109,고용형,데이터 엔지니어,원천 스키마 변경과 지연 이벤트·삭제 요청이 겹쳐 매출 집계가 중복되고 재처리하면 이미 삭제한 정보가 살아남,스키마 변경·지연 이벤트·삭제 요청 뒤 재처리 시도,M25·M31·M52: 사건시각·삭제 상태·데이터 계보 확인,모의 재처리가 삭제 고객을 부활시키는 결과 반환,M35·M42: 재처리에도 삭제 조건을 적용하고 하류·백업 복원 경로 검수,주어진 원천·검사 아래 데이터 정정 경로 있음,범위 내 종결 경로,해당 없음: 동일 사례를 불필요하게 반복하지 않음,범위 내 종결 경로,단계별 사건·도구 응답을 가정한 작성자 탁상 모의; 실제 에이전트 실행 아님
110,고용형,데이터 분석가,매출 감소 원인이 가격 변경처럼 보이나 추적 누락·채널구성·환불 시점이 바뀌어 집계마다 반대 결론이 나옴,매출 하락 구간에서 계측 누락과 환불 시점 변경 확인,M18·M52: 지표 분모·원천 대사·시간 기준 정정,모의 재분석에서 가격 효과와 채널 효과의 일부는 구별 불가,M53·M54: 확정 가능한 분해와 추가 실험 가설만 제시,불확실성을 포함한 분석 보고서는 종결 가능; 단일 원인 확정은 제외,범위 내 종결 경로,해당 없음: 동일 사례를 불필요하게 반복하지 않음,범위 내 종결 경로,단계별 사건·도구 응답을 가정한 작성자 탁상 모의; 실제 에이전트 실행 아님
111,고용형,데이터 사이언티스트,이탈 모델 정확도가 높지만 미래 정보를 쓰고 개입 대상 선정이 비용·편향·기존 영업 행동 때문에 실제 성과를 악화시킴,미래 정보가 특성에 들어가 오프라인 정확도가 부풀었음,M52·M53: 시점·라벨·분할·선택편향 수정,누출 제거 후 예측 개선은 남지만 개입 효과는 미관측,M54·M51: 비용·대조 개입·모니터링을 분리,"모델 검증·개입 설계 가능, 실제 업무 효과는 대기",외부 결과·관측 대기,해당 없음: 동일 사례를 불필요하게 반복하지 않음,외부 결과·관측 대기,단계별 사건·도구 응답을 가정한 작성자 탁상 모의; 실제 에이전트 실행 아님
112,고용형,AI·ML 엔지니어,고객 문서 RAG가 그럴듯한 답을 내지만 권한 변경·검색 누락·지시문 오염·모델 업데이트가 겹쳐 다른 고객 자료와 오답을 반환함,고급 검색은 근거 부족 때만 켜지는데 부족 판정에 고급 검색이 필요,M18·M35: 단순 무결과와 확인 불가를 구별,생성기가 불명 조건을 대기로만 처리해 검색 보완을 시작하지 못함,M19·M50: 조건 확인용 근거 취득 경로를 먼저 활성화해야 함,조건부 기능의 판정 의존 명시 강화 필요,조건 명세 강화 필요,가정 응답: 추가 검색이 허용돼 필요한 근거를 확보하고 고객 경계·근거 검수가 통과. 검색 보완→근거 있는 답변 경로로 전개.,범위 내 종결 경로,단계별 사건·도구 응답을 가정한 작성자 탁상 모의; 실제 에이전트 실행 아님
113,고용형,인프라·DevOps,리전 장애 때 백업은 있으나 키·DNS·외부 의존과 복구 용량이 없어 재해복구가 실패하고 잘못된 자동 확장이 비용을 키움,백업은 있으나 복구 리전 키·DNS·용량이 부족,M25·M33·M35: 문서상 복구와 실제 선행조건을 구별,키 접근·외부 DNS 권한을 현재 위임으로 확보할 수 없음,M31·M39·M42: 가능한 복구와 필요한 외부 권한·미완료를 구분,"복구 설계·가능한 조치 수행, 전체 서비스 복구는 외부 의존",외부 결과·관측 대기,해당 없음: 동일 사례를 불필요하게 반복하지 않음,외부 결과·관측 대기,단계별 사건·도구 응답을 가정한 작성자 탁상 모의; 실제 에이전트 실행 아님
114,고용형,IT 운영,조직개편과 퇴사자 정리가 겹쳐 업무용 공유계정·라이선스·장비가 남고 급한 복구 요청이 권한 검증을 우회하게 만듦,퇴사자 계정이 공유 자동화와 라이선스에 남음,M25·M31: 실제 접근·서비스 의존과 회수 범위 확인,모의 권한 회수·담당 이전·사용자 과업 확인 통과,M10·M42·M47: 접근 잔존·업무 복구·비용 대사,제공된 시스템 확인 아래 IT 운영 처리 경로 있음,범위 내 종결 경로,해당 없음: 동일 사례를 불필요하게 반복하지 않음,범위 내 종결 경로,단계별 사건·도구 응답을 가정한 작성자 탁상 모의; 실제 에이전트 실행 아님
115,고용형,정보보안 (침해 대응),탈취 계정이 클라우드·백업에 접근하고 로그 일부가 지워져 즉시 차단하면 증거·업무 연속성을 함께 잃을 수 있음,탈취 계정이 백업까지 접근했고 로그 일부가 없음,M18·M35: 증거 보존·확산·업무 연속성으로 봉쇄 순서 선택,확인된 경로는 봉쇄됐지만 초기 침입·유출 범위는 불명,M39·M43·M51: 독립 조사·복구·후속 감시 연결,"봉쇄·복구 경로 가능, 근절·피해 범위 확정은 추가 관측 필요",외부 결과·관측 대기,해당 없음: 동일 사례를 불필요하게 반복하지 않음,외부 결과·관측 대기,단계별 사건·도구 응답을 가정한 작성자 탁상 모의; 실제 에이전트 실행 아님
116,고용형,정보보안 (취약점 관리),같은 취약점이 외부 노출 서비스와 교체 불가 장비에 있고 스캐너 점수는 높지만 실제 악용 경로·업무 영향은 다름,"높은 스캔 점수의 일부는 오탐, 다른 낮은 점수는 실제 외부 경로 존재",M18·M33: 악용 가능·노출·업무 영향으로 우선순위 수정,모의 패치·완화 재시험에서 실제 경로 차단 확인,M54·M42: 조치·예외·잔여 위험을 자산별 기록,주어진 시험 아래 취약점 조치 판단 경로 있음,범위 내 종결 경로,해당 없음: 동일 사례를 불필요하게 반복하지 않음,범위 내 종결 경로,단계별 사건·도구 응답을 가정한 작성자 탁상 모의; 실제 에이전트 실행 아님
117,고용형,정보보안 (거버넌스·인증),인증 증빙은 갖췄으나 새 SaaS·위탁사·해외팀이 통제 범위 밖이고 담당자가 점검 시점에만 설정을 맞춤,새 위탁 SaaS가 인증 범위 밖에서 데이터를 처리,M25·M26: 범위·흐름·통제 목적을 다시 연결,운영 증거 표본에서 문서와 실제 통제 불일치 확인,M18·M49·M35: 격차·책임·개선·재평가 계획 작성,감사·격차 보고는 종결 가능; 인증·보안 효과 완료와 구분,범위 내 종결 경로,해당 없음: 동일 사례를 불필요하게 반복하지 않음,범위 내 종결 경로,단계별 사건·도구 응답을 가정한 작성자 탁상 모의; 실제 에이전트 실행 아님
118,고용형,UI/UX·제품 디자인,숙련자 중심 업무도구를 단순화했더니 초보자는 편해도 전문가의 대량 작업·보조기술·오류 복구가 막힘,단순화 화면이 숙련자 대량작업과 오류 복구를 막음,M07·M34: 집단·과업·빈도별 비용으로 흐름 수정,모의 사용자 시험에서 초보·숙련·보조기술 과업이 수정안 통과,M54·M42·M40: 상태·접근성·과업별 인수 연결,제공된 사용자 관측 아래 UX 설계 인수 경로 있음,범위 내 종결 경로,해당 없음: 동일 사례를 불필요하게 반복하지 않음,범위 내 종결 경로,단계별 사건·도구 응답을 가정한 작성자 탁상 모의; 실제 에이전트 실행 아님
119,고용형,그래픽,한 키비주얼을 옥외·모바일·인쇄로 펼치는데 작은 글자·색역·이미지 권리·재단 조건이 충돌함,모바일에서는 읽히지만 옥외·인쇄에서 작은 글자와 색이 깨짐,M09·M35: 매체별 위계·크기·색·재단 변형,모의 실크기·출력 검수가 수정본과 편집 원본 통과,M42·M40: 연결 자산·권리·매체별 납품 검수,제공된 출력 조건 아래 그래픽 납품 경로 있음,범위 내 종결 경로,해당 없음: 동일 사례를 불필요하게 반복하지 않음,범위 내 종결 경로,단계별 사건·도구 응답을 가정한 작성자 탁상 모의; 실제 에이전트 실행 아님
120,고용형,브랜드 디자인,합병 브랜드가 기존 고객 신뢰를 지키면서 새 시장에 진입해야 하고 양사 이름·상표·문화·채널이 충돌함,합병 이름이 기존 인식과 상표 검토에서 충돌,M18·M22·M23: 브랜드 구조·표현·접점 대안 분리,경영진은 양사 정체성의 상반된 약속과 단일 이름을 고수,M34·M38: 브랜드 우선순위와 실현 가능한 약속 재협의,"상반된 정체성 요구의 동시 실현 불가, 목표 조정 필요",목표·조건 조정 필요,해당 없음: 동일 사례를 불필요하게 반복하지 않음,목표·조건 조정 필요,단계별 사건·도구 응답을 가정한 작성자 탁상 모의; 실제 에이전트 실행 아님
121,고용형,모션,방송·앱·세로광고에 같은 모션을 쓰려다 프레임·안전영역·용량·움직임 민감 사용자 조건이 달라짐,방송 프레임·앱 용량·동작 축소 설정이 서로 다름,M09·M35: 같은 의도의 매체별 모션·축소 변형 설계,모의 재생에서 타이밍·알파·프레임·앱 응답 통과,M42·M40: 타임라인·원본·렌더·설정 인수,제공된 재생 응답 아래 모션 납품 경로 있음,범위 내 종결 경로,해당 없음: 동일 사례를 불필요하게 반복하지 않음,범위 내 종결 경로,단계별 사건·도구 응답을 가정한 작성자 탁상 모의; 실제 에이전트 실행 아님
122,고용형,편집 디자인,막판 원고·표 수정으로 페이지·색인·각주가 연쇄 이동하고 PDF는 보이지만 인쇄에서 폰트·재단 문제가 발생함,막판 표 수정으로 페이지·색인·각주 연쇄 변경,M25·M09: 원고 판본·문서 참조·조판 재생성,모의 프리플라이트·실출력이 글꼴·재단·참조 통과,M42·M40: 원본·인쇄본·교정 기록 대조,제공된 인쇄 조건 아래 편집 디자인 인수 경로 있음,범위 내 종결 경로,해당 없음: 동일 사례를 불필요하게 반복하지 않음,범위 내 종결 경로,단계별 사건·도구 응답을 가정한 작성자 탁상 모의; 실제 에이전트 실행 아님
123,고용형,제품 (산업) 디자인,보기 좋은 외장 설계가 금형 언더컷·조립 공차·발열·수리성과 충돌해 시제품은 되지만 양산 불량이 예상됨,외장안이 금형·열·조립 공차 시험에서 충돌,M53·M54: 재료·구조·공정 대안 해석,모의 해석은 수정안 통과하나 시제품 열·조립 시험 미실시,M39·M40·M42: CAD·도면·BOM과 필요한 실물 검증을 연결,"설계 후보·제조 인계 가능, 양산 적합성은 실물 시험 대기",외부 결과·관측 대기,해당 없음: 동일 사례를 불필요하게 반복하지 않음,외부 결과·관측 대기,단계별 사건·도구 응답을 가정한 작성자 탁상 모의; 실제 에이전트 실행 아님
124,고용형,PD,주요 출연자가 촬영 직전 빠지고 취재 사실이 뒤집혀 예산·일정·방송 약속·편집 방향을 동시에 바꿔야 함,핵심 출연자 이탈과 취재 사실 변경이 동시에 발생,M34·M35: 회차 목적·촬영·예산·권리 재구성,대체 출연·편성 조건 합의는 아직 없음,M38·M39: 제작 대안·외부 수행·결정 기한을 연결,"제작안은 가능, 출연·촬영·편성 결과는 외부 의존",외부 결과·관측 대기,해당 없음: 동일 사례를 불필요하게 반복하지 않음,외부 결과·관측 대기,단계별 사건·도구 응답을 가정한 작성자 탁상 모의; 실제 에이전트 실행 아님
125,고용형,방송 작가 (구성),인터뷰 내용이 기획 가설을 뒤집고 방송 분량은 줄었는데 재미를 위해 발언 맥락을 자를 압력이 생김,새 인터뷰가 기존 원고의 인과 설명을 뒤집음,M18·M22: 이야기 중심·질문·내레이션 수정,분량 축소 후에도 모의 편집 검수에서 발언 맥락 보존 확인,M09·M42: 원본 타임코드·인용·대본 길이 대조,제공된 원본·편성 조건 아래 방송 구성안 종결 경로 있음,범위 내 종결 경로,해당 없음: 동일 사례를 불필요하게 반복하지 않음,범위 내 종결 경로,단계별 사건·도구 응답을 가정한 작성자 탁상 모의; 실제 에이전트 실행 아님
126,고용형,에디터,전문가 원고의 핵심 주장이 자료와 어긋나고 저자는 수정을 거부하며 마감·법적 분쟁·독자 이해가 충돌함,핵심 주장이 반증되고 저자가 삭제를 거부,M18·M38: 증거·대안 표현·독자 영향과 편집권 확인,발행인은 사실 검증과 저자 원문 무수정을 동시에 요구,M27·M34: 권한·진실성·출판 조건 충돌 제시,"현 요구로 출판 목표 충족 불가, 수정·보류·계약 조정 필요",목표·조건 조정 필요,해당 없음: 동일 사례를 불필요하게 반복하지 않음,목표·조건 조정 필요,단계별 사건·도구 응답을 가정한 작성자 탁상 모의; 실제 에이전트 실행 아님
127,고용형,영상 편집자,혼합 프레임·휴대폰 HDR·다중 녹음 소스에 후반 수정이 들어와 싱크·색·자막·권리와 온라인 편집 연결이 깨짐,프록시 재연결에서 색·싱크·자막이 어긋남,M25·M09: 원본·타임코드·색·오디오 매핑 수정,모의 전편 재생과 프로젝트 재열기가 모두 통과,M42·M40: 마스터·자막·분리음원·편집 원본 대조,제공된 재생 증거 아래 영상 납품 경로 있음,범위 내 종결 경로,해당 없음: 동일 사례를 불필요하게 반복하지 않음,범위 내 종결 경로,단계별 사건·도구 응답을 가정한 작성자 탁상 모의; 실제 에이전트 실행 아님
128,고용형,생산관리,긴급 주문·설비 고장·자재 부족이 겹치고 라인별 전환·숙련·검사 제약 때문에 단순 우선순위 변경으로 납기를 맞출 수 없음,설비 고장·자재 부족으로 병목능력 감소,M25·M53: 작업순서·전환·검사·인력 포함 재계획,"추가 자원·외주·분할납품 불허, 요구 수량이 최대 능력 초과",M34·M35: 품질 생략 대신 미달 수량·일정 대안 제시,원래 품질·물량·납기 동시 달성 불가능,목표·조건 조정 필요,해당 없음: 동일 사례를 불필요하게 반복하지 않음,목표·조건 조정 필요,단계별 사건·도구 응답을 가정한 작성자 탁상 모의; 실제 에이전트 실행 아님
129,고용형,품질관리,출하 합격품이 고객 공정에서 불량을 내고 측정기 차이·로트 혼입·공급사 변경 때문에 원인이 갈림,측정기 이상 여부는 교정 시험으로만 알 수 있는데 이상 확인 뒤에만 시험을 켬,M18·M35: 품질 판정에 선행하는 측정 신뢰 확인이 순환 대기,생산팀은 불량 확정 전 계측 비용 집행을 막음,M31·M54: 진단 권한·관측 의존과 생산 변경 조건을 따로 정해야 함,조건 확인 기능의 선행 의존·권한 명시 강화 필요,조건 명세 강화 필요,판정용 교정·측정 신뢰 확인을 생산 변경과 분리해 준비. 실제 계측·교정 결과가 아직 없어 생산 합격으로 넘기지 않고 대기.,외부 결과·관측 대기,단계별 사건·도구 응답을 가정한 작성자 탁상 모의; 실제 에이전트 실행 아님
130,고용형,공정 엔지니어,속도를 높여 평균 생산량은 늘었지만 원재료 편차·설비 마모와 상호작용해 장기 수율과 다음 공정 품질이 악화됨,속도 개선 뒤 후공정 불량·설비 마모가 증가,M18·M53: 평균 산출량과 장기 수율·상호작용을 분리,모의 파일럿은 수정 조건 통과하나 장기 배치 관측이 아직 없음,M54·M51: 확대 조건·추적 기간·중단 신호 설정,"공정 개선 후보 가능, 지속 양산 효과는 관측 대기",외부 결과·관측 대기,해당 없음: 동일 사례를 불필요하게 반복하지 않음,외부 결과·관측 대기,단계별 사건·도구 응답을 가정한 작성자 탁상 모의; 실제 에이전트 실행 아님
131,고용형,물류,항만 지연·냉장 이탈·부분 분실이 겹쳐 고객 납기와 대체운송 비용·보험·반품 처리를 함께 결정해야 함,배송 지연 중 온도 이탈·부분 분실 확인,M07·M25·M53: 위치·품질·대체 운송·회수 비용으로 분기,실물 상태·인수 주체의 확인이 늦어짐,M35·M38·M39: 고객 안내·운송사 조정·검수·클레임 연결,"대응 계획·가능한 조치 수행, 정상 인도·손해 확정 대기",외부 결과·관측 대기,해당 없음: 동일 사례를 불필요하게 반복하지 않음,외부 결과·관측 대기,단계별 사건·도구 응답을 가정한 작성자 탁상 모의; 실제 에이전트 실행 아님
132,고용형,재고·자재,장부상 재고는 충분하지만 불량 격리·위탁·예약·유통기한·로트 위치 때문에 실제 생산에 쓸 수 없는 자재가 많음,장부 재고에 불량·예약·위탁·만료분이 혼재,M25·M52: 소유·수량·위치·가용 상태로 분해,모의 실사와 수불 대사가 가용 재고를 확인,M53·M42: 보충·이동·처분·생산 인계 갱신,제공된 실사 아래 재고 정정·운영 경로 있음,범위 내 종결 경로,해당 없음: 동일 사례를 불필요하게 반복하지 않음,범위 내 종결 경로,단계별 사건·도구 응답을 가정한 작성자 탁상 모의; 실제 에이전트 실행 아님
133,고용형,SCM 계획 (수요예측·S&OP),영업의 낙관 예측·판촉·장기 조달·생산 능력·현금 부족이 충돌하고 품절로 관측 수요 자체가 낮게 잡힘,품절로 수요가 낮게 관측되고 판촉 예측은 과대,M52·M53: 검열 수요·편향·공급·현금 제약 통합,서비스 목표·재고 상한·예산을 고정하면 공급 계획에 해가 없음,M04·M38: 부서별 목표의 교환과 조정 선택 제시,고정된 S&OP 목표의 동시 실행 불가능,목표·조건 조정 필요,해당 없음: 동일 사례를 불필요하게 반복하지 않음,목표·조건 조정 필요,단계별 사건·도구 응답을 가정한 작성자 탁상 모의; 실제 에이전트 실행 아님
134,고용형,수출입,송장·포장·원산지·신용장 조건이 서로 달라 선적은 됐지만 통관·대금회수에서 보완과 지연 비용이 발생함,송장·원산지·결제 조건 불일치로 서류 하자 발생,M18·M42: 물품·수량·가격·조건 교차 대사,보완 서류는 준비되나 은행·통관의 수리 결과 미정,M35·M38·M39: 선적·제출·회수의 기한·책임 연결,"서류·보완안 가능, 통관·대금회수는 외부 의존",외부 결과·관측 대기,해당 없음: 동일 사례를 불필요하게 반복하지 않음,외부 결과·관측 대기,단계별 사건·도구 응답을 가정한 작성자 탁상 모의; 실제 에이전트 실행 아님
135,고용형,R&D 연구원 (제품·기술),연구실 성능은 좋지만 측정 오차·재현성·재료 배치·양산 공정 차이로 실제 제품 성능과 원가를 만족하지 못함,성능이 측정오차인지 기술 효과인지 확인할 실험이 가설 채택 뒤에만 허용됨,M18·M35: 가설 채택의 근거와 실험 활성 조건이 서로 의존,단순 조립기는 가설 불명으로 실험을 대기,M53·M54·M50: 탐색·측정용 시험을 채택·양산 결정과 분리해야 함,조건 판정을 위한 탐색 의존 명시 강화 필요,조건 명세 강화 필요,가정 응답: 허용된 탐색 실험을 먼저 수행했지만 결과가 불명. 예산·정보 가치에 따른 추가 실험 또는 보류를 선택하며 가설 채택·양산으로 넘기지 않음.,외부 결과·관측 대기,단계별 사건·도구 응답을 가정한 작성자 탁상 모의; 실제 에이전트 실행 아님
136,고용형,인허가 RA (의료기기·의약품),제품 변경이 임상·성능·제조·표시 자료와 맞지 않고 국가별 경로·기관 질의가 달라 기존 자료 재사용 범위를 판단해야 함,제품 변경이 기존 시험·표시·임상 주장과 불일치,M18·M25·M26: 국가별 경로·증거 격차·제출 영향 재검토,기관이 추가 증거를 요구하고 시험기관 일정 지연,M35·M39·M40: 시험·답변·기한·미완료 제출 조건 연결,"인허가 자료·전략 가능, 시험·기관 결정 대기",외부 결과·관측 대기,해당 없음: 동일 사례를 불필요하게 반복하지 않음,외부 결과·관측 대기,단계별 사건·도구 응답을 가정한 작성자 탁상 모의; 실제 에이전트 실행 아님
137,고용형,개발 기획 (시행),토지 일부 미확보·민원·인허가 조건·공사비 상승이 겹쳐 분양가를 올려도 금융 약정과 착공 조건을 충족하지 못함,일부 토지 미확보와 인허가 조건 추가로 착공 지연,M25·M33·M53: 지연·공사비·차환·분양 현금 통합,토지 협상·추가 출자·공기 조정을 모두 금지,M34·M38: 선행조건 미충족과 현금 한계 제시,기존 일정·규모·자금 조건의 사업 진행 불가,목표·조건 조정 필요,해당 없음: 동일 사례를 불필요하게 반복하지 않음,목표·조건 조정 필요,단계별 사건·도구 응답을 가정한 작성자 탁상 모의; 실제 에이전트 실행 아님
138,고용형,견적·적산,도면 판본과 시방이 달라 누락·중복 수량이 생기고 공법 변경·물가·현장 조건으로 단가와 공기가 함께 바뀜,도면 판본과 시방이 달라 물량 누락·중복 발생,M07·M25·M53: 객체·범위·공법별 수량·단가 재산정,모의 발주자 질의 회신이 적용 판본·공법을 확정,M42·M40: 내역·산출근거·변경비·공기 영향을 일치시킴,제공된 확정 자료 아래 견적·적산 패키지 종결 경로 있음,범위 내 종결 경로,해당 없음: 동일 사례를 불필요하게 반복하지 않음,범위 내 종결 경로,단계별 사건·도구 응답을 가정한 작성자 탁상 모의; 실제 에이전트 실행 아님
139,운영형,유튜버 (정보·교육),조회가 잘 나오는 설명이 중요한 조건을 생략해 오개념을 만들고 초보·숙련 시청자의 이해·이탈 지점이 다름,시청 지속은 높은데 학습 확인에서 오개념 발견,M18·M21·M34: 생략 조건·예시·학습 순서 수정,모의 학습자가 수정 설명에서 같은 과제를 올바르게 수행,M54·M46: 이해·지연 회상·영상 설명의 연결 검토,제공된 학습 반응 아래 교육 콘텐츠 개선 경로 있음,범위 내 종결 경로,해당 없음: 동일 사례를 불필요하게 반복하지 않음,범위 내 종결 경로,단계별 사건·도구 응답을 가정한 작성자 탁상 모의; 실제 에이전트 실행 아님
140,운영형,유튜버 (예능·엔터),반복 포맷의 반응이 떨어지고 출연자 갈등·예상 밖 촬영 결과·스폰서 요구 때문에 웃음·관계·회차 연결이 흔들림,기존 포맷 반응 하락과 출연자 갈등 심화,M22·M38: 웃음 구조·역할·관계 소진을 분리,새 회차안은 준비되나 출연 동의·실제 반응 미확보,M35·M39·M51: 촬영·피드백·시리즈 전환 조건 관리,"기획·제작 계획 가능, 출연·시청 반응은 외부 의존",외부 결과·관측 대기,해당 없음: 동일 사례를 불필요하게 반복하지 않음,외부 결과·관측 대기,단계별 사건·도구 응답을 가정한 작성자 탁상 모의; 실제 에이전트 실행 아님
141,운영형,유튜버 (리뷰·커머스),협찬사가 유리한 조건을 요구하고 샘플 편차·펌웨어 변경으로 비교 결과가 달라져 추천·제휴 매출·신뢰가 충돌함,협찬 제품이 비교시험에서 불리한 결과를 냄,M18·M54: 조건·버전·샘플 편차와 실측 재확인,모의 재시험도 같고 게시 권한은 독립 리뷰를 허용,M27·M09·M42: 결과·조건·이해관계·용도별 평가를 함께 공개안에 반영,제공된 시험·권한 아래 리뷰 제작 경로 있음,범위 내 종결 경로,해당 없음: 동일 사례를 불필요하게 반복하지 않음,범위 내 종결 경로,단계별 사건·도구 응답을 가정한 작성자 탁상 모의; 실제 에이전트 실행 아님
142,운영형,스트리머,게임 장애·음향 끊김·악성 채팅·후원 요청이 동시에 들어와 방송 흐름과 대응 우선순위가 무너짐,방송 장애와 악성 채팅·후원 요청 동시 발생,M08·M35·M38: 방송 유지·모더레이션·응대를 병행 분리,모의 방송 도구가 대체 장면·음향 복구·중재 결과를 반환,M10·M42·M51: 진행·약속·후원·사후 기록 확인,제공된 라이브 응답 아래 방송 지속·정리 경로 있음,범위 내 종결 경로,해당 없음: 동일 사례를 불필요하게 반복하지 않음,범위 내 종결 경로,단계별 사건·도구 응답을 가정한 작성자 탁상 모의; 실제 에이전트 실행 아님
143,운영형,숏폼 크리에이터,첫 장면의 강한 약속으로 노출은 늘지만 내용 불일치로 완주·신뢰가 떨어지고 플랫폼별 자막·음원 사용 조건도 다름,첫 장면 약속과 실제 내용 불일치로 이탈 증가,M22·M34: 효용·후킹·전개를 다시 맞춤,모의 변형 실험이 낮은 조회·높은 완주·목표 행동을 반환,M54·M51: 허영 지표 대신 계약상 목표로 변형 선택,제공된 반응 아래 숏폼 선정·납품 경로 있음,범위 내 종결 경로,해당 없음: 동일 사례를 불필요하게 반복하지 않음,범위 내 종결 경로,단계별 사건·도구 응답을 가정한 작성자 탁상 모의; 실제 에이전트 실행 아님
144,운영형,팟캐스터,원격 인터뷰 음질이 깨지고 게스트 발언을 줄이면 맥락이 달라져 분량·사실·청취 경험·협찬 조건을 조정해야 함,원격 인터뷰 녹음의 핵심 발언 일부가 손실,M07·M18: 복원 가능한 음질 문제와 사라진 발언 구분,재녹음은 불가하나 해당 구간 제외·쇼노트 보완에 출연자 동의,M09·M42·M40: 맥락·청취·전사·피드 검수,축소된 합의 범위에서 에피소드 납품 경로 있음,범위 내 종결 경로,해당 없음: 동일 사례를 불필요하게 반복하지 않음,범위 내 종결 경로,단계별 사건·도구 응답을 가정한 작성자 탁상 모의; 실제 에이전트 실행 아님
145,운영형,블로거,상위 유입 글의 제품·제도 정보가 낡고 유사 글끼리 경쟁하며 제휴 수익 높은 내용을 우선할 유인이 생김,상위 글의 정보가 개정됐고 유사 글들이 중복 답변,M20·M18·M25: 변경 근거·관련 주장·링크 갱신,모의 원출처 확인이 새 내용과 통합 편집안을 지지,M09·M42: 남길 설명·이동·정정·출처 일치 확인,제공된 원출처 아래 블로그 갱신 경로 있음,범위 내 종결 경로,해당 없음: 동일 사례를 불필요하게 반복하지 않음,범위 내 종결 경로,단계별 사건·도구 응답을 가정한 작성자 탁상 모의; 실제 에이전트 실행 아님
146,운영형,뉴스레터 작가,속보가 뒤집히고 협찬사가 다루는 기업의 비판 보도가 나와 발행 마감·사실 확인·편집 독립성이 충돌함,발송 직전 속보가 반박되고 협찬사가 정정 제외 요구,M18·M27: 사실·해설·이해관계와 편집권 확인,"편집 권한상 정정 가능, 모의 발송 전 검수도 통과",M09·M31·M42: 정정·근거·구독 대상·발송 조건 대조,주어진 권한·근거 아래 뉴스레터 발행 경로 있음,범위 내 종결 경로,해당 없음: 동일 사례를 불필요하게 반복하지 않음,범위 내 종결 경로,단계별 사건·도구 응답을 가정한 작성자 탁상 모의; 실제 에이전트 실행 아님
147,운영형,웹소설 작가,독자 반응에 맞춰 전개를 바꾸면 기존 복선·인물 동기·세계 규칙이 깨지고 촉박한 연재 일정에서 장기 결말이 흔들림,독자 요구대로 반전을 바꾸면 기존 인물 동기·복선이 깨짐,M25·M22·M34: 장기 인과·회차 효용에 맞는 대안 집필,모의 편집·독자 검토가 수정안의 연속성·몰입을 수용,M09·M46: 회차·설정·복선·일정 대조,제공된 반응 아래 회차 집필·연재 준비 경로 있음,범위 내 종결 경로,해당 없음: 동일 사례를 불필요하게 반복하지 않음,범위 내 종결 경로,단계별 사건·도구 응답을 가정한 작성자 탁상 모의; 실제 에이전트 실행 아님
148,운영형,웹툰 작가,액션 회차의 연출을 바꾸면 배경 3D·인물 위치·말풍선·스크롤 리듬·보조작가 일정이 연쇄 수정됨,액션 수정으로 3D 배경·인물 위치·말풍선 충돌,M04·M25·M09: 콘티·작화·배경·스크롤 변경을 함께 전파,모의 모바일 읽기·작화 검수에서 연속성·가독성 통과,M42·M40: 레이어 원본·회차·에셋 인계 확인,제공된 검수 아래 웹툰 회차 인수 경로 있음,범위 내 종결 경로,해당 없음: 동일 사례를 불필요하게 반복하지 않음,범위 내 종결 경로,단계별 사건·도구 응답을 가정한 작성자 탁상 모의; 실제 에이전트 실행 아님
149,운영형,저술가,수년간 집필한 비문학 원고에서 핵심 근거가 반박되고 장별 중복·인용권리·독자 난도가 드러나 구조를 다시 짜야 함,핵심 근거가 반박돼 여러 장의 논증이 흔들림,M18·M25·M34: 주장·인용·장 구조를 재편,저자가 반론·주장 축소를 수용하고 모의 전권 교정 통과,M09·M42·M46: 논증·서지·권리·독자 흐름 검수,제공된 합의·근거 아래 원고 종결 경로 있음,범위 내 종결 경로,해당 없음: 동일 사례를 불필요하게 반복하지 않음,범위 내 종결 경로,단계별 사건·도구 응답을 가정한 작성자 탁상 모의; 실제 에이전트 실행 아님
150,운영형,인플루언서 (패션·뷰티·라이프),경쟁 브랜드 계약과 광고 일정이 겹치고 실제 사용 경험과 광고 문구가 달라 팬 신뢰·계약·콘텐츠 정체성이 충돌함,경쟁 브랜드 독점 약정 기간이 겹침,M25·M27: 콘텐츠·행위·기간별 약속과 이해관계 대조,두 브랜드 모두 일정·범위 변경을 거부,M33·M38: 위반 없이 두 계약을 이행할 수 없음을 확인,기존 두 협업의 동시 이행 불가능,목표·조건 조정 필요,해당 없음: 동일 사례를 불필요하게 반복하지 않음,목표·조건 조정 필요,단계별 사건·도구 응답을 가정한 작성자 탁상 모의; 실제 에이전트 실행 아님
151,운영형,인플루언서 (지식·비즈니스),투자한 회사나 유료 자문 고객을 평가하면서 일반 독자가 해설을 개인별 조언으로 받아들여 신뢰·이해관계·상품 판매가 얽힘,본인 투자기업에 대한 해설과 유료 상품 판매가 충돌,M18·M27·M38: 사실·견해·이해관계·대상 범위를 분리,모의 독자 질문에서 개인별 조언으로 오해한 부분 확인,M09·M42·M46: 주장·예시·표시·질의응답 수정,주어진 근거·반응 아래 콘텐츠 경계 정리 경로 있음,범위 내 종결 경로,해당 없음: 동일 사례를 불필요하게 반복하지 않음,범위 내 종결 경로,단계별 사건·도구 응답을 가정한 작성자 탁상 모의; 실제 에이전트 실행 아님
152,운영형,커뮤니티 운영자,오래된 핵심 회원과 신규 회원이 충돌하고 신고·조작 계정·운영진 이해관계 때문에 같은 규칙 적용도 불공정하게 느껴짐,신고 대상 발언의 앞뒤 맥락과 운영진 이해관계가 추가 확인,M18·M31·M38: 맥락·반복행동·결정권·이의절차 재검토,일부 회원은 제재를 수용하나 장기 신뢰·참여는 미관측,M25·M51: 중재·제재·이의·후속 반응을 연결,"운영 결정 경로 있음, 커뮤니티 신뢰 회복은 추적 필요",외부 결과·관측 대기,해당 없음: 동일 사례를 불필요하게 반복하지 않음,외부 결과·관측 대기,단계별 사건·도구 응답을 가정한 작성자 탁상 모의; 실제 에이전트 실행 아님
153,운영형,온라인 셀러 (자체 브랜드·D2C),광고가 성공해 주문이 급증했지만 품질 편차·배송 지연·환불이 늘고 생산 선금 때문에 매출 증가와 함께 현금이 부족해짐,매출 급증과 함께 환불·제조 선금·지원비도 증가,M33·M53: 단위경제·운전자금·품질 비용 통합,가격·광고·물량·납기 조정 및 추가 자금이 모두 불허,M34·M35: 매출 확대가 현금 고갈을 앞당기는 조건 표시,원래 성장·가격·납기·현금 목표 동시 달성 불가,목표·조건 조정 필요,해당 없음: 동일 사례를 불필요하게 반복하지 않음,목표·조건 조정 필요,단계별 사건·도구 응답을 가정한 작성자 탁상 모의; 실제 에이전트 실행 아님
154,운영형,온라인 셀러 (소싱·오픈마켓),여러 마켓에서 같은 재고가 동시 판매되고 공급사 이미지·인증·반품 조건이 불완전해 품절 취소와 제재·손실이 겹침,두 마켓이 같은 마지막 재고를 예약,M25·M52: 가용 재고·주문·취소 상태를 통합,모의 원천 조회에서 한 주문만 확정되고 다른 주문은 취소 가능,M10·M35·M42: 중복 이행 방지·고객 안내·환불·정산 대사,제공된 시스템 응답 아래 주문 예외 처리 경로 있음,범위 내 종결 경로,해당 없음: 동일 사례를 불필요하게 반복하지 않음,범위 내 종결 경로,단계별 사건·도구 응답을 가정한 작성자 탁상 모의; 실제 에이전트 실행 아님
155,운영형,라이브커머스 진행자,방송 중 가격·쿠폰·재고가 바뀌고 시연 결과가 기대와 달라 잘못된 효능·수량을 말할 위험이 생김,방송 중 쿠폰 종료·품절·시연 결과 변화,M08·M18·M38: 현재 가격·재고·효익 사실을 즉시 재확인,모의 판매 시스템·시연 입력이 변경 사실을 확인,M10·M42: 잘못된 안내 정정·혜택·주문 인계 대조,제공된 실시간 입력 아래 판매 안내·정정 경로 있음,범위 내 종결 경로,해당 없음: 동일 사례를 불필요하게 반복하지 않음,범위 내 종결 경로,단계별 사건·도구 응답을 가정한 작성자 탁상 모의; 실제 에이전트 실행 아님
156,운영형,구매대행·리셀러,주문 뒤 가격이 뛰고 판매자 진위·병행수입 조건·파손·반품 운임이 불명확해 선결제 고객과 손실 부담이 충돌함,판매자 진위와 수입·반품 조건이 확인되지 않음,M18·M26·M53: 진위·거래 가능·총비용과 대안 분리,원판매자가 증빙 제공을 거부하고 검수도 불가,M35·M38·M39: 조달 보류·대체·환불 범위와 고객 결정 연결,"검토·고객 대응 가능, 상품 확보·진위 확인 완료 불가",외부 결과·관측 대기,해당 없음: 동일 사례를 불필요하게 반복하지 않음,외부 결과·관측 대기,단계별 사건·도구 응답을 가정한 작성자 탁상 모의; 실제 에이전트 실행 아님
157,운영형,작곡가,광고 길이·가창 음역·영상 타이밍이 바뀌고 공동작업자의 샘플·지분·원본이 정리되지 않아 수정·발매가 막힘,영상 길이·가창 음역 변경과 샘플 권리 문제 발견,M22·M25·M55: 구조·조성·편성·자산 대안 재설계,대체 자산 권리 확인·모의 청취·세션 재열기 통과,M09·M42·M40: 악보·MIDI·세션·스템·크레딧 검수,제공된 권리·청취 응답 아래 음악 납품 경로 있음,범위 내 종결 경로,해당 없음: 동일 사례를 불필요하게 반복하지 않음,범위 내 종결 경로,단계별 사건·도구 응답을 가정한 작성자 탁상 모의; 실제 에이전트 실행 아님
158,운영형,일러스트레이터,책의 여러 장면에서 인물·빛·소품이 일관돼야 하고 표지·인쇄·굿즈 변형과 수정 요청이 겹침,연속 장면에서 인물 소품·빛·크기 불일치,M23·M25·M09: 캐릭터·장면 관계를 기준으로 관련 컷 수정,모의 실크기 출력·레이어 편집 검수 통과,M42·M40: 원본·인쇄·변형·수정 지침 인계,제공된 시각 검수 아래 삽화 납품 경로 있음,범위 내 종결 경로,해당 없음: 동일 사례를 불필요하게 반복하지 않음,범위 내 종결 경로,단계별 사건·도구 응답을 가정한 작성자 탁상 모의; 실제 에이전트 실행 아님
159,운영형,인디게임 개발자,작은 팀이 출시를 서두르는데 게임은 실행돼도 초반 재미·저사양 성능·세이브·상점 약속·지원 여력이 동시에 부족함,출시 빌드는 실행되지만 초반 이탈·구세이브 손상 발견,M22·M25·M54: 핵심 재미·온보딩·저장 복구를 우선 수정,개발자가 출시일·모든 콘텐츠·무결함을 고수하고 남은 시간 부족,M33·M35: 필수 수정·범위·일정 선택지 제시,원래 출시 범위·기한·품질 동시 달성 불가,목표·조건 조정 필요,해당 없음: 동일 사례를 불필요하게 반복하지 않음,목표·조건 조정 필요,단계별 사건·도구 응답을 가정한 작성자 탁상 모의; 실제 에이전트 실행 아님
160,운영형,앱 개발자 (개인 앱),OS 업데이트와 결제 복원 오류가 겹쳐 기존 구독자가 기능을 잃고 스토어 설명·개인정보·현금 흐름까지 수정해야 함,OS 갱신 후 구독 복원·기존 계정 기능 접근 오류,M25·M31·M35: 구매·계정·권한·복원 상태 분리,모의 기존 설치·재설치·해지·복원 시험 통과,M10·M42·M40: 앱·스토어 설명·지원·기존 고객 인수 연결,제공된 스토어·기기 응답 아래 앱 수정 경로 있음,범위 내 종결 경로,해당 없음: 동일 사례를 불필요하게 반복하지 않음,범위 내 종결 경로,단계별 사건·도구 응답을 가정한 작성자 탁상 모의; 실제 에이전트 실행 아님
161,운영형,SaaS 운영자,대형 고객 요구로 개발을 집중한 사이 작은 고객 이탈·장애·클라우드 비용·지원 부채가 늘고 갱신·현금이 악화됨,대형 고객 개발 약속 때문에 서비스 장애·지원비·이탈 증가,M33·M53: 제품·고객·운영·현금의 결합 효과 재산정,위임자가 범위 축소·가격 변경을 수락하지만 효과 관측 전,M34·M35·M51: 출시·고객 합의·서비스·수익을 순차 추적,"운영 조정 경로 있음, 갱신·유지·현금 개선 성과는 대기",외부 결과·관측 대기,해당 없음: 동일 사례를 불필요하게 반복하지 않음,외부 결과·관측 대기,단계별 사건·도구 응답을 가정한 작성자 탁상 모의; 실제 에이전트 실행 아님
162,운영형,오픈소스 메인테이너,핵심 의존 취약점과 호환성 파괴가 겹치고 유지보수자는 부족한데 이용 조직은 빠른 패치를 요구함,취약 의존 패치가 기존 API 호환을 깨뜨림,M25·M35·M43: 보안 영향·지원 버전·비공개 수정·이전 경로 분리,모의 유지버전·신규버전 회귀·패키지 검증 통과,M31·M42·M40: 공개 일정·릴리스·권고·이전 문서 인계,제공된 검증 아래 패치·릴리스 준비 경로 있음,범위 내 종결 경로,해당 없음: 동일 사례를 불필요하게 반복하지 않음,범위 내 종결 경로,단계별 사건·도구 응답을 가정한 작성자 탁상 모의; 실제 에이전트 실행 아님
163,운영형,개인 투자자 (장기),사업 가설이 흔들리는데 가격은 싸 보이고 개인의 주택자금 필요·집중 투자·세금·유동성이 매도 판단과 충돌함,투자 가설이 반증되고 주택자금 지급일이 앞당겨짐,M18·M33·M53: 가치 가정·유동성·집중 위험 재평가,사용자는 손실 없이 즉시 현금화와 기존 상승 여력 유지를 요구,M34·M38: 현재 가격·유동성에서 불가능한 동시 조건 제시,원래 투자·현금 목표 조정 필요,목표·조건 조정 필요,해당 없음: 동일 사례를 불필요하게 반복하지 않음,목표·조건 조정 필요,단계별 사건·도구 응답을 가정한 작성자 탁상 모의; 실제 에이전트 실행 아님
164,운영형,개인 투자자 (단기 매매),급변장에서 호가 공백·부분 체결·증거금 변화·연결 장애가 겹쳐 백테스트와 다른 손실·미결 주문이 생김,호가 공백·부분 체결·증거금 변화와 연결 장애 동시 발생,M08·M10·M25: 주문·체결·노출을 분리하고 재전송 방지,"외부 조회가 미결 주문과 잔고를 확정, 위임 한도 안 축소 가능",M33·M42: 실제 체결·수수료·잔여 노출로 정산,제공된 시장 응답 아래 위험 축소·대사 경로 있음; 수익 보장 아님,범위 내 종결 경로,해당 없음: 동일 사례를 불필요하게 반복하지 않음,범위 내 종결 경로,단계별 사건·도구 응답을 가정한 작성자 탁상 모의; 실제 에이전트 실행 아님
165,운영형,엔젤 투자자,창업팀의 지표가 계약·입금과 다르고 지분·우선권·후속 희석·공동창업자 갈등 때문에 성장성만으로 투자 여부를 정할 수 없음,고객 지표가 실제 입금과 다르고 우선권·희석 조건 추가 확인,M18·M25·M53: 지표·캡테이블·후속자금·회수 가정 재작성,창업팀이 핵심 계약·지식재산 권리 원본 제공 보류,M34·M38·M39: 투자 보류·조건부 실사·미확인 범위 제시,"투자 메모·협상안 가능, 실사 완료·거래 판단은 외부 의존",외부 결과·관측 대기,해당 없음: 동일 사례를 불필요하게 반복하지 않음,외부 결과·관측 대기,단계별 사건·도구 응답을 가정한 작성자 탁상 모의; 실제 에이전트 실행 아님
166,운영형,부동산 투자자·임대 운영자,공실·연체·설비 수선·차환 만기가 겹치고 임차인 권리·보증금·공동소유자 이견 때문에 장부 수익률과 실제 현금이 갈림,공실·연체·수선비·차환 만기가 함께 악화,M25·M33·M53: 보증금·필수 수선·현금·매각 대안 통합,임대료·수선·차환·추가출자·매각 조건 모두 변경 불허,M34·M38: 현금 고갈 시점과 필수 의무 충돌 제시,원래 운영·보유·현금 목표 동시 달성 불가,목표·조건 조정 필요,해당 없음: 동일 사례를 불필요하게 반복하지 않음,목표·조건 조정 필요,단계별 사건·도구 응답을 가정한 작성자 탁상 모의; 실제 에이전트 실행 아님
