번호,유형,직무,온라인 위임 단위,제공받을 입력,외부·현장 의존과 제외,권한·자격 확인,직무 고유 실패 기준,내용 구체화의 책임,현재 지원 상태,출처
001,위임형,변호사 (민사·상사 송무),"청구 계산표, 소장·답변서·준비서면, 증거목록, 합의안",계약·발주변경·검수서·세금계산서·입금·하자 사진,새 현장·실물 수행은 현재 범위에 포함하지 않음; 상대·기관의 결정과 실제 성과는 관측 전 미확정,관할·행위별 자격자 전속·명의·위임 조건 확인; 자격 행위 자체의 대체는 주장하지 않음,청구액 계산이 맞아도 상계·기한·집행가능 재산을 놓치거나 증거와 주장이 어긋나면 실패,"M18·M25에 청구-항변-증거 관계, M35에 절차 선택, M09·M42에 법원 제출본 검증이 필요",설계 범위 정리 / 실제 구현·전문 능력 미검증,docs/reviews/occupation-work-review.csv#001
002,위임형,변호사 (형사 변호),"공소사실 대조표, 변론요지서, 신문사항, 증거 의견·절차별 신청 초안, 통합 일정",공소장·수사기록·압수자료·진술조서·거래원장·기일 통지,새 현장·실물 수행은 현재 범위에 포함하지 않음; 상대·기관의 결정과 실제 성과는 관측 전 미확정,관할·행위별 자격자 전속·명의·위임 조건 확인; 자격 행위 자체의 대체는 주장하지 않음,모든 자료를 요약해도 핵심 진술의 신빙성·증거 사용 쟁점·민사 교차 영향을 못 판단하면 실패,"M04·M34·M43에 공동 방어·이견 심사, M08에 구두 대응, M31·M39에 대리·접견·자격 행위 경계 필요",설계 범위 정리 / 실제 구현·전문 능력 미검증,docs/reviews/occupation-work-review.csv#002
003,위임형,변호사 (가사·상속),"재산목록, 주장별 증거표, 분할 계산표, 협의안·신청서 초안",가족관계·유언 원본·증여계약·계좌흐름·지분·부채·평가자료,새 현장·실물 수행은 현재 범위에 포함하지 않음; 상대·기관의 결정과 실제 성과는 관측 전 미확정,관할·행위별 자격자 전속·명의·위임 조건 확인; 자격 행위 자체의 대체는 주장하지 않음,재산 총액은 맞지만 생전 이전·채무·평가시점 또는 이해충돌을 놓치면 실패,"M25의 사람-재산-시점 관계, M53 평가·분할 계산, M38 가족별 협상·비밀 계약을 채워야 함",설계 범위 정리 / 실제 구현·전문 능력 미검증,docs/reviews/occupation-work-review.csv#003
004,위임형,변호사 (행정·조세 송무),"쟁점 메모, 절차별 신청·청구서 초안, 처분 영향·기한표",처분서·송달자료·행정기록·허가조건·회계근거·운영손실 자료,새 현장·실물 수행은 현재 범위에 포함하지 않음; 상대·기관의 결정과 실제 성과는 관측 전 미확정,관할·행위별 자격자 전속·명의·위임 조건 확인; 자격 행위 자체의 대체는 주장하지 않음,법 해석이 맞아도 처분·관할·기한을 잘못 고르거나 다른 사건 설명과 충돌하면 실패,"M12·M14에 처분별 적용법·판례, M35·M37에 절차 시계, M34에 병행 전략 필요",설계 범위 정리 / 실제 구현·전문 능력 미검증,docs/reviews/occupation-work-review.csv#004
005,위임형,변호사 (도산·회생),"회생 관련 신청 초안, 채권조사표, 변제·자금계획, 매각·협상안",채권·담보목록·13주 자금표·수주·재고·보증·분쟁자료,새 현장·실물 수행은 현재 범위에 포함하지 않음; 상대·기관의 결정과 실제 성과는 관측 전 미확정,관할·행위별 자격자 전속·명의·위임 조건 확인; 자격 행위 자체의 대체는 주장하지 않음,장부상 회수율이 높아도 급여·원재료 대금이 먼저 고갈되거나 핵심 채권이 누락되면 실패,"M33·M53에 자금 시나리오, M25에 채권·담보·보증 연결, M38에 다자 합의 및 M39 자격 수행 필요",설계 범위 정리 / 실제 구현·전문 능력 미검증,docs/reviews/occupation-work-review.csv#005
006,위임형,변호사 (기업 자문),"의안·소집자료 검토본, 결의요건표, 진행 시나리오, 의사록 초안, 후속조치표",정관·주주명부·의결권 자료·의안·소집·위임장·거래조건,새 현장·실물 수행은 현재 범위에 포함하지 않음; 상대·기관의 결정과 실제 성과는 관측 전 미확정,관할·행위별 자격자 전속·명의·위임 조건 확인; 자격 행위 자체의 대체는 주장하지 않음,의사록을 그럴듯하게 써도 실제 결의 사실·권한·안건 조건을 잘못 가정하면 실패,"M27·M31 당사자·권한, M34·M35 안건별 분기, M09·M42 실제 결의와 문서 대조가 필요",설계 범위 정리 / 실제 구현·전문 능력 미검증,docs/reviews/occupation-work-review.csv#006
007,위임형,변호사 (M&A·투자 거래),"실사보고서, 계약 수정대조본, disclosure 검토표, closing checklist·서류묶음",데이터룸·SPA/SHA 초안·주요계약·주주명부·인허가·소송자료,새 현장·실물 수행은 현재 범위에 포함하지 않음; 상대·기관의 결정과 실제 성과는 관측 전 미확정,관할·행위별 자격자 전속·명의·위임 조건 확인; 자격 행위 자체의 대체는 주장하지 않음,실사보고서에는 위험을 적었지만 계약·종결조건에 반영하지 않으면 실패,"M25 발견사항-계약조항-종결조건 추적, M38 협상, M40 거래 인수증거 및 M53 세무·재무 연결 필요",설계 범위 정리 / 실제 구현·전문 능력 미검증,docs/reviews/occupation-work-review.csv#007
008,위임형,법무사 (등기),"변경등기 신청자료, 첨부목록, 보정대조표, 접수·완료 확인",등기부·정관·의사록·인감·위임·주소·등록세 납부자료,새 현장·실물 수행은 현재 범위에 포함하지 않음; 상대·기관의 결정과 실제 성과는 관측 전 미확정,관할·행위별 자격자 전속·명의·위임 조건 확인; 자격 행위 자체의 대체는 주장하지 않음,첨부 파일 수가 맞아도 결의일·대표자·위임 범위가 다르면 실패,"M07 구조 추출, M35 원인별 첨부 규칙, M10 등기 경로, M42 접수·등기 결과 대사 필요",설계 범위 정리 / 실제 구현·전문 능력 미검증,docs/reviews/occupation-work-review.csv#008
009,위임형,법무사 (개인회생·파산),"채권자·재산목록, 수입지출표, 변제계획안, 보정서류",채권자별 잔액·수입지출·재산·임대차·계좌내역·보정권고,새 현장·실물 수행은 현재 범위에 포함하지 않음; 상대·기관의 결정과 실제 성과는 관측 전 미확정,관할·행위별 자격자 전속·명의·위임 조건 확인; 자격 행위 자체의 대체는 주장하지 않음,채무 총액은 맞지만 누락 채권·변동소득·최근 처분 설명이 빠지면 실패,"M52 거래 정리, M53 가용소득 계산, M25 목록 변경전파, M35 보정 및 업무범위 경계 필요",설계 범위 정리 / 실제 구현·전문 능력 미검증,docs/reviews/occupation-work-review.csv#009
010,위임형,행정사 (인허가·지원금),"인허가·지원 신청자료, 부서 협의표, 보완답변, 일정·조건 목록",임대차·건축물대장·공정도·설비목록·사업계획·지원공고,새 현장·실물 수행은 현재 범위에 포함하지 않음; 상대·기관의 결정과 실제 성과는 관측 전 미확정,관할·행위별 자격자 전속·명의·위임 조건 확인; 자격 행위 자체의 대체는 주장하지 않음,지원금 서류만 완성하고 사업 자체의 인허가 선행 조건을 놓치면 실패,"M12·M13 공고·허가조건, M35 절차 의존, M07 도면·공정 읽기, M10 관청 접수 필요",설계 범위 정리 / 실제 구현·전문 능력 미검증,docs/reviews/occupation-work-review.csv#010
011,위임형,행정사 (출입국·비자),"사유서, 증빙목록, 신청자료, 사람별 접수·보완 일정",여권·등록정보·체류 이력·고용계약·학력경력·가족관계·예약자료,새 현장·실물 수행은 현재 범위에 포함하지 않음; 상대·기관의 결정과 실제 성과는 관측 전 미확정,관할·행위별 자격자 전속·명의·위임 조건 확인; 자격 행위 자체의 대체는 주장하지 않음,계약서 직함만 보고 실제 활동이 자격 범위에 맞는지 확인하지 않으면 실패,"M12·M13 자격별 최신 요건, M25 가족·고용 관계, M37 기한, M39 신원·대면 절차 경계 필요",설계 범위 정리 / 실제 구현·전문 능력 미검증,docs/reviews/occupation-work-review.csv#011
012,위임형,공증인,공증용 문안·확인목록·촉탁자료 준비와 제공된 발급·인증 기록 대조,촉탁문서·신분·대리권·법인자료·당사자 의사확인 자료,새 현장·실물 수행은 현재 범위에 포함하지 않음; 상대·기관의 결정과 실제 성과는 관측 전 미확정,관할·행위별 자격자 전속·명의·위임 조건 확인; 자격 행위 자체의 대체는 주장하지 않음,AI가 작성한 문서에 서명란을 넣었다고 공증 효력이 생긴 것으로 처리하면 실패,"M31 신원·대리권, M27·M39 공증 행위, M10·M40 발급·원본 인수 증거 필요",설계 범위 정리 / 실제 구현·전문 능력 미검증,docs/reviews/occupation-work-review.csv#012
013,위임형,변리사 (특허),"명세서·청구항·도면, 선행기술 대비표, 의견서·보정서 초안",발명설명·도면·실험자료·공개일·선행문헌·거절이유 통지,새 현장·실물 수행은 현재 범위에 포함하지 않음; 상대·기관의 결정과 실제 성과는 관측 전 미확정,관할·행위별 자격자 전속·명의·위임 조건 확인; 자격 행위 자체의 대체는 주장하지 않음,등록만 위해 핵심 사업범위를 잃거나 뒷받침 없는 한정을 만들면 실패,"M07 도면·기술 구조, M19 선행기술, M25 청구항 근거, M34·M35 보정 전략 필요",설계 범위 정리 / 실제 구현·전문 능력 미검증,docs/reviews/occupation-work-review.csv#013
014,위임형,변리사 (상표·디자인),"출원자료, 유사표장·디자인 대비표, 의견서 초안, 브랜드 변경안",표장·지정상품·사용자료·검색결과·제품 도면·공개 이력,새 현장·실물 수행은 현재 범위에 포함하지 않음; 상대·기관의 결정과 실제 성과는 관측 전 미확정,관할·행위별 자격자 전속·명의·위임 조건 확인; 자격 행위 자체의 대체는 주장하지 않음,이미지 유사도만으로 권리 충돌을 확정하거나 지정상품을 빠뜨리면 실패,"M12·M14 권리 판단, M07 도형·표장 구조, M25 출시자산 연결, M35 출원 경로 필요",설계 범위 정리 / 실제 구현·전문 능력 미검증,docs/reviews/occupation-work-review.csv#014
015,위임형,변리사 (심판·분쟁),"구성요소 대비표, 기술·선행문헌 분석, 심판서면 초안, 협상 쟁점표",등록명세서·심사경과·선행기술·제품 분석·상대 주장·계약,새 현장·실물 수행은 현재 범위에 포함하지 않음; 상대·기관의 결정과 실제 성과는 관측 전 미확정,관할·행위별 자격자 전속·명의·위임 조건 확인; 자격 행위 자체의 대체는 주장하지 않음,제품 추정만으로 모든 요소를 충족·미충족이라고 쓰거나 절차별 해석을 무심코 바꾸면 실패,"M18·M25 구성요소-증거 관계, M04·M43 소송팀 협의, M38 합의 전제 필요",설계 범위 정리 / 실제 구현·전문 능력 미검증,docs/reviews/occupation-work-review.csv#015
016,위임형,세무사 (신고·기장),"장부·세무조정 계산표, 신고서·부속명세, 납부·접수 확인",주문·정산·환불·세금계산서·사업계좌·경비증빙·전기신고,새 현장·실물 수행은 현재 범위에 포함하지 않음; 상대·기관의 결정과 실제 성과는 관측 전 미확정,관할·행위별 자격자 전속·명의·위임 조건 확인; 자격 행위 자체의 대체는 주장하지 않음,정산액을 그대로 매출로 쓰거나 환불을 이중 차감하면 실패,"M52 거래·정산 대사, M53 세액계산, M12 과세 요건, M10·M42 신고 결과 연결 필요",설계 범위 정리 / 실제 구현·전문 능력 미검증,docs/reviews/occupation-work-review.csv#016
017,위임형,세무사 (상속·증여·가업 승계),"승계 대안표, 평가·세액 계산, 신고자료, 사후관리 일정",지분·증여 이력·재무자료·자산평가·가족관계·경영 이력,새 현장·실물 수행은 현재 범위에 포함하지 않음; 상대·기관의 결정과 실제 성과는 관측 전 미확정,관할·행위별 자격자 전속·명의·위임 조건 확인; 자격 행위 자체의 대체는 주장하지 않음,최초 절세액만 비교하고 향후 요건 유지·납부 자금·분쟁 비용을 빼면 실패,"M53 다기간 현금·세액, M25 요건 의존, M37 사후관리, M34 가족·사업 목표 통합 필요",설계 범위 정리 / 실제 구현·전문 능력 미검증,docs/reviews/occupation-work-review.csv#017
018,위임형,세무사 (조사·불복),"제출자료대장, 사실·법리 의견서, 불복 초안, 세액영향표",조사통지·요구목록·원장·계약·납품·송금·조사 문답·처분자료,새 현장·실물 수행은 현재 범위에 포함하지 않음; 상대·기관의 결정과 실제 성과는 관측 전 미확정,관할·행위별 자격자 전속·명의·위임 조건 확인; 자격 행위 자체의 대체는 주장하지 않음,장부가 있다는 이유만으로 실거래를 확정하거나 제출자료의 맥락·기한을 놓치면 실패,"M18 증빙 실질, M35 조사·불복 분기, M38 기관 응대, M47 제출 이력 필요",설계 범위 정리 / 실제 구현·전문 능력 미검증,docs/reviews/occupation-work-review.csv#018
019,위임형,기장 대행,분개장·원장·미확인 증빙 목록·월 마감표,카드원장·계좌·영수증·세금계산서·정산·전월 마감,새 현장·실물 수행은 현재 범위에 포함하지 않음; 상대·기관의 결정과 실제 성과는 관측 전 미확정,행위·대상별 위임·동의·접근·서비스 조건 확인; 직무명으로 실행 권한을 부여하지 않음,차액을 임의 계정에 넣어 잔액만 맞추거나 다음 달 취소를 다시 비용 차감하면 실패,"M52 거래 매칭 규칙, M21 분개 기준, M25 마감·수정 이력, M42 잔액 대사 필요",설계 범위 정리 / 실제 구현·전문 능력 미검증,docs/reviews/occupation-work-review.csv#019
020,위임형,회계사 (감사),"감사조서, 수정사항표, 재무제표·주석 검토, 의견 근거와 보고자료",시산표·원장·실사기록·입출고·판매조건·반품·외부조회·경영진 설명,재고 실사·현장 관찰; 상대·기관의 결정과 실제 성과는 관측 전 미확정,관할·행위별 자격자 전속·명의·위임 조건 확인; 자격 행위 자체의 대체는 주장하지 않음,검산이 맞아도 증거 충분성·기간귀속·경영진 조작 가능성을 놓치면 실패,"M35 감사주장별 절차, M18 증거 충분성, M43 독립 검토, M39 감사의견 자격 경계 필요",설계 범위 정리 / 실제 구현·전문 능력 미검증,docs/reviews/occupation-work-review.csv#020
021,위임형,회계사 (자문·실사),"QoE 분석, 순차입금·운전자본 bridge, 실사 발견표, 가격조정 검토",월별 원장·매출채권 연령·재고·계약·보조금·차입·SPA 조정식,새 현장·실물 수행은 현재 범위에 포함하지 않음; 상대·기관의 결정과 실제 성과는 관측 전 미확정,행위·대상별 위임·동의·접근·서비스 조건 확인; 직무명으로 실행 권한을 부여하지 않음,단순 배수 가치평가만 하고 가격에 반영되는 정의·중복조정을 놓치면 실패,"M52 원장 재구성, M53 거래가격 모델, M25 발견-계약 연결, M04 법무 협의 필요",설계 범위 정리 / 실제 구현·전문 능력 미검증,docs/reviews/occupation-work-review.csv#021
022,위임형,관세사,"분류 근거표, 원산지 계산·증빙묶음, 신고·심사 신청자료",사양·견본·BOM·제조공정·원산지확인·상업송장·운송·신고자료,새 현장·실물 수행은 현재 범위에 포함하지 않음; 상대·기관의 결정과 실제 성과는 관측 전 미확정,관할·행위별 자격자 전속·명의·위임 조건 확인; 자격 행위 자체의 대체는 주장하지 않음,제품명만 보고 세번을 고르거나 공급사 확인서를 실제 부품 판본과 대조하지 않으면 실패,"M07 제품·BOM, M12·M14 분류·협정, M53 원산지 계산, M25 부품변경 전파 필요",설계 범위 정리 / 실제 구현·전문 능력 미검증,docs/reviews/occupation-work-review.csv#022
023,위임형,노무사 (자문·급여),"급여 재계산표, 규정 수정안, 동의·설명자료, 조치 일정",근로계약·취업규칙·협약·근태·급여·인사발령,새 현장·실물 수행은 현재 범위에 포함하지 않음; 상대·기관의 결정과 실제 성과는 관측 전 미확정,관할·행위별 자격자 전속·명의·위임 조건 확인; 자격 행위 자체의 대체는 주장하지 않음,수당 이름만 보고 동일 처리하거나 자료 없는 근로시간을 확정하면 실패,"M21·M12 임금·절차 지식, M52·M53 급여 대사, M35 제도변경 조건 필요",설계 범위 정리 / 실제 구현·전문 능력 미검증,docs/reviews/occupation-work-review.csv#023
024,위임형,노무사 (분쟁 대리),"이유서·답변서, 증거목록, 심문사항, 화해조건표",해고통지·평가·교육기회·면담·이메일·급여·취업규칙,새 현장·실물 수행은 현재 범위에 포함하지 않음; 상대·기관의 결정과 실제 성과는 관측 전 미확정,관할·행위별 자격자 전속·명의·위임 조건 확인; 자격 행위 자체의 대체는 주장하지 않음,모든 쟁점을 한 기관에 같은 방식으로 넣거나 소송대리 권한을 자동 가정하면 실패,"M35 노동위원회·노동청 등 절차 구분, M18 증거 시점, M27 법원 단계 업무범위 확인 필요",설계 범위 정리 / 실제 구현·전문 능력 미검증,docs/reviews/occupation-work-review.csv#024
025,위임형,노무사 (산재),"직업력·노출표, 요양 신청자료, 보완의견·관련 증빙",직업력·진료기록·작업내용·노출·측정·동료진술·공단 요구자료,새 의료 검사·현장 노출 측정; 상대·기관의 결정과 실제 성과는 관측 전 미확정,관할·행위별 자격자 전속·명의·위임 조건 확인; 자격 행위 자체의 대체는 주장하지 않음,질병명만으로 업무 인과를 확정하거나 존재하지 않는 노출 측정값을 채우면 실패,"M25 직업력·시간축, M18 사실·의학 의견 구분, M39 현장·의학 전문 기여, M35 산재 절차 필요",설계 범위 정리 / 실제 구현·전문 능력 미검증,docs/reviews/occupation-work-review.csv#025
026,위임형,공인중개사 (주거),"매물 비교표, 확인·설명자료, 계약·특약 검토, 잔금 체크",등기·건축물·신원·위임·임대차·권리확인 자료·현장점검,현장 안내·주택 실측·인도; 상대·기관의 결정과 실제 성과는 관측 전 미확정,관할·행위별 자격자 전속·명의·위임 조건 확인; 자격 행위 자체의 대체는 주장하지 않음,싼 매물을 찾아도 권리·인도 조건 변화가 잔금 실행에 반영되지 않으면 실패,"M16 시세, M31 대리권, M07 현장 증거, M35 잔금 선후조건·M42 최신 상태 확인 필요",설계 범위 정리 / 실제 구현·전문 능력 미검증,docs/reviews/occupation-work-review.csv#026
027,위임형,공인중개사 (상가·빌딩),"임대수익 검토표, 권리·계약 확인, 거래·임대차 특약안",rent roll·임대차·입금·관리비·시설·권리·공실 비교자료,현장 안내·상가 실측·인도; 상대·기관의 결정과 실제 성과는 관측 전 미확정,관할·행위별 자격자 전속·명의·위임 조건 확인; 자격 행위 자체의 대체는 주장하지 않음,표면 수익률만 계산하고 공실·수선·무상임대·인도 다툼을 빼면 실패,"M52 임대자료 대사, M53 순수익·현금, M38 임차인 협의, M35 인도 조건 필요",설계 범위 정리 / 실제 구현·전문 능력 미검증,docs/reviews/occupation-work-review.csv#027
028,위임형,공인중개사 (토지·개발),"개발 적합성 검토, 권리·접근성 목록, 조건부 거래안",지적·토지이용·등기·도로권리·측량·사업구상·관청 확인,토지 실측·현장 접근 확인; 상대·기관의 결정과 실제 성과는 관측 전 미확정,관할·행위별 자격자 전속·명의·위임 조건 확인; 자격 행위 자체의 대체는 주장하지 않음,지도상 도로 존재를 적법한 진입권이나 허가 가능성으로 간주하면 실패,"M07 GIS·측량, M12 입지조건, M18 확인근거, M34·M38 조건부 거래 판단 필요",설계 범위 정리 / 실제 구현·전문 능력 미검증,docs/reviews/occupation-work-review.csv#028
029,위임형,경매사,"권리분석표, 총취득비용·입찰가 계산, 잔금·인도 계획",매각물건명세·현황조사·등기·임대차·감정평가·점유·대출조건,현장 점유 확인·실물 인도; 상대·기관의 결정과 실제 성과는 관측 전 미확정,행위·대상별 위임·동의·접근·서비스 조건 확인; 직무명으로 실행 권한을 부여하지 않음,낙찰 할인율이 좋아도 인수 권리·현금 부족·실제 점유를 놓치면 실패,"M25 권리·점유 관계, M53 총원가, M07 실사, M27 실제 입찰대리 범위를 별도로 확인해야 함",설계 범위 정리 / 실제 구현·전문 능력 미검증,docs/reviews/occupation-work-review.csv#029
030,위임형,감정평가사,"감정평가 계산·조서, 평가서 초안, 민감도·현장 미확인 목록",평가목적·기준일·실거래·권리·물리상태·임대자료·현장확인,새 현장 조사·실측; 상대·기관의 결정과 실제 성과는 관측 전 미확정,관할·행위별 자격자 전속·명의·위임 조건 확인; 자격 행위 자체의 대체는 주장하지 않음,비교거래가 많다는 이유로 다른 권리·용도·기준시점을 혼합하면 실패,"M21 평가방법 지식, M16 거래자료, M53 보정·민감도, M39 현장·서명 기여 분리 필요",설계 범위 정리 / 실제 구현·전문 능력 미검증,docs/reviews/occupation-work-review.csv#030
031,위임형,건축사 (주택·소규모 건축),"CAD/BIM 원본, 평면·단면·상세도, 면적·법규표, 허가·공사 협의자료",대지·측량·건축물·지반·요구공간·예산·현황도,현장 실측·시공·감리 현장 수행; 상대·기관의 결정과 실제 성과는 관측 전 미확정,관할·행위별 자격자 전속·명의·위임 조건 확인; 자격 행위 자체의 대체는 주장하지 않음,예쁜 렌더만 있고 실제 치수·계단·구조·수량이 맞지 않으면 실패,"M07·M09 CAD/BIM 구조, M35 공간·법규 명세, M53 계산, M25 변경전파·M39 실측 연계 필요",설계 범위 정리 / 실제 구현·전문 능력 미검증,docs/reviews/occupation-work-review.csv#031
032,위임형,건축사 (대형·공공 건축),"통합 BIM·도면·시방서, 간섭처리표, 단계공사·심의 자료",발주 요구·공간표·설계기준·BIM·장비 사양·공사 단계,현장 실측·시공·감리 현장 수행; 상대·기관의 결정과 실제 성과는 관측 전 미확정,관할·행위별 자격자 전속·명의·위임 조건 확인; 자격 행위 자체의 대체는 주장하지 않음,간섭을 화면에서 없앴지만 유지보수·장비 반입·공사 중 운영이 불가능하면 실패,"M04 공동설계, M25 객체·요구 연결, M10 BIM 도구, M35 운영·시공 명세, M42 통합검증 필요",설계 범위 정리 / 실제 구현·전문 능력 미검증,docs/reviews/occupation-work-review.csv#032
033,위임형,기술사 (구조),"해석모델, 구조계산서, 보강도면, 조사·시험 요구서",구조도·하중·설비 동적조건·실측·재료시험·지반·사용조건,구조 실측·재료 시험·보강 시공; 상대·기관의 결정과 실제 성과는 관측 전 미확정,관할·행위별 자격자 전속·명의·위임 조건 확인; 자격 행위 자체의 대체는 주장하지 않음,솔버가 수렴해도 잘못된 지지조건·하중·기존 재료값을 썼으면 실패,"M53 해석·단위·수렴, M54 모형 타당성, M39 조사·재료시험, M42 독립 구조 검토 필요",설계 범위 정리 / 실제 구현·전문 능력 미검증,docs/reviews/occupation-work-review.csv#033
034,위임형,기술사 (기계·전기 설비),"설비도·부하계산, 운전 sequence, 시험·개선 계획",부하·단선도·배관·공조도·계측·기기곡선·제어로직,설비 설치·배선·현장 계측·시운전; 상대·기관의 결정과 실제 성과는 관측 전 미확정,관할·행위별 자격자 전속·명의·위임 조건 확인; 자격 행위 자체의 대체는 주장하지 않음,평균 온도·요금만 좋아지고 국부 과열·전환 실패가 남으면 실패,"M53 부하·유체·전력 계산, M54 고장 모의, M25 설비 의존, M10·M39 현장 시운전 필요",설계 범위 정리 / 실제 구현·전문 능력 미검증,docs/reviews/occupation-work-review.csv#034
035,위임형,보험설계사 (생명·장기),"보장 비교표, 보험료·유지 시나리오, 제안·설명 기록",기존 약관·가입금액·납입·건강고지·가계예산·가족 필요,새 현장·실물 수행은 현재 범위에 포함하지 않음; 상대·기관의 결정과 실제 성과는 관측 전 미확정,관할·행위별 자격자 전속·명의·위임 조건 확인; 자격 행위 자체의 대체는 주장하지 않음,월 보험료만 줄이고 보장 공백·조건부 인수·해지 손실을 감추면 실패,"M21 약관 지식, M53 장기현금, M38 설명·이해 확인, M27 적합성·고지 책임 필요",설계 범위 정리 / 실제 구현·전문 능력 미검증,docs/reviews/occupation-work-review.csv#035
036,위임형,보험설계사 (손해·자동차),"위험·보장 비교표, 갱신 제안, 사고 접수자료",운행·사업 실태·기존 증권·특약·사고·갱신 견적,새 현장·실물 수행은 현재 범위에 포함하지 않음; 상대·기관의 결정과 실제 성과는 관측 전 미확정,관할·행위별 자격자 전속·명의·위임 조건 확인; 자격 행위 자체의 대체는 주장하지 않음,가장 싼 견적을 고르면서 실제 용도·면책·특약 조건을 확인하지 않으면 실패,"M17 위험 실태, M12·M21 약관 적용, M38 설명, M35 청약·접수 경로 필요",설계 범위 정리 / 실제 구현·전문 능력 미검증,docs/reviews/occupation-work-review.csv#036
037,위임형,보험계리사,"계리모형, 가정 보고서, 가격·준비금 산출, 검증 메모",계약·보험금·해지·사업비·경제 가정·재보험·상품조건,새 현장·실물 수행은 현재 범위에 포함하지 않음; 상대·기관의 결정과 실제 성과는 관측 전 미확정,관할·행위별 자격자 전속·명의·위임 조건 확인; 자격 행위 자체의 대체는 주장하지 않음,평균 손해율만 맞추고 선택효과·해지·보증·공통 충격의 상호작용을 빼면 실패,"M52 경험데이터, M53 계리엔진, M54 장기 시나리오, M43 독립 산출 검증 필요",설계 범위 정리 / 실제 구현·전문 능력 미검증,docs/reviews/occupation-work-review.csv#037
038,위임형,손해사정사 (재물·배상),"손해액 계산, 증빙대장, 손해사정서 초안, 보험자 질의답변",보험약관·현장기록·재고·매입매출·생산·복구견적·주문취소,사고 현장 실측·실물 감정; 상대·기관의 결정과 실제 성과는 관측 전 미확정,관할·행위별 자격자 전속·명의·위임 조건 확인; 자격 행위 자체의 대체는 주장하지 않음,피해자 주장액을 합산하거나 매출 감소 전체를 사고 손해로 처리하면 실패,"M18 사고 인과·증거, M53 손해모형, M39 현장확인, M35 약관별 산정 기준 필요",설계 범위 정리 / 실제 구현·전문 능력 미검증,docs/reviews/occupation-work-review.csv#038
039,위임형,손해사정사 (신체·질병),"장해·약관 대비표, 청구증빙, 산정·의견 자료",보험증권·약관·사고경위·진료·검사·진단·이전 병력,새 진료·장해 검사; 상대·기관의 결정과 실제 성과는 관측 전 미확정,관할·행위별 자격자 전속·명의·위임 조건 확인; 자격 행위 자체의 대체는 주장하지 않음,진단명만으로 지급액을 확정하거나 서로 다른 평가 시점을 혼합하면 실패,"M07 의료 원본, M21 약관·평가 지식, M18 인과·시점, M39 의료전문가 판단 경계 필요",설계 범위 정리 / 실제 구현·전문 능력 미검증,docs/reviews/occupation-work-review.csv#039
040,위임형,투자자문사,"투자정책, 자산배분·리밸런싱 제안, 위험·성과 보고",자산·부채·현금계획·투자목적·거래제약·포지션·시장자료,새 현장·실물 수행은 현재 범위에 포함하지 않음; 상대·기관의 결정과 실제 성과는 관측 전 미확정,관할·행위별 자격자 전속·명의·위임 조건 확인; 자격 행위 자체의 대체는 주장하지 않음,기대수익은 높지만 필수 현금 시점이나 매도 제한을 놓치면 실패,"M33 손실·유동성, M53 포트폴리오, M34 목표 우선순위, M31 자문·실행 권한 구분 필요",설계 범위 정리 / 실제 구현·전문 능력 미검증,docs/reviews/occupation-work-review.csv#040
041,위임형,재무설계사,"생애현금흐름표, 저축·부채·보장 계획, 목표별 조정안",소득·지출·부채·연금·보장·가족 목표·세후 자산,새 현장·실물 수행은 현재 범위에 포함하지 않음; 상대·기관의 결정과 실제 성과는 관측 전 미확정,행위·대상별 위임·동의·접근·서비스 조건 확인; 직무명으로 실행 권한을 부여하지 않음,단일 수익률 가정으로 은퇴 가능을 단정하거나 배우자 목표·비밀을 합치면 실패,"M53 다기간 모델, M38 목표 협의, M25 가족·약정 상태, M37 추적 필요",설계 범위 정리 / 실제 구현·전문 능력 미검증,docs/reviews/occupation-work-review.csv#041
042,위임형,대출상담사 (주택·개인),"대출 비교표, 신청·보완 자료, 실행 일정·미확정 조건",소득·재직·신용·채무·매매계약·담보·금융기관 조건,새 현장·실물 수행은 현재 범위에 포함하지 않음; 상대·기관의 결정과 실제 성과는 관측 전 미확정,관할·행위별 자격자 전속·명의·위임 조건 확인; 자격 행위 자체의 대체는 주장하지 않음,사전 한도 조회를 확정 승인으로 보고 잔금 지급을 약속하면 실패,"M13 심사조건, M53 상환·금리 비용, M10 신청 상태, M36 승인과 실행 구별 필요",설계 범위 정리 / 실제 구현·전문 능력 미검증,docs/reviews/occupation-work-review.csv#042
043,위임형,대출상담사 (사업자·기업),"조달 구조표, 신청사업계획, 현금·상환표, 조건 이행목록",재무·자금표·수주·담보·보증·대출약정·지원요건,새 현장·실물 수행은 현재 범위에 포함하지 않음; 상대·기관의 결정과 실제 성과는 관측 전 미확정,관할·행위별 자격자 전속·명의·위임 조건 확인; 자격 행위 자체의 대체는 주장하지 않음,한도를 단순 합산하거나 대출 용도·선행 약정 때문에 실행 불가한 안을 제안하면 실패,"M25 담보·약정 관계, M33·M53 현금·노출, M35 금융기관 절차 필요",설계 범위 정리 / 실제 구현·전문 능력 미검증,docs/reviews/occupation-work-review.csv#043
044,위임형,의사 (만성질환),"제공된 진료기록·검사값·약물 목록 정리, 근거 검토, 진료 판단자료·설명·추적 초안",진료기록·처방목록·검사·자가측정·증상·복약·생활기록,대면 진찰·새 검사·시술; 상대·기관의 결정과 실제 성과는 관측 전 미확정,관할·행위별 자격자 전속·명의·위임 조건 확인; 자격 행위 자체의 대체는 주장하지 않음,수치 하나를 정상화하는 계획만 내고 병용약·측정오류·급성 변화·실제 진료 필요를 놓치면 실패,"M25 종단 환자상태, M21 임상판단, M38 이해·실행 지원, M39 검사·처방·대면 평가 경계 필요",설계 범위 정리 / 실제 구현·전문 능력 미검증,docs/reviews/occupation-work-review.csv#044
045,위임형,의사 (정신건강),"제공된 진료·면담 자료의 정리와 근거 검토, 평가·치료계획·설명·연계 초안",진료·치료 이력·증상 시간축·약물·가족정보·기능·위험평가,대면 진찰·새 검사·시술; 상대·기관의 결정과 실제 성과는 관측 전 미확정,관할·행위별 자격자 전속·명의·위임 조건 확인; 자격 행위 자체의 대체는 주장하지 않음,설문 점수나 가족 말만으로 상태를 확정하거나 안전·동의·의학적 판단을 놓치면 실패,"M18 다중 정보원, M25 종단상태, M38 치료관계, M39 의료전문 판단·위기연계 검증 필요",설계 범위 정리 / 실제 구현·전문 능력 미검증,docs/reviews/occupation-work-review.csv#045
046,위임형,심리상담사 (개인),"사례개념화, 회기 계획·기록, 과제·진행평가·종결 또는 연계",초기면담·회기기록·동의·생활 기능·목표·반응·안전 정보,새 현장·실물 수행은 현재 범위에 포함하지 않음; 상대·기관의 결정과 실제 성과는 관측 전 미확정,행위·대상별 위임·동의·접근·서비스 조건 확인; 직무명으로 실행 권한을 부여하지 않음,공감 문장을 잘 쓰지만 변화 기제를 파악하지 못하고 회기 목표·관계 손상을 추적하지 못하면 실패,"M22 상담 암묵지, M25 회기 상태, M38 관계·개입, M45·M51 기능 변화 평가 필요",설계 범위 정리 / 실제 구현·전문 능력 미검증,docs/reviews/occupation-work-review.csv#046
047,위임형,심리상담사 (아동·청소년),"사례개념화, 아동 활동·회기안, 보호자 지도·협력계획",발달·학교생활·회기 관찰·보호자 면담·동의·기능자료,새 현장·실물 수행은 현재 범위에 포함하지 않음; 상대·기관의 결정과 실제 성과는 관측 전 미확정,행위·대상별 위임·동의·접근·서비스 조건 확인; 직무명으로 실행 권한을 부여하지 않음,성인용 대화만 적용하거나 보호자 보고를 아동의 의사·사실로 대체하면 실패,"M21 발달·상담 지식, M38 비언어·놀이 및 관계 기술, M31 동의·공유 경계, M39 현장 관찰 필요",설계 범위 정리 / 실제 구현·전문 능력 미검증,docs/reviews/occupation-work-review.csv#047
048,위임형,심리상담사 (부부·가족),"관계 사례개념화, 회기 개입안, 공동 과제·진행 기록",각자 호소·관계사·상호작용·상담계약·비밀정책·안전정보,새 현장·실물 수행은 현재 범위에 포함하지 않음; 상대·기관의 결정과 실제 성과는 관측 전 미확정,행위·대상별 위임·동의·접근·서비스 조건 확인; 직무명으로 실행 권한을 부여하지 않음,한쪽의 설득 도구가 되거나 비밀을 무단 공유하고 위험한 공동상담을 계속하면 실패,"M38 다자관계 개입, M27·M31 상담계약·경계, M25 가족 상호작용, M51 관계·기능 평가 필요",설계 범위 정리 / 실제 구현·전문 능력 미검증,docs/reviews/occupation-work-review.csv#048
049,위임형,영양사,"식단·대체식 목록, 영양 계산표, 상담·추적 계획",식사기록·검사·질환·약물·알레르기·근무·예산·식품정보,조리·급식 실물 제공; 상대·기관의 결정과 실제 성과는 관측 전 미확정,행위·대상별 위임·동의·접근·서비스 조건 확인; 직무명으로 실행 권한을 부여하지 않음,영양 합계만 맞고 실제 구매·조리·근무 중 섭취가 불가능하면 실패,"M53 영양·제약 계산, M21 질환 지식, M38 행동 지원, M39 진료와 영양 업무 경계 필요",설계 범위 정리 / 실제 구현·전문 능력 미검증,docs/reviews/occupation-work-review.csv#049
050,위임형,번역가 (산업·법률 문서),"번역 DOCX·대조본·용어집·질의표, 형식 보존본",원문 편집본·계약 부속·기존 번역·용어집·도면·독자 요구,새 현장·실물 수행은 현재 범위에 포함하지 않음; 상대·기관의 결정과 실제 성과는 관측 전 미확정,행위·대상별 위임·동의·접근·서비스 조건 확인; 직무명으로 실행 권한을 부여하지 않음,유창하지만 수치·부정·정의·참조를 바꾸거나 원문 모호성을 임의 해결하면 실패,"M21 전문 용어, M25 정의·참조 관계, M09 원본 편집, M43 이중언어 감수 필요",설계 범위 정리 / 실제 구현·전문 능력 미검증,docs/reviews/occupation-work-review.csv#050
051,위임형,번역가 (출판·문학),"번역 원고, 인명·말투 표, 편집 질의·교정본",전권 원고·작가 의도·시대자료·인물설정·출판 지침,새 현장·실물 수행은 현재 범위에 포함하지 않음; 상대·기관의 결정과 실제 성과는 관측 전 미확정,행위·대상별 위임·동의·접근·서비스 조건 확인; 직무명으로 실행 권한을 부여하지 않음,문장별 의미는 맞아도 화자 구별·복선·문학적 효과가 사라지면 실패,"M23 작풍, M22 번역 선택 사례, M25 장기 서사, M46 독립 독서·문학 평가 필요",설계 범위 정리 / 실제 구현·전문 능력 미검증,docs/reviews/occupation-work-review.csv#051
052,위임형,번역가 (영상·게임 현지화),"현지화 파일·자막·더빙 대본, LQA 오류표, 용어집",문자열 키·분기·스크린샷·빌드·음성·타임코드·용어집,새 현장·실물 수행은 현재 범위에 포함하지 않음; 상대·기관의 결정과 실제 성과는 관측 전 미확정,행위·대상별 위임·동의·접근·서비스 조건 확인; 직무명으로 실행 권한을 부여하지 않음,번역표는 맞아도 변수 손상·성별 호응·버튼 잘림·자막 싱크가 깨지면 실패,"M07 구조·맥락 읽기, M25 키·분기 연결, M09 타임라인, M10·M42 빌드 LQA 필요",설계 범위 정리 / 실제 구현·전문 능력 미검증,docs/reviews/occupation-work-review.csv#052
053,위임형,통역사 (국제회의 동시통역),"실시간 통역 음성, 용어·인계자료, 허용된 기록",의제·연사자료·용어집·실시간 음성·채널·부스 인계정보,새 현장·실물 수행은 현재 범위에 포함하지 않음; 상대·기관의 결정과 실제 성과는 관측 전 미확정,행위·대상별 위임·동의·접근·서비스 조건 확인; 직무명으로 실행 권한을 부여하지 않음,사후 번역문은 정확해도 실시간 누락·오역·지연이 청중 판단을 바꾸면 실패,"M08 지연·끼어들기, M21 전문용어, M38 실시간 전달, M42 의미·수치 평가 필요",설계 범위 정리 / 실제 구현·전문 능력 미검증,docs/reviews/occupation-work-review.csv#053
054,위임형,통역사 (비즈니스·법정),허용된 원격 통로에서 실시간 통역·의미 확인·용어·질의 기록,의제·계약용어·발언·메모·역할·비밀 조건,현장 출석 통역; 상대·기관의 결정과 실제 성과는 관측 전 미확정,행위·대상별 위임·동의·접근·서비스 조건 확인; 직무명으로 실행 권한을 부여하지 않음,통역을 협상 대리나 법률 조언으로 바꾸거나 약속 수준을 임의 강화하면 실패,"M38 화행·대인 맥락, M27 중립·비밀, M08 순차 응답, M31 역할 경계 필요",설계 범위 정리 / 실제 구현·전문 능력 미검증,docs/reviews/occupation-work-review.csv#054
055,위임형,카피라이터,"카피 대안, 랜딩 문안, 메시지 근거표·실험안",고객 인터뷰·상품조건·효익 근거·광고·퍼널·환불·브랜드 톤,새 현장·실물 수행은 현재 범위에 포함하지 않음; 상대·기관의 결정과 실제 성과는 관측 전 미확정,행위·대상별 위임·동의·접근·서비스 조건 확인; 직무명으로 실행 권한을 부여하지 않음,클릭만 늘리고 조건 오해·환불을 키우거나 근거 없는 효익을 만들면 실패,"M22 설득 선택 사례, M23 브랜드 톤, M54 실험, M51 실제 전환·유지 성과 필요",설계 범위 정리 / 실제 구현·전문 능력 미검증,docs/reviews/occupation-work-review.csv#055
056,위임형,외주 개발 (웹·앱),"소스·빌드·배포, 운영·인수 문서, 검증 기록",계약·요구·기존 코드·API·결제·예약데이터·배포환경,새 현장·실물 수행은 현재 범위에 포함하지 않음; 상대·기관의 결정과 실제 성과는 관측 전 미확정,행위·대상별 위임·동의·접근·서비스 조건 확인; 직무명으로 실행 권한을 부여하지 않음,화면 데모는 되지만 결제 중복·권한·예약 충돌·운영 인수가 안 되면 실패,"M35 요구·변경 계약, M10 개발환경, M25 코드·데이터 의존, M42·M40 운영 인수 필요",설계 범위 정리 / 실제 구현·전문 능력 미검증,docs/reviews/occupation-work-review.csv#056
057,위임형,외주 개발 (시스템 구축·SI),"매핑·변환 코드, 이행·대사 보고, cutover·복구 계획, 사용자 교육·인수",프로세스·코드표·원천 DB·인터페이스·권한·마감·전환계획,새 현장·실물 수행은 현재 범위에 포함하지 않음; 상대·기관의 결정과 실제 성과는 관측 전 미확정,행위·대상별 위임·동의·접근·서비스 조건 확인; 직무명으로 실행 권한을 부여하지 않음,건수가 맞아도 거래 의미·잔액·권한·업무 마감이 어긋나면 실패,"M52 데이터 전환, M04 사용자·부서 협의, M35 전환·교육, M42 업무 단위 대사 필요",설계 범위 정리 / 실제 구현·전문 능력 미검증,docs/reviews/occupation-work-review.csv#057
058,위임형,영상 제작자 (광고·홍보),"콘티·촬영 지시서, 제공된 촬영본 또는 허용된 생성 자산의 편집·납품",브리프·제품근거·콘티·촬영원본·권리·매체규격·예산,새 촬영·현장 녹음; 상대·기관의 결정과 실제 성과는 관측 전 미확정,행위·대상별 위임·동의·접근·서비스 조건 확인; 직무명으로 실행 권한을 부여하지 않음,영상이 화려해도 제품 표현이 틀리거나 타 매체 변형·편집 원본·권리가 빠지면 실패,"M35 제작 명세, M09·M10 편집·렌더, M55 자산, M40 외주·매체별 인수 필요",설계 범위 정리 / 실제 구현·전문 능력 미검증,docs/reviews/occupation-work-review.csv#058
059,고용형,경영기획,"전사 예산모델, KPI 정의, 경영회의 자료, 조치·책임 목록",사업부 계획·수주·인력·CAPEX·손익·현금·실적,새 현장·실물 수행은 현재 범위에 포함하지 않음; 상대·기관의 결정과 실제 성과는 관측 전 미확정,행위·대상별 위임·동의·접근·서비스 조건 확인; 직무명으로 실행 권한을 부여하지 않음,사업부 숫자를 합쳤지만 인력 중복·내부거래·현금 부족을 놓치면 실패,"M53 연결 계획모델, M25 부서 의존, M38 목표 조정, M51 원인별 실적 추적 필요",설계 범위 정리 / 실제 구현·전문 능력 미검증,docs/reviews/occupation-work-review.csv#059
060,고용형,전략,"전략메모, 시장·단위경제 모델, 옵션·투자 기준, 검증계획",고객·경쟁·가격·채널·원가·역량·규제·투자자료,새 현장·실물 수행은 현재 범위에 포함하지 않음; 상대·기관의 결정과 실제 성과는 관측 전 미확정,행위·대상별 위임·동의·접근·서비스 조건 확인; 직무명으로 실행 권한을 부여하지 않음,시장규모만 크게 잡고 실제 구매·경쟁 반응·실행역량이 없는 전략이면 실패,"M19 탐색, M22 전략 사례, M34 조건부 선택, M54 시장검증, M53 단위경제 필요",설계 범위 정리 / 실제 구현·전문 능력 미검증,docs/reviews/occupation-work-review.csv#060
061,고용형,사업개발,"제휴 제안·사업계획, 계약조건표, PoC·매출전환 계획",파트너 제안·고객수요·원가·공급능력·API·계약·매출 가정,새 현장·실물 수행은 현재 범위에 포함하지 않음; 상대·기관의 결정과 실제 성과는 관측 전 미확정,행위·대상별 위임·동의·접근·서비스 조건 확인; 직무명으로 실행 권한을 부여하지 않음,MOU 체결을 사업 성과로 세고 실제 고객·마진·납품역량을 확인하지 않으면 실패,"M38 다자협상, M53 사업경제, M35 파일럿·전환, M40 계약 후 운영 인수 필요",설계 범위 정리 / 실제 구현·전문 능력 미검증,docs/reviews/occupation-work-review.csv#061
062,고용형,인사 (평가·보상),"평가기준·등급 근거, 보상 시뮬레이션, 조정·이의 처리 기록",직무·목표·평가·반품·보상·시장임금·인건비·이의자료,새 현장·실물 수행은 현재 범위에 포함하지 않음; 상대·기관의 결정과 실제 성과는 관측 전 미확정,행위·대상별 위임·동의·접근·서비스 조건 확인; 직무명으로 실행 권한을 부여하지 않음,점수 분포만 맞추고 성과 측정 왜곡·차별·예산·설명가능성을 놓치면 실패,"M21 직무평가, M53 보상모델, M38 조정·이의, M45·M51 집단·행동 영향 검증 필요",설계 범위 정리 / 실제 구현·전문 능력 미검증,docs/reviews/occupation-work-review.csv#062
063,고용형,인사 (조직·인재개발),"역할·책임안, 역량·교육설계, 실습·코칭자료, 효과평가",역할·조직도·설문·면담·업무흐름·이탈·교육·성과,새 현장·실물 수행은 현재 범위에 포함하지 않음; 상대·기관의 결정과 실제 성과는 관측 전 미확정,행위·대상별 위임·동의·접근·서비스 조건 확인; 직무명으로 실행 권한을 부여하지 않음,강의자료·만족도만 만들고 현장 실행·역할 충돌·성과 전이를 못 바꾸면 실패,"M22 조직 단서, M35 교육·변화관리, M38 코칭, M54·M51 행동 전이 평가 필요",설계 범위 정리 / 실제 구현·전문 능력 미검증,docs/reviews/occupation-work-review.csv#063
064,고용형,채용,"직무기술서, 소싱·면접안, 평가표, 오퍼·채용보고",직무·필수역량·지원서·과제·면접평가·보상·퍼널,새 현장·실물 수행은 현재 범위에 포함하지 않음; 상대·기관의 결정과 실제 성과는 관측 전 미확정,행위·대상별 위임·동의·접근·서비스 조건 확인; 직무명으로 실행 권한을 부여하지 않음,이력서 키워드나 면접 호감으로 선발하거나 요건·평가·처우가 서로 다르면 실패,"M35 직무·면접 명세, M18 지원자 증거, M38 면접·오퍼, M51 입사 후 성과 필요",설계 범위 정리 / 실제 구현·전문 능력 미검증,docs/reviews/occupation-work-review.csv#064
065,고용형,회계,"결산분개, 연결정산표, 재무제표·주석, 검토조서",시산표·원장·연결패키지·계약·재고·내부거래·전기주석,새 현장·실물 수행은 현재 범위에 포함하지 않음; 상대·기관의 결정과 실제 성과는 관측 전 미확정,행위·대상별 위임·동의·접근·서비스 조건 확인; 직무명으로 실행 권한을 부여하지 않음,분개 차변·대변은 맞지만 수익 인식·연결 제거·판본이 틀리면 실패,"M21 회계정책, M52 연결대사, M53 계산, M25 보고·주석 의존 및 M43 검토 필요",설계 범위 정리 / 실제 구현·전문 능력 미검증,docs/reviews/occupation-work-review.csv#065
066,고용형,재무,"투자·재무모델, 조달안, 이사회 자료, 약정 점검표",투자현금·사업계획·차입약정·만기·세금·자본비용·주주 요구,새 현장·실물 수행은 현재 범위에 포함하지 않음; 상대·기관의 결정과 실제 성과는 관측 전 미확정,행위·대상별 위임·동의·접근·서비스 조건 확인; 직무명으로 실행 권한을 부여하지 않음,NPV만 높고 초기 현금·차입 조건·후속 자금이 없어 실행할 수 없으면 실패,"M53 투자·조달 모델, M33 현금·약정 제약, M34 실행 대안, M38 금융기관 협의 필요",설계 범위 정리 / 실제 구현·전문 능력 미검증,docs/reviews/occupation-work-review.csv#066
067,고용형,자금,"일일·주간 자금표, 집행·조달 지시, 은행 대사·미결 목록",은행잔액·입출금 예정·승인·통화·결제·이체 응답,새 현장·실물 수행은 현재 범위에 포함하지 않음; 상대·기관의 결정과 실제 성과는 관측 전 미확정,행위·대상별 위임·동의·접근·서비스 조건 확인; 직무명으로 실행 권한을 부여하지 않음,예상 입금을 확정 현금으로 쓰거나 타임아웃 이체를 중복하면 실패,"M10 은행 실행·조회, M25 지급상태, M33 공유 현금, M53 자금예측 필요",설계 범위 정리 / 실제 구현·전문 능력 미검증,docs/reviews/occupation-work-review.csv#067
068,고용형,원가,"원가계산표, 차이분석, 배부정책·제품별 의사결정 자료",BOM·공정·작업시간·생산량·불량·매입·배부기준,새 현장·실물 수행은 현재 범위에 포함하지 않음; 상대·기관의 결정과 실제 성과는 관측 전 미확정,행위·대상별 위임·동의·접근·서비스 조건 확인; 직무명으로 실행 권한을 부여하지 않음,회계상 배부원가만 보고 공헌이익 높은 제품을 단종시키면 실패,"M52 생산·회계 연결, M53 원가·증분모델, M21 배부지식, M34 경영의사결정 필요",설계 범위 정리 / 실제 구현·전문 능력 미검증,docs/reviews/occupation-work-review.csv#068
069,고용형,세무 (사내),"세무의견·계산, 재편 대안표, 신고·공시 지원자료, 사후관리",법인별 원장·계약·거래실질·지분·세무조정·정관·재편안,새 현장·실물 수행은 현재 범위에 포함하지 않음; 상대·기관의 결정과 실제 성과는 관측 전 미확정,행위·대상별 위임·동의·접근·서비스 조건 확인; 직무명으로 실행 권한을 부여하지 않음,일부 세금만 낮춰 이중과세·현금 부족·다른 절차의 설명 충돌을 만들면 실패,"M12·M14 관할·해석, M53 세후 현금, M04 회계·법무 협의, M25 설명·조건 연결 필요",설계 범위 정리 / 실제 구현·전문 능력 미검증,docs/reviews/occupation-work-review.csv#069
070,고용형,펀드매니저 (주식),"포트폴리오·주문계획, 투자근거, 유동성·위험·성과 보고",투자지침·보유·주문·환매예정·호가·공시·거래제약,새 현장·실물 수행은 현재 범위에 포함하지 않음; 상대·기관의 결정과 실제 성과는 관측 전 미확정,관할·행위별 자격자 전속·명의·위임 조건 확인; 자격 행위 자체의 대체는 주장하지 않음,평가수익률은 좋지만 환매자금 부족·매도 충격·규정 위반을 놓치면 실패,"M53 최적화·기여분석, M33 유동성·한도, M10 주문·대사, M34 투자 논거 재검토 필요",설계 범위 정리 / 실제 구현·전문 능력 미검증,docs/reviews/occupation-work-review.csv#070
071,고용형,펀드매니저 (채권),"채권평가·민감도, 신용메모, 거래·위험 보고",곡선·스프레드·채권조건·재무·평가·호가·보유·약정,새 현장·실물 수행은 현재 범위에 포함하지 않음; 상대·기관의 결정과 실제 성과는 관측 전 미확정,관할·행위별 자격자 전속·명의·위임 조건 확인; 자격 행위 자체의 대체는 주장하지 않음,듀레이션 하나로 위험을 설명하거나 평가가를 실행 가능 가격으로 간주하면 실패,"M21 채권조건·모형, M53 현금·민감도, M16 실행호가, M33 결합 위험 필요",설계 범위 정리 / 실제 구현·전문 능력 미검증,docs/reviews/occupation-work-review.csv#071
072,고용형,대체투자 운용 (PE·부동산·인프라),"투자심의·운영개선안, 가치·회수모델, 약정·협상자료",투자계약·주주권리·차입·영업지표·가치평가·자금·매각제안,새 현장·실물 수행은 현재 범위에 포함하지 않음; 상대·기관의 결정과 실제 성과는 관측 전 미확정,관할·행위별 자격자 전속·명의·위임 조건 확인; 자격 행위 자체의 대체는 주장하지 않음,장부 평가액을 방어하려 추가자금을 넣으면서 실제 회수·권리·현금 위험을 감추면 실패,"M53 투자·회수모델, M38 다자협상, M33 자본호출·노출, M25 권리·약정 필요",설계 범위 정리 / 실제 구현·전문 능력 미검증,docs/reviews/occupation-work-review.csv#072
073,고용형,애널리스트 (리서치),"리서치 보고서, 실적·가치 모델, 투자논거·촉매·위험표",공시·실적·수주·산업통계·경쟁·컨퍼런스콜·기존모델,새 현장·실물 수행은 현재 범위에 포함하지 않음; 상대·기관의 결정과 실제 성과는 관측 전 미확정,행위·대상별 위임·동의·접근·서비스 조건 확인; 직무명으로 실행 권한을 부여하지 않음,경영진 발표를 그대로 예측치로 바꾸거나 같은 원천 재인용을 독립 근거로 세면 실패,"M19 원천탐색, M18 사실·예측 구분, M53 동인 모델, M47 추정 변경 이력 필요",설계 범위 정리 / 실제 구현·전문 능력 미검증,docs/reviews/occupation-work-review.csv#073
074,고용형,트레이더,"주문·체결기록, 집행품질·슬리피지, 위험·예외 보고",주문목표·한도·호가·체결·거래소 상태·포지션·시간조건,새 현장·실물 수행은 현재 범위에 포함하지 않음; 상대·기관의 결정과 실제 성과는 관측 전 미확정,관할·행위별 자격자 전속·명의·위임 조건 확인; 자격 행위 자체의 대체는 주장하지 않음,주문 API 성공만 보고 포지션을 확정하거나 중복 주문·지연 노출을 놓치면 실패,"M08·M10 저지연 실행, M25 주문상태, M33 합산 노출, M53 집행분석 필요",설계 범위 정리 / 실제 구현·전문 능력 미검증,docs/reviews/occupation-work-review.csv#074
075,고용형,여신심사 (개인),"심사의견, 한도·조건 계산, 보완요청·결정 기록",신청·소득·채무·신용·담보·거래·모형결과·심사기준,새 현장·실물 수행은 현재 범위에 포함하지 않음; 상대·기관의 결정과 실제 성과는 관측 전 미확정,관할·행위별 자격자 전속·명의·위임 조건 확인; 자격 행위 자체의 대체는 주장하지 않음,점수만 따르고 상환부담·자료 위조·대리변수 영향을 검토하지 않으면 실패,"M18 신청증거, M53 상환·평가, M34 예외 판단, M27·M45 설명·공정성 검사 필요",설계 범위 정리 / 실제 구현·전문 능력 미검증,docs/reviews/occupation-work-review.csv#075
076,고용형,여신심사 (기업),"여신심사서, 신용·현금모델, 담보·조건표, 모니터링 기준",재무·계좌·채권연령·재고·수주·담보·보증·약정,새 현장·실물 수행은 현재 범위에 포함하지 않음; 상대·기관의 결정과 실제 성과는 관측 전 미확정,관할·행위별 자격자 전속·명의·위임 조건 확인; 자격 행위 자체의 대체는 주장하지 않음,담보감정가만 믿고 중복 보증·현금전환 악화·조건 이행 실패를 놓치면 실패,"M25 그룹·보증 연결, M53 현금·신용, M33 노출, M37 사후 징후 필요",설계 범위 정리 / 실제 구현·전문 능력 미검증,docs/reviews/occupation-work-review.csv#076
077,고용형,리스크 관리,"위험·집중도 보고, 스트레스 결과, 한도·완화 조치안",포지션·거래상대·담보·약정·시장·손실·모형·한도,새 현장·실물 수행은 현재 범위에 포함하지 않음; 상대·기관의 결정과 실제 성과는 관측 전 미확정,행위·대상별 위임·동의·접근·서비스 조건 확인; 직무명으로 실행 권한을 부여하지 않음,부서별 위험 수치를 더한 것만으로 분산효과·비선형 손실을 판단하면 실패,"M52 노출통합, M53·M54 결합 모형, M33 한도, M43 모형·데이터 독립검증 필요",설계 범위 정리 / 실제 구현·전문 능력 미검증,docs/reviews/occupation-work-review.csv#077
078,고용형,보험 언더라이터 (인수 심사),"인수검토서, 조건·추가자료 요청, 요율·누적 검토",청약·사업·재물·손해·방재·검진 등 위험자료·재보험·누적,새 현장·실물 수행은 현재 범위에 포함하지 않음; 상대·기관의 결정과 실제 성과는 관측 전 미확정,관할·행위별 자격자 전속·명의·위임 조건 확인; 자격 행위 자체의 대체는 주장하지 않음,개별 계약의 보험료만 보고 누적 재해노출·제외조건·불완전 자료를 놓치면 실패,"M21 인수기준, M53 요율·누적, M18 실태정보, M34 예외·영업 압력 구분 필요",설계 범위 정리 / 실제 구현·전문 능력 미검증,docs/reviews/occupation-work-review.csv#078
079,고용형,IB (인수·자금조달 주선),"거래제안·가치모델, 투자자 자료, 조건표·실사·종결목록",실사·재무·계약·발행조건·투자자 수요·규정·자금계획,새 현장·실물 수행은 현재 범위에 포함하지 않음; 상대·기관의 결정과 실제 성과는 관측 전 미확정,관할·행위별 자격자 전속·명의·위임 조건 확인; 자격 행위 자체의 대체는 주장하지 않음,투자자 자료는 낙관적으로 쓰고 계약·실사 위험은 반영하지 않거나 인수·자문 역할을 섞으면 실패,"M04 실사·법무협력, M38 수요·조건 협상, M53 가격·조달, M31 역할·승인 경계 필요",설계 범위 정리 / 실제 구현·전문 능력 미검증,docs/reviews/occupation-work-review.csv#079
080,고용형,법무 (소송·분쟁),"사건대장, 로펌 지시·증거묶음, 전략·비용·충당 검토, 합의안",사건·계약·증거·로펌 의견·비용·보험·공시·임직원 관계,새 현장·실물 수행은 현재 범위에 포함하지 않음; 상대·기관의 결정과 실제 성과는 관측 전 미확정,행위·대상별 위임·동의·접근·서비스 조건 확인; 직무명으로 실행 권한을 부여하지 않음,외부로펌 결과를 붙이기만 하고 회사·임원 이해충돌과 제출 설명 모순을 놓치면 실패,"M04 전문팀 조정, M25 사건·자료 연결, M31 회사 위임, M34·M43 통합 판단 필요",설계 범위 정리 / 실제 구현·전문 능력 미검증,docs/reviews/occupation-work-review.csv#080
081,고용형,법무 (규제·컴플라이언스),"규제 적용표, 통제·출시조건, 의견·질의자료, 운영 점검",국가·서비스흐름·데이터·규정·기관안내·계약·통제증거,새 현장·실물 수행은 현재 범위에 포함하지 않음; 상대·기관의 결정과 실제 성과는 관측 전 미확정,행위·대상별 위임·동의·접근·서비스 조건 확인; 직무명으로 실행 권한을 부여하지 않음,법령 목록만 만들고 실제 데이터·행동·담당 통제와 연결하지 않으면 실패,"M12·M14 적용 해석, M25 행위·관할 연결, M35 통제설계, M37 규정·운영 변화 감시 필요",설계 범위 정리 / 실제 구현·전문 능력 미검증,docs/reviews/occupation-work-review.csv#081
082,고용형,계약 관리,"계약 redline, 조항·의무대장, 승인기록, 갱신·종료 계획",계약 원본·수정대조·협상메일·약정·운영원가·만기,새 현장·실물 수행은 현재 범위에 포함하지 않음; 상대·기관의 결정과 실제 성과는 관측 전 미확정,행위·대상별 위임·동의·접근·서비스 조건 확인; 직무명으로 실행 권한을 부여하지 않음,서명본 저장은 했지만 실제 의무·갱신·위험전가 차이가 운영에 반영되지 않으면 실패,"M07 계약 구조, M25 조항·이벤트 연결, M38 협상, M37 만기·조건 감시 필요",설계 범위 정리 / 실제 구현·전문 능력 미검증,docs/reviews/occupation-work-review.csv#082
083,고용형,브랜드 마케팅,"브랜드 전략·캠페인 브리프, 메시지 체계, 채널 가이드·효과보고",고객인식·브랜드추적·경쟁·상품근거·채널·매출·캠페인,새 현장·실물 수행은 현재 범위에 포함하지 않음; 상대·기관의 결정과 실제 성과는 관측 전 미확정,행위·대상별 위임·동의·접근·서비스 조건 확인; 직무명으로 실행 권한을 부여하지 않음,화제성만 높고 제품 약속·고객 인식·매장 경험이 어긋나면 실패,"M23 브랜드 정체성, M22 고객 단서, M35 통합 실행, M54·M51 브랜드·매출 효과검증 필요",설계 범위 정리 / 실제 구현·전문 능력 미검증,docs/reviews/occupation-work-review.csv#083
084,고용형,퍼포먼스 마케팅,"광고운영안, 귀속·이익 대시보드, 소재·랜딩 테스트, 예산 변경",광고·클릭·주문·고객·반품·마진·재고·귀속 정의,새 현장·실물 수행은 현재 범위에 포함하지 않음; 상대·기관의 결정과 실제 성과는 관측 전 미확정,행위·대상별 위임·동의·접근·서비스 조건 확인; 직무명으로 실행 권한을 부여하지 않음,플랫폼 매출만 최적화해 중복귀속·취소·자기잠식·품절 광고비를 놓치면 실패,"M52 광고-주문 연결, M53 이익 최적화, M54 증분 실험, M10 집행·M51 순성과 필요",설계 범위 정리 / 실제 구현·전문 능력 미검증,docs/reviews/occupation-work-review.csv#084
085,고용형,콘텐츠 마케팅,콘텐츠 맵·원고·편집안·배포계획·성과보고,검색질의·고객질문·기존콘텐츠·상품정보·리드·매출,새 현장·실물 수행은 현재 범위에 포함하지 않음; 상대·기관의 결정과 실제 성과는 관측 전 미확정,행위·대상별 위임·동의·접근·서비스 조건 확인; 직무명으로 실행 권한을 부여하지 않음,글 수·조회수만 늘고 제품 적합 고객의 다음 행동이나 사실 정확성이 개선되지 않으면 실패,"M21 상품지식, M34 주제 선택, M09 제작, M25 주장·링크, M51 리드·계약 연결 필요",설계 범위 정리 / 실제 구현·전문 능력 미검증,docs/reviews/occupation-work-review.csv#085
086,고용형,CRM,"세그먼트·자동화 여정, 메시지·혜택안, 대조평가·실행기록",고객ID·주문·동의·접점·쿠폰·마진·캠페인·대조군,새 현장·실물 수행은 현재 범위에 포함하지 않음; 상대·기관의 결정과 실제 성과는 관측 전 미확정,행위·대상별 위임·동의·접근·서비스 조건 확인; 직무명으로 실행 권한을 부여하지 않음,재구매율은 올라도 할인 누수·중복접촉·동의 위반·피로도가 커지면 실패,"M52 고객 식별, M31·M32 동의·접근, M54 대조실험, M10 캠페인·M51 증분이익 필요",설계 범위 정리 / 실제 구현·전문 능력 미검증,docs/reviews/occupation-work-review.csv#086
087,고용형,홍보,"보도자료·Q&A·입장문, 문의대장, 메시지·정정 이력",제보·검증사실·제품·사고·문의·이해관계자·공개조건,새 현장·실물 수행은 현재 범위에 포함하지 않음; 상대·기관의 결정과 실제 성과는 관측 전 미확정,행위·대상별 위임·동의·접근·서비스 조건 확인; 직무명으로 실행 권한을 부여하지 않음,좋은 표현으로 위기를 덮다가 사실과 다른 단정·부서별 모순·후속조치 부재가 드러나면 실패,"M18 사실확인, M04·M38 부서·언론 조정, M31 공개권한, M08 긴급 응대 필요",설계 범위 정리 / 실제 구현·전문 능력 미검증,docs/reviews/occupation-work-review.csv#087
088,고용형,영업 (B2B 신규 개척),"계정·기회계획, 제안서·견적, 검증·협상 기록, 계약 인계",고객업무·관계자·RFP·기술·예산·경쟁·가격·공급능력,새 현장·실물 수행은 현재 범위에 포함하지 않음; 상대·기관의 결정과 실제 성과는 관측 전 미확정,행위·대상별 위임·동의·접근·서비스 조건 확인; 직무명으로 실행 권한을 부여하지 않음,많은 미팅·견적을 성과로 세고 실제 예산·결정권·납품가능성을 확인하지 않으면 실패,"M38 발견질문·협상, M17 계정맥락, M53 가치·가격, M35 수주·납품 전환 필요",설계 범위 정리 / 실제 구현·전문 능력 미검증,docs/reviews/occupation-work-review.csv#088
089,고용형,영업 (B2B 기존·키어카운트),"계정계획, 갱신·확장 제안, 양보·약속·인계 기록",사용·장애·계약·원가·구매조직·갱신일·경쟁제안,새 현장·실물 수행은 현재 범위에 포함하지 않음; 상대·기관의 결정과 실제 성과는 관측 전 미확정,행위·대상별 위임·동의·접근·서비스 조건 확인; 직무명으로 실행 권한을 부여하지 않음,갱신 매출을 지키려고 손실 계약·무권한 개발 약속을 늘리면 실패,"M17 계정 이력, M38 협상, M33·M53 계정 수익, M35 약속 이행 연결 필요",설계 범위 정리 / 실제 구현·전문 능력 미검증,docs/reviews/occupation-work-review.csv#089
090,고용형,기술영업 (프리세일즈),"요구 대응표, 아키텍처·데모·PoC 결과, 기술 제안·인계서",RFP·구성도·실데이터 특성·연계·성능·보안·인수조건,새 현장·실물 수행은 현재 범위에 포함하지 않음; 상대·기관의 결정과 실제 성과는 관측 전 미확정,행위·대상별 위임·동의·접근·서비스 조건 확인; 직무명으로 실행 권한을 부여하지 않음,통제된 데모 성공을 운영 적합성으로 보고 제약을 숨기면 실패,"M21 기술지식, M54 부하·복구 실험, M10 실제 연계, M09·M40 제안·실행물 제작·인수 필요",설계 범위 정리 / 실제 구현·전문 능력 미검증,docs/reviews/occupation-work-review.csv#090
091,고용형,해외영업,"수출 제안·견적·협상안, 주문·선적 인계, 회수 계획",바이어 신용·거래조건·규격·운송·환율·대금회수·허가 자료,새 현장·실물 수행은 현재 범위에 포함하지 않음; 상대·기관의 결정과 실제 성과는 관측 전 미확정,행위·대상별 위임·동의·접근·서비스 조건 확인; 직무명으로 실행 권한을 부여하지 않음,매출만 보고 회수 불능·통관 불가·조건 간 책임 공백을 놓치면 실패,"M38 다국어 협상, M53 환율·조건별 수익, M35 수출 이행, M26 적용요건 필요",설계 범위 정리 / 실제 구현·전문 능력 미검증,docs/reviews/occupation-work-review.csv#091
092,고용형,영업관리,"수주·매출·미수 대장, 예측표, 인센티브 정산·정정 기록",CRM·주문·출하·청구·입금·반품·실적규정,새 현장·실물 수행은 현재 범위에 포함하지 않음; 상대·기관의 결정과 실제 성과는 관측 전 미확정,행위·대상별 위임·동의·접근·서비스 조건 확인; 직무명으로 실행 권한을 부여하지 않음,수주·매출·현금의 상태를 섞어 좋은 숫자를 만들면 실패,"M52 시스템 대사, M25 주문 상태, M53 예측·보상 계산, M47 정정 추적 필요",설계 범위 정리 / 실제 구현·전문 능력 미검증,docs/reviews/occupation-work-review.csv#092
093,고용형,고객성공,"성공계획, 교육·활용 자료, 건강도 근거, 개선·갱신 인계",고객 목표·이용행동·지원이력·조직변경·계약·성과지표,새 현장·실물 수행은 현재 범위에 포함하지 않음; 상대·기관의 결정과 실제 성과는 관측 전 미확정,행위·대상별 위임·동의·접근·서비스 조건 확인; 직무명으로 실행 권한을 부여하지 않음,로그인·교육 참석을 고객 성과로 바꾸거나 영업 약속을 임의 확정하면 실패,"M17 고객 맥락, M38 발견·조정, M35 온보딩, M51 성과·건강도 보정 필요",설계 범위 정리 / 실제 구현·전문 능력 미검증,docs/reviews/occupation-work-review.csv#093
094,고용형,PM·PO (B2C 앱),"문제정의·제품요건, 실험계획·분석, 로드맵·출시 판단",인터뷰·행동로그·퍼널·코호트·실험배정·환불·개발비,새 현장·실물 수행은 현재 범위에 포함하지 않음; 상대·기관의 결정과 실제 성과는 관측 전 미확정,행위·대상별 위임·동의·접근·서비스 조건 확인; 직무명으로 실행 권한을 부여하지 않음,단기 클릭 상승을 성공으로 삼아 사용자 피해·측정 오류·유지비를 놓치면 실패,"M34 제품 판단, M52 계측, M54 인과 실험, M35 우선순위·출시 필요",설계 범위 정리 / 실제 구현·전문 능력 미검증,docs/reviews/occupation-work-review.csv#094
095,고용형,PM·PO (B2B SaaS),"제품요건·권한모형, 우선순위·전환계획, 고객별 수용 기준",고객 업무·계약·권한·데이터모형·사용량·지원비·로드맵,새 현장·실물 수행은 현재 범위에 포함하지 않음; 상대·기관의 결정과 실제 성과는 관측 전 미확정,행위·대상별 위임·동의·접근·서비스 조건 확인; 직무명으로 실행 권한을 부여하지 않음,수주만 위해 공통 제품·격리·업그레이드 경로를 무너뜨리면 실패,"M25 테넌트·상태, M31·M32 권한, M53 총비용, M35 제품·계약 의존 필요",설계 범위 정리 / 실제 구현·전문 능력 미검증,docs/reviews/occupation-work-review.csv#095
096,고용형,PMO,"통합계획, 의사결정·변경대장, 자원·리스크 보고",범위·WBS·의존·자원·계약·진척 근거·변경요청,새 현장·실물 수행은 현재 범위에 포함하지 않음; 상대·기관의 결정과 실제 성과는 관측 전 미확정,행위·대상별 위임·동의·접근·서비스 조건 확인; 직무명으로 실행 권한을 부여하지 않음,개별 녹색 상태를 합쳐 전체 정상이라고 하거나 완료율을 근거 없이 인정하면 실패,"M35 자원 제약 계획, M25 의존 상태, M33 결합위험, M04 팀 조정 필요",설계 범위 정리 / 실제 구현·전문 능력 미검증,docs/reviews/occupation-work-review.csv#096
097,고용형,게임 기획 (시스템·경제),"시스템 명세·경제표, 시뮬레이션, 패치·보상안",재화 흐름·생산소비·행동·거래·아이템·성장·운영정책,새 현장·실물 수행은 현재 범위에 포함하지 않음; 상대·기관의 결정과 실제 성과는 관측 전 미확정,행위·대상별 위임·동의·접근·서비스 조건 확인; 직무명으로 실행 권한을 부여하지 않음,평균 경제 안정만 보고 신규·과금·정상 거래자의 경험과 악용 경로를 놓치면 실패,"M53 경제모형, M54 다중 행위자·플레이 실험, M52 이벤트 계측, M35 라이브 전환 필요",설계 범위 정리 / 실제 구현·전문 능력 미검증,docs/reviews/occupation-work-review.csv#097
098,고용형,MD (온라인),"상품·행사계획, 발주·가격표, 손익·소진 분석",SKU·원가·가격·수수료·광고·재고·주문·반품·검색,새 현장·실물 수행은 현재 범위에 포함하지 않음; 상대·기관의 결정과 실제 성과는 관측 전 미확정,행위·대상별 위임·동의·접근·서비스 조건 확인; 직무명으로 실행 권한을 부여하지 않음,거래액을 이익으로 세거나 반품·채널 비용을 늦게 반영하면 실패,"M53 SKU 손익·수요, M52 채널 대사, M10 판매 실행, M54 가격·구성 실험 필요",설계 범위 정리 / 실제 구현·전문 능력 미검증,docs/reviews/occupation-work-review.csv#098
099,고용형,MD (오프라인 매입),"매입·구색·배분 계획, 공급조건, 소진·손익 보고",매장별 판매·재고·공간·매입·반품·납기·공급사 조건,매장 진열·실물 검수; 상대·기관의 결정과 실제 성과는 관측 전 미확정,행위·대상별 위임·동의·접근·서비스 조건 확인; 직무명으로 실행 권한을 부여하지 않음,전체 평균만 보고 점포별 품절·과잉과 약정 비용을 놓치면 실패,"M53 매장별 배분·손익, M38 매입 협상, M35 입고·이동, M07 매장 관측 인수 필요",설계 범위 정리 / 실제 구현·전문 능력 미검증,docs/reviews/occupation-work-review.csv#099
100,고용형,구매 (직접재·자재),"소싱·대체 검토, 발주·조건서, 검증·공급 회복 계획",BOM·도면·규격·재고·수요·공급계약·검사·승인 이력,제조·실물 자재 검사; 상대·기관의 결정과 실제 성과는 관측 전 미확정,행위·대상별 위임·동의·접근·서비스 조건 확인; 직무명으로 실행 권한을 부여하지 않음,싼 대체품 확보를 완료로 삼고 양산 불가·추적성·단종 위험을 놓치면 실패,"M21 규격·BOM, M54 대체 시험, M53 공급 총비용, M35 승인·납기 필요",설계 범위 정리 / 실제 구현·전문 능력 미검증,docs/reviews/occupation-work-review.csv#100
101,고용형,구매 (간접재·서비스),"평가표·구매안, 계약 요구·검수표, 공급사 성과평가",요구범위·제안·단가·SLA·사용권·보안·전환·종료조건,새 현장·실물 수행은 현재 범위에 포함하지 않음; 상대·기관의 결정과 실제 성과는 관측 전 미확정,행위·대상별 위임·동의·접근·서비스 조건 확인; 직무명으로 실행 권한을 부여하지 않음,금액만 비교하거나 모호한 납품 범위를 계약 후에 발견하면 실패,"M18 제안 근거, M53 총소유비용, M38 협상, M35·M40 납품·인수 계약 필요",설계 범위 정리 / 실제 구현·전문 능력 미검증,docs/reviews/occupation-work-review.csv#101
102,고용형,풀스택,"실행 코드·마이그레이션, 테스트·배포·복구 절차",요구·코드·스키마·계약·로그·배포·회귀 사례,새 현장·실물 수행은 현재 범위에 포함하지 않음; 상대·기관의 결정과 실제 성과는 관측 전 미확정,행위·대상별 위임·동의·접근·서비스 조건 확인; 직무명으로 실행 권한을 부여하지 않음,화면 정상만 확인하고 거래 일관성·권한·복구 불능을 놓치면 실패,"M10 빌드·실행, M35 의존 변경, M54 통합·장애 시험, M40 실행 납품 필요",설계 범위 정리 / 실제 구현·전문 능력 미검증,docs/reviews/occupation-work-review.csv#102
103,고용형,프론트엔드,"컴포넌트·화면, 접근성·성능·상호작용 검증 기록",디자인·상태모형·API·기기·접근성·성능·번역,새 현장·실물 수행은 현재 범위에 포함하지 않음; 상대·기관의 결정과 실제 성과는 관측 전 미확정,행위·대상별 위임·동의·접근·서비스 조건 확인; 직무명으로 실행 권한을 부여하지 않음,스크린샷 유사성만으로 사용 가능·중복 방지를 통과시키면 실패,"M36·M40·M42 상호작용 인수, M54 브라우저·보조기술 시험, M08 응답성, M52 계측 필요",설계 범위 정리 / 실제 구현·전문 능력 미검증,docs/reviews/occupation-work-review.csv#103
104,고용형,백엔드,"서버 코드·스키마, API 계약, 부하·복구·대사 결과",API·이벤트·스키마·거래로그·외부 응답·장애조건,새 현장·실물 수행은 현재 범위에 포함하지 않음; 상대·기관의 결정과 실제 성과는 관측 전 미확정,행위·대상별 위임·동의·접근·서비스 조건 확인; 직무명으로 실행 권한을 부여하지 않음,정상 요청만 통과하고 돈·주문·재고 중복 또는 유실을 허용하면 실패,"M25 상태, M10 외부 실행, M54 동시·실패 실험, M35·M42 복구 필요",설계 범위 정리 / 실제 구현·전문 능력 미검증,docs/reviews/occupation-work-review.csv#104
105,고용형,모바일,"앱 구현·빌드·동기화·배포 자료, 시뮬레이터 및 허용된 원격 장비 시험",플랫폼·기기·권한·로컬DB·서버계약·버전·스토어 요구,물리 기기 설치·조작; 상대·기관의 결정과 실제 성과는 관측 전 미확정,행위·대상별 위임·동의·접근·서비스 조건 확인; 직무명으로 실행 권한을 부여하지 않음,에뮬레이터 정상만 보고 실기기·백그라운드·버전 혼재 문제를 놓치면 실패,"M21 플랫폼, M54 실기기·망 시험, M31 계정 경계, M40·M42 설치·업데이트 인수 필요",설계 범위 정리 / 실제 구현·전문 능력 미검증,docs/reviews/occupation-work-review.csv#105
106,고용형,게임 개발,"게임 빌드·패치, 성능·네트워크·저장 회귀 결과",게임규칙·상태·에셋·저장·네트워크·성능·경제로그,새 현장·실물 수행은 현재 범위에 포함하지 않음; 상대·기관의 결정과 실제 성과는 관측 전 미확정,행위·대상별 위임·동의·접근·서비스 조건 확인; 직무명으로 실행 권한을 부여하지 않음,실행 성공만 보고 재미·동기화·경제·기존 저장 손상을 놓치면 실패,"M54 실플레이·지연 시험, M25 게임 상태, M55 에셋·M42 엔진 호환, M35·M42 라이브 복구 필요",설계 범위 정리 / 실제 구현·전문 능력 미검증,docs/reviews/occupation-work-review.csv#106
107,고용형,임베디드·펌웨어,"펌웨어·설정·갱신물 제작, 가상·원격 시험과 제공된 장치 시험기록 분석",회로·데이터시트·타이밍·버스·메모리·센서·실기기 로그,장치 조립·배선·전원 조작·실기기 실험; 상대·기관의 결정과 실제 성과는 관측 전 미확정,행위·대상별 위임·동의·접근·서비스 조건 확인; 직무명으로 실행 권한을 부여하지 않음,시뮬레이터 성공을 전기·타이밍·실장 환경 검증으로 바꾸면 실패,"M21 하드웨어 규격, M54 HIL·실측, M08 실시간 제약, M39 장비·현장 인수 필요",설계 범위 정리 / 실제 구현·전문 능력 미검증,docs/reviews/occupation-work-review.csv#107
108,고용형,QA·테스트 엔지니어,"테스트 전략·재현 자료·결함대장, 회귀·출시 의견",요구·변경영향·장애이력·데이터·환경·테스트·운영 징후,새 현장·실물 수행은 현재 범위에 포함하지 않음; 상대·기관의 결정과 실제 성과는 관측 전 미확정,행위·대상별 위임·동의·접근·서비스 조건 확인; 직무명으로 실행 권한을 부여하지 않음,구현을 그대로 확인하는 테스트 수·통과율을 품질 증거로 삼으면 실패,"M49 독립 오라클·보호 사례, M54 환경·장애 주입, M43 결함 판단, M51 누락 추적 필요",설계 범위 정리 / 실제 구현·전문 능력 미검증,docs/reviews/occupation-work-review.csv#108
109,고용형,데이터 엔지니어,"파이프라인·데이터계약, 품질·계보·재처리 기록",원천계약·스키마·이벤트시간·키·계보·품질·삭제범위,새 현장·실물 수행은 현재 범위에 포함하지 않음; 상대·기관의 결정과 실제 성과는 관측 전 미확정,행위·대상별 위임·동의·접근·서비스 조건 확인; 직무명으로 실행 권한을 부여하지 않음,파이프라인 녹색만 보고 의미 오류·중복·삭제 복원을 놓치면 실패,"M52 데이터계약·계보, M25 시간·상태, M31·M32 삭제 경계, M35·M42 재처리 필요",설계 범위 정리 / 실제 구현·전문 능력 미검증,docs/reviews/occupation-work-review.csv#109
110,고용형,데이터 분석가,"재현 분석·대시보드, 원인 가설·검증안·의사결정 메모",지표정의·원천·SQL·코호트·정책변경·추적·실험,새 현장·실물 수행은 현재 범위에 포함하지 않음; 상대·기관의 결정과 실제 성과는 관측 전 미확정,행위·대상별 위임·동의·접근·서비스 조건 확인; 직무명으로 실행 권한을 부여하지 않음,상관·계측 변화를 원인으로 단정하거나 유리한 분모만 고르면 실패,"M52 지표·대사, M53 통계, M54 인과 검증, M18 결론 근거 필요",설계 범위 정리 / 실제 구현·전문 능력 미검증,docs/reviews/occupation-work-review.csv#110
111,고용형,데이터 사이언티스트,"재현 모델·검증, 개입·비용 분석, 적용·모니터링 조건",목표·시점·라벨·특성·표본·개입·비용·업무정책,새 현장·실물 수행은 현재 범위에 포함하지 않음; 상대·기관의 결정과 실제 성과는 관측 전 미확정,행위·대상별 위임·동의·접근·서비스 조건 확인; 직무명으로 실행 권한을 부여하지 않음,오프라인 정확도를 업무 효과로 간주하거나 미래 정보를 쓰면 실패,"M53 통계·목적함수, M54 시간분할·개입 시험, M52 라벨·계보, M51 성과 감시 필요",설계 범위 정리 / 실제 구현·전문 능력 미검증,docs/reviews/occupation-work-review.csv#111
112,고용형,AI·ML 엔지니어,"모델 서비스·검색 파이프라인, 평가·배포·회귀 자료",문서·권한·검색·프롬프트·모델·평가셋·비용·로그,새 현장·실물 수행은 현재 범위에 포함하지 않음; 상대·기관의 결정과 실제 성과는 관측 전 미확정,행위·대상별 위임·동의·접근·서비스 조건 확인; 직무명으로 실행 권한을 부여하지 않음,평균 답변 점수로 권한 누출·근거 부재·비용·변동성을 가리면 실패,"M18 근거, M31·M32 격리, M49 평가, M42·M50 변경관리, M10 서빙 필요",설계 범위 정리 / 실제 구현·전문 능력 미검증,docs/reviews/occupation-work-review.csv#112
113,고용형,인프라·DevOps,"IaC·파이프라인, 복구·운영 절차, 시험·비용·사고 개선",구성·의존·SLO·부하·비용·백업·키·배포·사고,새 현장·실물 수행은 현재 범위에 포함하지 않음; 상대·기관의 결정과 실제 성과는 관측 전 미확정,행위·대상별 위임·동의·접근·서비스 조건 확인; 직무명으로 실행 권한을 부여하지 않음,백업 존재와 설정 문서를 복구 성공으로 세면 실패,"M35·M42 실제 복구, M33 공동 장애·비용, M54 재해 시험, M10 배포·관측 필요",설계 범위 정리 / 실제 구현·전문 능력 미검증,docs/reviews/occupation-work-review.csv#113
114,고용형,IT 운영,"처리·권한변경 기록, 자산대장, 운영 절차·개선안",인사변동·계정·자산·티켓·접근·라이선스·변경이력,하드웨어 현장 설치·수리; 상대·기관의 결정과 실제 성과는 관측 전 미확정,행위·대상별 위임·동의·접근·서비스 조건 확인; 직무명으로 실행 권한을 부여하지 않음,티켓 종료만 보고 실제 접근 잔존·업무 미복구·비용 누수를 놓치면 실패,"M31·M32 신원·권한, M25 자산·티켓 상태, M35·M42 복구, M47 변경 증거 필요",설계 범위 정리 / 실제 구현·전문 능력 미검증,docs/reviews/occupation-work-review.csv#114
115,고용형,정보보안 (침해 대응),"사고 타임라인·증거목록, 대응·복구 기록, 원인·영향 보고",원본로그·타임라인·계정·호스트·네트워크·자산·백업,새 현장·실물 수행은 현재 범위에 포함하지 않음; 상대·기관의 결정과 실제 성과는 관측 전 미확정,행위·대상별 위임·동의·접근·서비스 조건 확인; 직무명으로 실행 권한을 부여하지 않음,경보 소멸을 근절로 여기거나 근거 없이 피해 범위를 확정하면 실패,"M18 증거·불확실성, M35 대응 순서, M35·M42 복구, M33 결합 영향, M10 포렌식 도구 필요",설계 범위 정리 / 실제 구현·전문 능력 미검증,docs/reviews/occupation-work-review.csv#115
116,고용형,정보보안 (취약점 관리),"취약점·예외대장, 조치계획·검증 증거",자산·버전·노출·스캔·악용조건·업무·패치·보완통제,새 현장·실물 수행은 현재 범위에 포함하지 않음; 상대·기관의 결정과 실제 성과는 관측 전 미확정,행위·대상별 위임·동의·접근·서비스 조건 확인; 직무명으로 실행 권한을 부여하지 않음,CVSS 순위·패치 건수만으로 위험 해소를 주장하거나 승인 없이 공격하면 실패,"M18 진위, M33 맥락별 위험, M32 시험 권한, M54 조치 검증 필요",설계 범위 정리 / 실제 구현·전문 능력 미검증,docs/reviews/occupation-work-review.csv#116
117,고용형,정보보안 (거버넌스·인증),"통제체계·적용표, 위험·예외대장, 운영 증거·개선계획",범위·자산·처리흐름·위탁·통제·증빙·예외·사고,새 현장·실물 수행은 현재 범위에 포함하지 않음; 상대·기관의 결정과 실제 성과는 관측 전 미확정,행위·대상별 위임·동의·접근·서비스 조건 확인; 직무명으로 실행 권한을 부여하지 않음,문서 존재·인증 획득을 실제 보안 효과로 대체하면 실패,"M26 적용 범위, M18 운영증거, M49 통제 효과 평가, M35 개선 추적 필요",설계 범위 정리 / 실제 구현·전문 능력 미검증,docs/reviews/occupation-work-review.csv#117
118,고용형,UI/UX·제품 디자인,"조사·여정·설계 근거, 프로토타입·디자인 시스템, 사용성 결과",사용자 관찰·과업·역할·빈도·오류·접근성·제품 제약,새 현장·실물 수행은 현재 범위에 포함하지 않음; 상대·기관의 결정과 실제 성과는 관측 전 미확정,행위·대상별 위임·동의·접근·서비스 조건 확인; 직무명으로 실행 권한을 부여하지 않음,화면 미감·만족도만으로 과업 성공·효율·복구를 판단하면 실패,"M07 사용자 관찰, M34 설계 판단, M54 과업 실험, M36·M40·M42 상태·접근성 인수 필요",설계 범위 정리 / 실제 구현·전문 능력 미검증,docs/reviews/occupation-work-review.csv#118
119,고용형,그래픽,"편집 원본·매체별 파일, 에셋·출력 명세",브리프·문안·브랜드·에셋권리·매체규격·인쇄조건,새 현장·실물 수행은 현재 범위에 포함하지 않음; 상대·기관의 결정과 실제 성과는 관측 전 미확정,행위·대상별 위임·동의·접근·서비스 조건 확인; 직무명으로 실행 권한을 부여하지 않음,한 화면의 멋진 시안만 보고 가독성·실출력·편집 가능성을 놓치면 실패,"M22 시각 기준, M09 생성·편집, M55 원본자산·M40·M42 색·출력 인수, M54 실매체 검증 필요",설계 범위 정리 / 실제 구현·전문 능력 미검증,docs/reviews/occupation-work-review.csv#119
120,고용형,브랜드 디자인,"브랜드 전략·아이덴티티, 가이드·템플릿, 전환계획",시장·고객·경쟁·기존자산·상표·브랜드 구조·접점,새 현장·실물 수행은 현재 범위에 포함하지 않음; 상대·기관의 결정과 실제 성과는 관측 전 미확정,행위·대상별 위임·동의·접근·서비스 조건 확인; 직무명으로 실행 권한을 부여하지 않음,로고만 바꾸고 차별성·인식·상표 검토·실제 접점 운영을 놓치면 실패,"M34 포지셔닝, M22 브랜드 판단, M38 이해관계 조정, M55 자산·M09 가이드 전개 필요",설계 범위 정리 / 실제 구현·전문 능력 미검증,docs/reviews/occupation-work-review.csv#120
121,고용형,모션,"모션 원본·렌더·규격별 변형, 재생·편집 인수",보드·에셋·타이밍·음향·플랫폼·프레임·접근성,새 현장·실물 수행은 현재 범위에 포함하지 않음; 상대·기관의 결정과 실제 성과는 관측 전 미확정,행위·대상별 위임·동의·접근·서비스 조건 확인; 직무명으로 실행 권한을 부여하지 않음,정지 프레임 품질만 보고 타이밍·보간·알파·실재생 오류를 놓치면 실패,"M09 모션 제작, M21 엔진·코덱, M55 원본·M09 타임라인, M54 실재생 필요",설계 범위 정리 / 실제 구현·전문 능력 미검증,docs/reviews/occupation-work-review.csv#121
122,고용형,편집 디자인,"편집 원본·인쇄 PDF, 교정·출력 검수 기록",확정원고·표·이미지·스타일·판형·용지·인쇄·교정,새 현장·실물 수행은 현재 범위에 포함하지 않음; 상대·기관의 결정과 실제 성과는 관측 전 미확정,행위·대상별 위임·동의·접근·서비스 조건 확인; 직무명으로 실행 권한을 부여하지 않음,페이지별 보기만 확인해 참조·누락·넘침·인쇄 부적합을 놓치면 실패,"M25 문서 의존, M55 폰트·M35·M40 조판·출력 계약, M10 DTP 도구, M43 교정 필요",설계 범위 정리 / 실제 구현·전문 능력 미검증,docs/reviews/occupation-work-review.csv#122
123,고용형,제품 (산업) 디자인,"네이티브 CAD·도면·BOM·시제품 명세 제작, 제공된 시험 결과 분석·양산 인계자료",사용자·치수·재료·구조·공차·공정·원가·시험,시제품 제작·실물 시험·양산; 상대·기관의 결정과 실제 성과는 관측 전 미확정,행위·대상별 위임·동의·접근·서비스 조건 확인; 직무명으로 실행 권한을 부여하지 않음,렌더를 제조 가능성으로 세거나 실물 검증 없이 공차·열·강도를 확정하면 실패,"M09·M55 CAD·도면·BOM 제작·자산, M53 공학 계산, M54 실물 시험, M39 제작·실측 인수 필요",설계 범위 정리 / 실제 구현·전문 능력 미검증,docs/reviews/occupation-work-review.csv#123
124,고용형,PD,"기획·제작계획·콜시트·예산·권리대장, 제공된 촬영본 편집·최종본 납품",기획·대본·취재·출연·권리·예산·촬영·편성,촬영·출연·현장 제작; 상대·기관의 결정과 실제 성과는 관측 전 미확정,행위·대상별 위임·동의·접근·서비스 조건 확인; 직무명으로 실행 권한을 부여하지 않음,계획 문서만 완성하고 취재·촬영·권리·최종 편성 조건을 확보하지 못하면 실패,"M34 기획, M35 제작 의존, M38 출연·팀 조정, M39 촬영 인수, M09·M40 최종본 제작·인수 필요",설계 범위 정리 / 실제 구현·전문 능력 미검증,docs/reviews/occupation-work-review.csv#124
125,고용형,방송 작가 (구성),"구성안·질문지·대본, 출처·수정·편집 인계",취재·인터뷰 원본·검증자료·구성·분량·출연·편성,새 현장·실물 수행은 현재 범위에 포함하지 않음; 상대·기관의 결정과 실제 성과는 관측 전 미확정,행위·대상별 위임·동의·접근·서비스 조건 확인; 직무명으로 실행 권한을 부여하지 않음,서사 완성도를 위해 인과·인용·발언 취지를 바꾸면 실패,"M18 취재 근거, M22 구성 감각, M09 대본·미디어 연계, M25 타임코드·M40 인계 필요",설계 범위 정리 / 실제 구현·전문 능력 미검증,docs/reviews/occupation-work-review.csv#125
126,고용형,에디터,"편집 원고·질의서·팩트체크, 교정·출판 인계",원고·원출처·독자·편집방침·계약·일정·권리,새 현장·실물 수행은 현재 범위에 포함하지 않음; 상대·기관의 결정과 실제 성과는 관측 전 미확정,행위·대상별 위임·동의·접근·서비스 조건 확인; 직무명으로 실행 권한을 부여하지 않음,문장만 매끄럽게 만들고 핵심 오류·의미 변화·저자 미합의를 놓치면 실패,"M18 팩트체크, M22 편집 판단, M38 저자 조정, M25 판본·M42 교정 필요",설계 범위 정리 / 실제 구현·전문 능력 미검증,docs/reviews/occupation-work-review.csv#126
127,고용형,영상 편집자,"편집 프로젝트·마스터·자막·분리음원, QC 기록",원본·프록시·타임코드·대본·권리·색·음향·납품규격,새 현장·실물 수행은 현재 범위에 포함하지 않음; 상대·기관의 결정과 실제 성과는 관측 전 미확정,행위·대상별 위임·동의·접근·서비스 조건 확인; 직무명으로 실행 권한을 부여하지 않음,짧은 미리보기만 보고 전체 싱크·색·누락·프로젝트 재열기를 놓치면 실패,"M09 편집, M25 타임라인·M42 코덱·컨폼, M10 편집도구, M54 전편 재생 필요",설계 범위 정리 / 실제 구현·전문 능력 미검증,docs/reviews/occupation-work-review.csv#127
128,고용형,생산관리,제공된 생산·설비·인력 현황으로 계획·납기 조정안·지시자료·실적 보고,주문·BOM·공정·능력·재고·설비·인력·실적,생산 설비·인력의 현장 작업; 상대·기관의 결정과 실제 성과는 관측 전 미확정,행위·대상별 위임·동의·접근·서비스 조건 확인; 직무명으로 실행 권한을 부여하지 않음,총량상 가능해도 공정 순서·전환·검사·현장 능력 때문에 실행 불가하면 실패,"M53 제약 일정, M25 WIP 상태, M35 재계획, M07·M39 현장 실적 인수 필요",설계 범위 정리 / 실제 구현·전문 능력 미검증,docs/reviews/occupation-work-review.csv#128
129,고용형,품질관리,"제공된 검사·추적 자료 분석, 원인 가설·시정계획·고객 대응자료·전자 기록 관리",규격·샘플링·측정계·로트·공정변경·클레임·반품,실물 검사·파괴 시험·현장 시정; 상대·기관의 결정과 실제 성과는 관측 전 미확정,행위·대상별 위임·동의·접근·서비스 조건 확인; 직무명으로 실행 권한을 부여하지 않음,재검 합격만으로 원인 제거를 선언하거나 측정오차·유출 범위를 놓치면 실패,"M18 증거·원인가설, M54 측정계·재현, M25 로트 추적, M35 시정 효과 필요",설계 범위 정리 / 실제 구현·전문 능력 미검증,docs/reviews/occupation-work-review.csv#129
130,고용형,공정 엔지니어,"공정 데이터 분석·조건안·표준서·실험계획, 제공된 시험 결과 검토·변경 인계",공정도·레시피·설비·재료·측정·수율·실험·변경,설비 조작·현장 공정 실험; 상대·기관의 결정과 실제 성과는 관측 전 미확정,행위·대상별 위임·동의·접근·서비스 조건 확인; 직무명으로 실행 권한을 부여하지 않음,짧은 평균 개선을 안정된 양산 효과로 바꾸면 실패,"M53 공정모형, M54 실험·장기 검증, M21 공정지식, M39 실측·파일럿 필요",설계 범위 정리 / 실제 구현·전문 능력 미검증,docs/reviews/occupation-work-review.csv#130
131,고용형,물류,"운송·복구계획·허용된 전산 배차, 제공된 인수·온도·클레임 기록 분석·비용 대사",주문·운송·위치·온도·인수·계약·운임·클레임,운송·하역·실물 인도; 상대·기관의 결정과 실제 성과는 관측 전 미확정,행위·대상별 위임·동의·접근·서비스 조건 확인; 직무명으로 실행 권한을 부여하지 않음,시스템 배송완료를 실제 정상 인도로 세거나 품질 이탈을 일정 문제로만 보면 실패,"M07 센서·인수 증거, M35 예외계획, M53 운송 대안, M38 운송사·고객 조정 필요",설계 범위 정리 / 실제 구현·전문 능력 미검증,docs/reviews/occupation-work-review.csv#131
132,고용형,재고·자재,"제공된 재고·실사 자료 대사, 보충·처분 계획·전산 처리·추적·통제 개선",수불·실사·위치·소유·예약·로트·유효기간·품질상태,창고 실사·이동·폐기; 상대·기관의 결정과 실제 성과는 관측 전 미확정,행위·대상별 위임·동의·접근·서비스 조건 확인; 직무명으로 실행 권한을 부여하지 않음,총수량만 맞추고 실제 가용성·소유권·로트 추적을 놓치면 실패,"M25 재고 상태, M52 수불 대사, M07 실사 인수, M53 보충·소진 필요",설계 범위 정리 / 실제 구현·전문 능력 미검증,docs/reviews/occupation-work-review.csv#132
133,고용형,SCM 계획 (수요예측·S&OP),"수요·공급·재무 통합계획, 시나리오·S&OP 결정록",판매·실수요·품절·판촉·리드타임·능력·재고·현금,새 현장·실물 수행은 현재 범위에 포함하지 않음; 상대·기관의 결정과 실제 성과는 관측 전 미확정,행위·대상별 위임·동의·접근·서비스 조건 확인; 직무명으로 실행 권한을 부여하지 않음,예측 정확도만 개선하고 서비스·재고·현금의 동시 실행 가능성을 놓치면 실패,"M53 확률·제약 계획, M33 현금·공통위험, M04·M38 부서 합의, M35 재계획 필요",설계 범위 정리 / 실제 구현·전문 능력 미검증,docs/reviews/occupation-work-review.csv#133
134,고용형,수출입,"무역서류·통관 인계, 하자·보완대장, 운임·대금 대사",계약·송장·포장·선하증권·원산지·분류·결제조건,실물 선적·검수·운송; 상대·기관의 결정과 실제 성과는 관측 전 미확정,행위·대상별 위임·동의·접근·서비스 조건 확인; 직무명으로 실행 권한을 부여하지 않음,서류별 완성만 확인하고 문서 간 일치·물품·은행 수리 조건을 놓치면 실패,"M42 무역문서 교차검수, M26 적용요건, M35 선적·회수 의존, M38 기관 조정 필요",설계 범위 정리 / 실제 구현·전문 능력 미검증,docs/reviews/occupation-work-review.csv#134
135,고용형,R&D 연구원 (제품·기술),"연구·실험 설계, 제공된 원자료 분석·모의실험, 프로토콜·기술이전 명세",문헌·특허·실험노트·원자료·측정·재료·공정·요구,실험실 조작·시제품 제작·실물 시험; 상대·기관의 결정과 실제 성과는 관측 전 미확정,행위·대상별 위임·동의·접근·서비스 조건 확인; 직무명으로 실행 권한을 부여하지 않음,유리한 실험·평균만 보고 재현성·부정 결과·양산 차이를 숨기면 실패,"M18 연구 근거, M53 모형·분석, M54 실험·재현, M39 장비·시제품 인수 필요",설계 범위 정리 / 실제 구현·전문 능력 미검증,docs/reviews/occupation-work-review.csv#135
136,고용형,인허가 RA (의료기기·의약품),"인허가 전략·제출 패키지, 근거 대응표·답변서, 변경·후속 계획",품목·용도·분류·설계·시험·임상·품질·표시·질의,새 임상·실물 시험; 상대·기관의 결정과 실제 성과는 관측 전 미확정,관할·행위별 자격자 전속·명의·위임 조건 확인; 자격 행위 자체의 대체는 주장하지 않음,제출 문서만 갖추고 실제 증거 적합성·주장 일치·제품 변경 영향을 놓치면 실패,"M26 적용경로, M18 증거 적합성, M09·M40 규제 제출물 제작·인수, M35 시험·기관 의존 필요",설계 범위 정리 / 실제 구현·전문 능력 미검증,docs/reviews/occupation-work-review.csv#136
137,고용형,개발 기획 (시행),"사업성·자금모형, 개발·인허가 계획, 조건·위험·의사결정 자료",권리·도시계획·시장·설계·인허가·원가·자금·약정,현장 실측·시공·실물 인도; 상대·기관의 결정과 실제 성과는 관측 전 미확정,행위·대상별 위임·동의·접근·서비스 조건 확인; 직무명으로 실행 권한을 부여하지 않음,장부상 이익만 보고 토지·허가·현금·시기 조건을 동시에 충족하지 못하면 실패,"M53 사업·현금모형, M33 결합위험, M35 개발 의존, M39 조사·인허가 결과 인수 필요",설계 범위 정리 / 실제 구현·전문 능력 미검증,docs/reviews/occupation-work-review.csv#137
138,고용형,견적·적산,"내역·물량·견적서, 산출 근거·질의·변경대장",도면·BIM·시방·수량·단가·공법·현장·계약·변경,새 현장·실물 수행은 현재 범위에 포함하지 않음; 상대·기관의 결정과 실제 성과는 관측 전 미확정,행위·대상별 위임·동의·접근·서비스 조건 확인; 직무명으로 실행 권한을 부여하지 않음,합계 정확성만 확인하고 범위 누락·중복·판본 불일치·시공 조건을 놓치면 실패,"M07·M42 도면·BIM 판독·대사, M53 수량·원가, M25 변경 의존, M39 현장 조건 인수 필요",설계 범위 정리 / 실제 구현·전문 능력 미검증,docs/reviews/occupation-work-review.csv#138
139,운영형,유튜버 (정보·교육),"대본·영상·보조자료, 근거·학습 확인·개선 기록",학습목표·원출처·대본·시청구간·질문·제작자원,현장 촬영·시연; 상대·기관의 결정과 실제 성과는 관측 전 미확정,행위·대상별 위임·동의·접근·서비스 조건 확인; 직무명으로 실행 권한을 부여하지 않음,시청지속만 보고 학습·정확성·오개념을 검증하지 않으면 실패,"M21 교수·주제지식, M18 근거, M54 이해 실험, M09·M55 영상·자료 필요",설계 범위 정리 / 실제 구현·전문 능력 미검증,docs/reviews/occupation-work-review.csv#139
140,운영형,유튜버 (예능·엔터),"회차·촬영 계획, 제공되거나 허용된 생성 자산 편집·게시·채널 운영",포맷·캐릭터·촬영원본·출연조건·반응·예산·협찬,출연·현장 촬영; 상대·기관의 결정과 실제 성과는 관측 전 미확정,행위·대상별 위임·동의·접근·서비스 조건 확인; 직무명으로 실행 권한을 부여하지 않음,조회수를 위해 맥락 조작·관계 소진에 기대거나 다음 회차 생산성을 잃으면 실패,"M22 예능 판단, M38 출연 조정, M39 촬영 인수, M09·M55 제작, M54 시청 반응 필요",설계 범위 정리 / 실제 구현·전문 능력 미검증,docs/reviews/occupation-work-review.csv#140
141,운영형,유튜버 (리뷰·커머스),"제공된 시험·사용 근거의 비교·리뷰, 영상 편집·협찬 표시·정정·게시",제품·버전·시험조건·실측·가격·협찬·제휴·사용자 요구,제품 직접 사용·실물 비교시험·촬영; 상대·기관의 결정과 실제 성과는 관측 전 미확정,행위·대상별 위임·동의·접근·서비스 조건 확인; 직무명으로 실행 권한을 부여하지 않음,제공 자료를 실사용으로 꾸미거나 수익 때문에 불리한 결과를 빼면 실패,"M18 검증 근거, M54 실물 비교, M27 이해관계, M39 제품 시험 인수, M09·M40 리뷰 제작·납품 필요",설계 범위 정리 / 실제 구현·전문 능력 미검증,docs/reviews/occupation-work-review.csv#141
142,운영형,스트리머,"허용된 생성 캐릭터·제공된 영상 기반 라이브 진행, 장면 전환·모더레이션·후원 기록",방송상태·채팅·모더레이션·후원조건·편성·시청반응,실제 인물의 현장 출연; 상대·기관의 결정과 실제 성과는 관측 전 미확정,행위·대상별 위임·동의·접근·서비스 조건 확인; 직무명으로 실행 권한을 부여하지 않음,채팅 응답만 잘하고 실제 방송 지속·리듬·오디오·갈등 조정을 못하면 실패,"M08 실시간 다중입력, M38 상호작용, M10 방송도구, M35·M42 장애 대응, M54 라이브 리허설 필요",설계 범위 정리 / 실제 구현·전문 능력 미검증,docs/reviews/occupation-work-review.csv#142
143,운영형,숏폼 크리에이터,"숏폼·자막·변형본, 실험·시리즈 개선 기록",주제·시청반응·대본·소스·권리·길이·플랫폼규격,현장 촬영; 상대·기관의 결정과 실제 성과는 관측 전 미확정,행위·대상별 위임·동의·접근·서비스 조건 확인; 직무명으로 실행 권한을 부여하지 않음,조회만 최적화해 내용·브랜드·권리·실제 전환을 훼손하면 실패,"M22 압축 서사, M09·M55 세로영상, M54 변형 실험, M51 장기 반응 필요",설계 범위 정리 / 실제 구현·전문 능력 미검증,docs/reviews/occupation-work-review.csv#143
144,운영형,팟캐스터,"에피소드·전사·쇼노트, 음원·피드·권리 기록",원음·질문·전사·출처·출연동의·음향·피드·협찬,현장 녹음·출연; 상대·기관의 결정과 실제 성과는 관측 전 미확정,행위·대상별 위임·동의·접근·서비스 조건 확인; 직무명으로 실행 권한을 부여하지 않음,전사 텍스트만 확인하고 청취 가능성·화자·맥락·배포 오류를 놓치면 실패,"M07 오디오 입력, M09 음향 편집, M18 인용, M55 음원자산·M42 피드 검수, M10 배포 필요",설계 범위 정리 / 실제 구현·전문 능력 미검증,docs/reviews/occupation-work-review.csv#144
145,운영형,블로거,"글·이미지·근거, 갱신·정정·콘텐츠 계획",검색질문·원출처·문서·유입·갱신일·제휴·독자 반응,새 현장·실물 수행은 현재 범위에 포함하지 않음; 상대·기관의 결정과 실제 성과는 관측 전 미확정,행위·대상별 위임·동의·접근·서비스 조건 확인; 직무명으로 실행 권한을 부여하지 않음,키워드·양만 늘리고 최신성·실제 질문 해결·독자 신뢰를 잃으면 실패,"M20 갱신, M18 출처, M22 설명·편집, M10 CMS, M51 독자 성과 필요",설계 범위 정리 / 실제 구현·전문 능력 미검증,docs/reviews/occupation-work-review.csv#145
146,운영형,뉴스레터 작가,"뉴스레터·근거·편집판단, 발송·구독·정정 기록",원보도·공시·출처·구독층·발행·동의·협찬·열람,새 현장·실물 수행은 현재 범위에 포함하지 않음; 상대·기관의 결정과 실제 성과는 관측 전 미확정,행위·대상별 위임·동의·접근·서비스 조건 확인; 직무명으로 실행 권한을 부여하지 않음,요약량·오픈율만 보고 잘못된 해석·이해충돌·발송 동의를 놓치면 실패,"M18·M20 근거·변화, M22 편집, M27 이해관계, M10 발송, M31 구독권한 필요",설계 범위 정리 / 실제 구현·전문 능력 미검증,docs/reviews/occupation-work-review.csv#146
147,운영형,웹소설 작가,"회차 원고·설정·복선대장, 연재·수정 계획",설정집·인물·회차·복선·계약·일정·독자 반응,새 현장·실물 수행은 현재 범위에 포함하지 않음; 상대·기관의 결정과 실제 성과는 관측 전 미확정,행위·대상별 위임·동의·접근·서비스 조건 확인; 직무명으로 실행 권한을 부여하지 않음,문장 유창성·반응만 보고 인물 일관성·복선 회수·장기 서사를 잃으면 실패,"M25 서사 상태, M22 문학 판단, M34 장기 구성, M09 원고·M25 판본, M54 독자 검토 필요",설계 범위 정리 / 실제 구현·전문 능력 미검증,docs/reviews/occupation-work-review.csv#147
148,운영형,웹툰 작가,"회차 원본·이미지·콘티, 에셋·수정·연재 인계",시나리오·캐릭터·콘티·배경·작화원본·폰트·일정,새 현장·실물 수행은 현재 범위에 포함하지 않음; 상대·기관의 결정과 실제 성과는 관측 전 미확정,행위·대상별 위임·동의·접근·서비스 조건 확인; 직무명으로 실행 권한을 부여하지 않음,예쁜 한 컷을 만화 완성으로 세고 연속성·가독성·제작 지속성을 놓치면 실패,"M09 2D·3D 제작, M25 연속성, M04 작화 협업, M55 레이어 자산·M40·M42 스크롤 인수 필요",설계 범위 정리 / 실제 구현·전문 능력 미검증,docs/reviews/occupation-work-review.csv#148
149,운영형,저술가,"출판 원고·주석·서지, 권리·수정·개정 자료",독자·목차·원자료·초고·인용·계약·편집 의견,새 현장·실물 수행은 현재 범위에 포함하지 않음; 상대·기관의 결정과 실제 성과는 관측 전 미확정,행위·대상별 위임·동의·접근·서비스 조건 확인; 직무명으로 실행 권한을 부여하지 않음,장별 문장 품질만 보고 책 전체 논증·독창성·근거·독자 이해를 놓치면 실패,"M18 근거, M25 장·주장 의존, M22 저술 판단, M09 장문·주석·M25 판본 필요",설계 범위 정리 / 실제 구현·전문 능력 미검증,docs/reviews/occupation-work-review.csv#149
150,운영형,인플루언서 (패션·뷰티·라이프),제공된 사용·경험·시각 자료에 근거한 콘텐츠 제작·협업·광고 표시·계정 운영,브랜드·계약·사용경험·제품·콘텐츠·팬 반응·촬영,실제 생활·제품 사용·촬영; 상대·기관의 결정과 실제 성과는 관측 전 미확정,행위·대상별 위임·동의·접근·서비스 조건 확인; 직무명으로 실행 권한을 부여하지 않음,경험하지 않은 사용감을 만들거나 단기 협찬으로 신뢰·계약을 훼손하면 실패,"M23 정체성·M17 관계, M27 협업 충돌, M39 실사용·촬영 인수, M09·M55 콘텐츠 필요",설계 범위 정리 / 실제 구현·전문 능력 미검증,docs/reviews/occupation-work-review.csv#150
151,운영형,인플루언서 (지식·비즈니스),"해설·강연·교육자료, 이해관계·근거·정정 기록",원자료·전문범위·이해관계·독자질문·상품·피드백,새 현장·실물 수행은 현재 범위에 포함하지 않음; 상대·기관의 결정과 실제 성과는 관측 전 미확정,행위·대상별 위임·동의·접근·서비스 조건 확인; 직무명으로 실행 권한을 부여하지 않음,권위 있는 표현·팔로워 수를 지식 정확성과 개별 조언 적합성으로 바꾸면 실패,"M18 전문근거, M21 주제 능력, M27 이해관계, M38 설명·질의, M49 이해 평가 필요",설계 범위 정리 / 실제 구현·전문 능력 미검증,docs/reviews/occupation-work-review.csv#151
152,운영형,커뮤니티 운영자,"운영정책·중재·제재·이의 기록, 참여 프로그램",게시·신고·맥락·관계·규칙·제재·참여·운영권한,새 현장·실물 수행은 현재 범위에 포함하지 않음; 상대·기관의 결정과 실제 성과는 관측 전 미확정,행위·대상별 위임·동의·접근·서비스 조건 확인; 직무명으로 실행 권한을 부여하지 않음,삭제 속도·회원 수만 보고 맥락·공정성·소수자 발언·장기 참여를 놓치면 실패,"M18 맥락 증거, M38 갈등 조정, M31 운영권한, M25 제재 상태, M51 신뢰 필요",설계 범위 정리 / 실제 구현·전문 능력 미검증,docs/reviews/occupation-work-review.csv#152
153,운영형,온라인 셀러 (자체 브랜드·D2C),"상품·판매 콘텐츠, 발주·출하 지시·지원, 제공된 물류·품질 기록과 손익·현금 관리",상품·BOM·공급·검사·주문·광고·재고·반품·현금,제조·검수·물류·실물 수선; 상대·기관의 결정과 실제 성과는 관측 전 미확정,행위·대상별 위임·동의·접근·서비스 조건 확인; 직무명으로 실행 권한을 부여하지 않음,광고 효율·매출만 보고 제품 적합성·반품·운전자금·고객 문제를 놓치면 실패,"M53 단위경제·현금, M35 공급·판매, M39 제조·검사 인수, M55 상품자산·M09 판매자료, M10 주문 실행 필요",설계 범위 정리 / 실제 구현·전문 능력 미검증,docs/reviews/occupation-work-review.csv#153
154,운영형,온라인 셀러 (소싱·오픈마켓),"상품목록·상세페이지, 전산 재고·주문·정산·반품 접수와 제공된 실물 처리 기록 대사",공급·상품권리·요건·채널·재고·주문·수수료·반품,포장·배송·반품 실물 검수; 상대·기관의 결정과 실제 성과는 관측 전 미확정,행위·대상별 위임·동의·접근·서비스 조건 확인; 직무명으로 실행 권한을 부여하지 않음,등록 건수만 늘리고 실재고·상품 적합성·채널별 비용·책임을 놓치면 실패,"M52 채널 대사, M25 재고·주문, M26 상품요건, M53 마진, M10 판매 실행 필요",설계 범위 정리 / 실제 구현·전문 능력 미검증,docs/reviews/occupation-work-review.csv#154
155,운영형,라이브커머스 진행자,"제공된 시연 자료·생성 진행자를 활용한 라이브 설명, 가격·혜택·정정·후속 안내",상품근거·시연·실재고·가격·쿠폰·질문·판매조건,실물 시연·현장 출연; 상대·기관의 결정과 실제 성과는 관측 전 미확정,행위·대상별 위임·동의·접근·서비스 조건 확인; 직무명으로 실행 권한을 부여하지 않음,말솜씨·주문량만 보고 시연 사실·최종가격·재고·약속 이행을 놓치면 실패,"M08 즉시 검증, M38 판매 대화, M07 시연 관측, M10 재고·가격 연계, M39 현장 수행 필요",설계 범위 정리 / 실제 구현·전문 능력 미검증,docs/reviews/occupation-work-review.csv#155
156,운영형,구매대행·리셀러,"허용된 구매·배송 전산 처리, 제공된 진위·검수 근거 분석, 정산·분쟁 대응",원판매·진위·구매계약·통관·가격·환율·배송·반품,진품 실물 감정·검수·배송; 상대·기관의 결정과 실제 성과는 관측 전 미확정,행위·대상별 위임·동의·접근·서비스 조건 확인; 직무명으로 실행 권한을 부여하지 않음,희소품 확보만 보고 가품·수입 불가·추가비용·반품 책임을 놓치면 실패,"M18 진위, M26 수입요건, M53 총비용, M39 검수 인수, M38 고객·판매자 협상 필요",설계 범위 정리 / 실제 구현·전문 능력 미검증,docs/reviews/occupation-work-review.csv#156
157,운영형,작곡가,"악보·MIDI·DAW 세션·마스터·스템 제작과 제공된 녹음 편집, 크레딧·권리자료",브리프·레퍼런스·악보·세션·음원·타임코드·권리,실제 연주·현장 녹음; 상대·기관의 결정과 실제 성과는 관측 전 미확정,행위·대상별 위임·동의·접근·서비스 조건 확인; 직무명으로 실행 권한을 부여하지 않음,듣기 좋은 단일 음원만 내고 수정 가능성·음역·타이밍·권리·분리 납품을 놓치면 실패,"M22 음악 판단, M09 음원 제작, M09·M55 악보·세션·스템 제작·자산, M39 연주·녹음 인수 필요",설계 범위 정리 / 실제 구현·전문 능력 미검증,docs/reviews/occupation-work-review.csv#157
158,운영형,일러스트레이터,"레이어 원본·삽화·변형, 캐릭터·출력 명세",원고·콘셉트·캐릭터·스타일·장면·권리·출력규격,새 현장·실물 수행은 현재 범위에 포함하지 않음; 상대·기관의 결정과 실제 성과는 관측 전 미확정,행위·대상별 위임·동의·접근·서비스 조건 확인; 직무명으로 실행 권한을 부여하지 않음,개별 이미지 미감만 보고 서사 역할·캐릭터 일관성·출력·수정성을 놓치면 실패,"M22 조형 판단, M09 생성·편집, M25 시각 연속성, M55 레이어 자산·M40·M42 출력 필요",설계 범위 정리 / 실제 구현·전문 능력 미검증,docs/reviews/occupation-work-review.csv#158
159,운영형,인디게임 개발자,"게임·스토어 자료·패치, 플레이·저장·호환 검증, 운영계획",빌드·플레이 관찰·범위·성능·에셋권리·스토어·예산,새 현장·실물 수행은 현재 범위에 포함하지 않음; 상대·기관의 결정과 실제 성과는 관측 전 미확정,행위·대상별 위임·동의·접근·서비스 조건 확인; 직무명으로 실행 권한을 부여하지 않음,기술적 실행을 재미·판매·지속 운영 가능성으로 대체하면 실패,"M22·M54 플레이 판단, M10 빌드·배포, M53 자금, M40·M42 엔진·스토어 인수, M35 출시 필요",설계 범위 정리 / 실제 구현·전문 능력 미검증,docs/reviews/occupation-work-review.csv#159
160,운영형,앱 개발자 (개인 앱),"앱·스토어 자료, 과금·복원 시험, 지원·운영 기록",사용자 과업·코드·기기·결제·구독·스토어·문의·비용,새 현장·실물 수행은 현재 범위에 포함하지 않음; 상대·기관의 결정과 실제 성과는 관측 전 미확정,행위·대상별 위임·동의·접근·서비스 조건 확인; 직무명으로 실행 권한을 부여하지 않음,새 설치만 확인하고 기존 고객·복원·해지·운영비를 놓치면 실패,"M25 구독 상태, M10 스토어·결제, M54 실기기·과금 시험, M40·M42 앱 인수, M53 단위경제 필요",설계 범위 정리 / 실제 구현·전문 능력 미검증,docs/reviews/occupation-work-review.csv#160
161,운영형,SaaS 운영자,"SaaS·요금·로드맵, 운영·보안·지원 절차, 수익·고객 성과",사용·매출·이탈·장애·지원·계약·로드맵·비용,새 현장·실물 수행은 현재 범위에 포함하지 않음; 상대·기관의 결정과 실제 성과는 관측 전 미확정,행위·대상별 위임·동의·접근·서비스 조건 확인; 직무명으로 실행 권한을 부여하지 않음,기능·MRR만 보고 실제 유지·가동·지원·현금·테넌트 격리를 놓치면 실패,"M34 통합 운영 판단, M33·M53 생존·단위경제, M35·M42 서비스 회복, M35 제품·고객 의존 필요",설계 범위 정리 / 실제 구현·전문 능력 미검증,docs/reviews/occupation-work-review.csv#161
162,운영형,오픈소스 메인테이너,"패치·릴리스·보안권고, 변경·이전 문서, 기여·지원 정책",코드·테스트·의존·이슈·기여·라이선스·버전·보안보고,새 현장·실물 수행은 현재 범위에 포함하지 않음; 상대·기관의 결정과 실제 성과는 관측 전 미확정,행위·대상별 위임·동의·접근·서비스 조건 확인; 직무명으로 실행 권한을 부여하지 않음,코드 병합을 안전한 공급·호환·유지보수 완료로 세면 실패,"M43 코드리뷰, M35 공개·배포 의존, M31 취약정보 권한, M40·M42 패키지·이전 인수, M38 기여자 조정 필요",설계 범위 정리 / 실제 구현·전문 능력 미검증,docs/reviews/occupation-work-review.csv#162
163,운영형,개인 투자자 (장기),"투자 메모·가치모형, 포트폴리오·실행·사후검토 기록",공시·산업·가치모형·보유·현금수요·세금·위험한도,새 현장·실물 수행은 현재 범위에 포함하지 않음; 상대·기관의 결정과 실제 성과는 관측 전 미확정,행위·대상별 위임·동의·접근·서비스 조건 확인; 직무명으로 실행 권한을 부여하지 않음,그럴듯한 목표가·백테스트 수익으로 미래 수익을 보장하거나 생활자금 제약을 놓치면 실패,"M18 공시·반증, M53 가치·포트폴리오, M33 집중·현금, M34 조건부 판단 필요",설계 범위 정리 / 실제 구현·전문 능력 미검증,docs/reviews/occupation-work-review.csv#163
164,운영형,개인 투자자 (단기 매매),"검증 전략·주문·위험 로그, 체결·손익 대사",시세·호가·체결·주문·잔고·수수료·증거금·시장규칙,새 현장·실물 수행은 현재 범위에 포함하지 않음; 상대·기관의 결정과 실제 성과는 관측 전 미확정,행위·대상별 위임·동의·접근·서비스 조건 확인; 직무명으로 실행 권한을 부여하지 않음,이론 수익을 체결 가능 수익으로 바꾸거나 주문 응답을 실제 체결로 세면 실패,"M08 시장 반응, M10 주문·체결, M25 포지션 상태, M33 결합손실, M54 슬리피지·장애 시험 필요",설계 범위 정리 / 실제 구현·전문 능력 미검증,docs/reviews/occupation-work-review.csv#164
165,운영형,엔젤 투자자,"실사·투자 메모, 캡테이블·조건안, 후속 점검 계획",팀·고객·코호트·계약·현금·캡테이블·지식재산·조건,새 현장·실물 수행은 현재 범위에 포함하지 않음; 상대·기관의 결정과 실제 성과는 관측 전 미확정,행위·대상별 위임·동의·접근·서비스 조건 확인; 직무명으로 실행 권한을 부여하지 않음,발표자료·성장률만 보고 지표 진위·권리·현금·희석을 놓치면 실패,"M18 실사, M53 가치·희석·회수, M38 조건 협상, M33 집중·후속자금, M35 사후관리 필요",설계 범위 정리 / 실제 구현·전문 능력 미검증,docs/reviews/occupation-work-review.csv#165
166,운영형,부동산 투자자·임대 운영자,"제공된 부동산·임대·수선 자료 분석, 투자·운영·현금모형과 계약·대금 전산 관리",권리·임대차·보증금·대출·현장·수선·세금·시장,현장 조사·수선·시공·실물 인도; 상대·기관의 결정과 실제 성과는 관측 전 미확정,행위·대상별 위임·동의·접근·서비스 조건 확인; 직무명으로 실행 권한을 부여하지 않음,표면 수익률만 보고 권리·보증금 반환·필수 수선·차환 실패를 놓치면 실패,"M53 자산·현금모형, M33 결합위험, M39 현장·수선 인수, M38 임차·금융 협상, M35 운영 필요",설계 범위 정리 / 실제 구현·전문 능력 미검증,docs/reviews/occupation-work-review.csv#166
