재료ID,재료명,계통,이번 참여방식,입력,구체적인 사용,산출·근거 파일,연결 검사,미검증·한계
M01,모델,환경 — 실행 기반,조회·판단·문서 작성,"E01~E24, L01~L09, 현재 수식·재료 계약",같은 작성 모델이 사건·전략·질문·형사 및 민사 문안을 구성하고 상충하는 전제를 구분했다.,산출물/01_초기_판단_v1.md;산출물/02_통합_전략_v2.md;03_쟁점별_공격과_방어.md,,사건을 작성한 모델이 답도 작성했다. 별도 모델 API를 반복 평가하거나 독립 변호사와 비교하지 않았다.
M02,실행 순환,환경 — 실행 기반,코드로 일부 기능 실행,case.json의 initial과 events 10개,run.py가 초기 상태를 복사한 뒤 단계별 변경을 적용하고 상태 11개를 저장했다.,재현/run.py;재현/result.json,"C01,C02,C19",정해진 데이터의 상태 전개다. 모델이 다음 도구와 전략을 자율 선택하는 실행 순환·취소·비용 상한은 시험하지 않았다.
M03,저장·이어받기,환경 — 실행 기반,코드로 일부 기능 실행,"E18의 응답 불명, E19의 입금 확인, P01","결과 불명에서는 조회, 확인 후에는 영수증 재사용을 선택하도록 모의 송금 상태를 처리했다.",재현/run.py;산출물/06_협상과_주총_실행조건.md,"C09,C10",프로세스 강제 종료 뒤 디스크 복원·임대·실행 세대·실은행의 중복 방지는 미검증이다.
M04,나눠 맡기기,환경 — 실행 기반,가상 조건·설계에만 반영,E22의 적격 검토자 2명·추가 1명 승인,자금·전자자료·법률·통합 검토의 업무 분담안을 만들고 세 번째 검토자 투입을 대안으로 두었다.,산출물/02_통합_전략_v2.md;재현/result.json,"C17,C18",일정 수치는 M53으로 계산했지만 실제 하위 에이전트나 전문가에게 위임·회수한 작업은 없다.
M05,작업창,환경 — 실행 기반,가상 조건·설계에만 반영,"증거별 공개 단계, 초기 문안과 최종 문안의 기준 단계",초기 판단은 E01~E10만 참조하도록 작성하고 후속 증거를 단계별로 표시했다.,산출물/01_초기_판단_v1.md;재현/case.json,C02,코드의 공개 단계 검사만 있다. 작성자는 전 사건을 알고 있었고 실제 모델 컨텍스트를 격리·압축·복원하지 않았다.
M06,시작 신호,환경 — 실행 기반,이번 실험에서 미실행,후속 사건 10개는 파일에 순서대로 지정,인증된 외부 신호 수신 기능을 사용하지 않았다.,재현/case.json,,웹훅·예약·위조 발신·역순 수신·내구성 시험이 없다. 사건 배열 반복을 시작 신호 구현으로 세지 않는다.
M07,자료·구조 읽기,환경 — 실행 기반,조회·판단·문서 작성,"가상 증거 Markdown, JSON·CSV, 공식 법령과 판례 원문","기록의 문구·숫자·한계를 읽고 검수 집계와 원금 대사, 사실 주장과 법적 판단을 나누었다.",증거;02_법적_근거와_미확인사항.md;03_쟁점별_공격과_방어.md,,실제 은행 PDF·휴대전화·스캔 문서의 추출이나 원본 감정은 없다. E11·E12는 취득한 현실 관측이 아니라 주입한 결과다.
M08,실시간 통로,환경 — 실행 기반,이번 실험에서 미실행,기일·긴급성은 가상 사건에 포함,실시간 통로를 열거나 실시간 면담을 수행하지 않았다.,01_사건과_시험조건.md,,"음성·영상·실시간 채팅 지연, 끊김·끼어들기·즉시 정정은 미검증이다. 긴급 일정만으로 M08 사용을 주장하지 않는다."
M09,산출물 제작·편집,환경 — 실행 기반,조회·판단·문서 작성,증거 참조·쟁점·계산 결과·수신 목적,초기 판단·전략·형사 의견서·민사 답변서·질문·협상 및 주총 자문·인계 메모 7개를 실제 Markdown 파일로 작성했다.,산출물,,"파일 내용과 참조를 확인했다. DOCX·HWP 제작, 페이지 배치, 법원 제출 서식, 수신 프로그램 편집 기능은 시험하지 않았다."
M10,도구·전문 작업 환경,환경 — 실행 기반,코드로 일부 기능 실행,"로컬 파일·Python, 공식 자료 검색 및 열람 도구",파일을 생성·읽고 계산·검사 코드를 실행했다. 외부 은행 대신 네트워크 없는 사전 설정 모의 원장을 사용했다.,재현/run.py;재현/result.json,"C10,C17,C18,C22","실제 은행·법원·회사 시스템 API, 인증·라이선스·전문 도구 호환은 미연결이다."
M11,시험 환경,환경 — 실행 기반,코드로 일부 기능 실행,가상 기관·고객·은행과 case.json,실제 거래 없이 로컬 상태와 모의 원장으로 응답 유실·불리한 외부 결과를 전개했다.,재현/case.json;재현/run.py,"C09,C10",모의 함수에 실제 송금 코드가 없다는 한정이다. 환경 전체의 네트워크 차단·샌드박스 정책을 시험하지 않았다.
M12,법규·기준,자료·검색 — 사실 확인,조회·판단·문서 작성,"L01~L08의 공식 법령, 사건 기준일과 시행 표지",관련 조문 원문을 조회하고 거래 시점·현재 절차·미래 시행 표지를 구별해 근거 문서에 기록했다.,02_법적_근거와_미확인사항.md,C20,C20은 날짜 비교일 뿐 부칙·경과규정·행위별 적용법 자동 판정이 아니다. 법률 리서치 전체는 미완료다.
M13,플랫폼·기관 규정,자료·검색 — 사실 확인,가상 조건·설계에만 반영,"E02 공급계약, E09 정관·소집 가정, E16 자료 접근 통지",계약·조직 자료를 사건의 원문 역할로 놓고 출처와 가상 조건을 표시했다.,01_사건과_시험조건.md;재현/case.json,,현실의 계약·법원 실무 규정·기관 서식을 수집해 관리한 것은 아니다. 적용 제약으로 바꾸는 책임은 M28과 구분한다.
M14,해석 자료,자료·검색 — 사실 확인,조회·판단·문서 작성,L09 대법원 2013도12155 판결 원문,피해자·범죄 단위와 이득액 합산을 구별하는 판시를 참고하고 다른 거래의 결론을 그대로 이식하지 않도록 기록했다.,02_법적_근거와_미확인사항.md;산출물/03_영장심문_의견서_초안_v2.md,,후속 판례·반대 해석·모든 구성요건별 판례를 전수 확인하지 않았다.
M15,일반 자료,자료·검색 — 사실 확인,이번 실험에서 미실행,일반 논문·시장 보고서·통계가 필수 입력으로 지정되지 않음,일반 자료 저장·조회 기능을 별도로 사용하지 않았다.,02_법적_근거와_미확인사항.md,,법령·판례 조회는 M12·M14에 기록한다. 같은 자료를 M15의 별도 사용 성과로 중복 계수하지 않는다.
M16,현황 자료,자료·검색 — 사실 확인,가상 조건·설계에만 반영,E10의 현금·매각예상액·시점,현재 확정 현금과 14일 뒤 미확정 매각 유입을 구분하는 가상 현황을 설정했다.,산출물/02_통합_전략_v2.md;산출물/07_영장발부후_인계메모.md,C16,실제 시세·매각계약·납기 피드·신선도 감시는 없다. 계산은 제공된 가정만 사용한다.
M17,고객·회사 정보,자료·검색 — 사실 확인,조회·판단·문서 작성,"E01 위임, E02~E24의 당사자·거래·진술",개인·회사·배우자·업체를 구분하고 의뢰인 진술을 확정 사실로 승격하지 않은 사건 기록을 작성했다.,01_사건과_시험조건.md;증거;03_쟁점별_공격과_방어.md,,고객 시스템에서 실제 데이터를 취득하지 않았다. 작성한 가상 정보의 구조와 해석만 다룬다.
M18,출처·시점·판본,자료·검색 — 사실 확인,코드로 일부 기능 실행,증거 ID·공개 단계·해시·문서 판본·금액 목적,"증거별 시점·출처·한계를 기록하고 미래 자료 접근, 파일 변경, 과거 근거, 금액 목적 혼용을 부분 검사했다.",재현/case.json;재현/artifact_contract.json;02_법적_근거와_미확인사항.md,"C02,C05,C06,C20,C22,C23,C24",해시는 사실의 진실성을 보증하지 않는다. 금액 포함 관계와 의미 태그는 작성자가 제공했고 자동 추출하지 않았다.
M19,검색,자료·검색 — 사실 확인,조회·판단·문서 작성,횡령·배임·구속·이사 거래·소송 대표·주총 관련 질문,공식 사이트에서 조문과 판례를 검색하고 원문을 열어 근거 후보를 선택했다.,02_법적_근거와_미확인사항.md,,검색 재현율·누락률·반대 판례의 포괄성은 채점하지 않았다. 로컬 검색 엔진이나 RAG를 구현한 시험도 아니다.
M20,자동 갱신,자료·검색 — 사실 확인,가상 조건·설계에만 반영,E11·E14·E17·E23의 변경,원천과 절차 변경이 관련 상태·판단의 재검토를 유발하도록 사건을 설계했다.,04_단계별_결정과_수정.md;재현/case.json,"C03,C19",자동 외부 감시·변경 탐지는 없다. 전달된 변경의 일부 전파는 M25 코드가 수행했다.
M21,업무 지식,지식·경험 — 전문성,조회·판단·문서 작성,L01~L09와 I01~I18,"지급·경유·손해·이득액, 수임과 회사 대표, 보통·특별결의, 기소 전·후 절차를 구별해 질문·계산·문안을 구성했다.",03_쟁점별_공격과_방어.md;산출물/03_영장심문_의견서_초안_v2.md;산출물/04_민사_답변서_초안_v2.md,"C05,C06,C12,C13,C14,C19",산식 검산 외에 실제 요건 충족·입증·죄수·법률상 손해·이득액의 최종 판단은 검증되지 않았다.
M22,감각·사례·암묵지,지식·경험 — 전문성,이번 실험에서 미실행,숙련 변호사의 관찰·면담·비교 결정 자료 없음,전문가 암묵지를 별도 추출·입력하지 않았다.,05_실험결과와_보완판정.md,,작성 모델이 그럴듯한 전략을 제시한 것을 로펌 전문가의 실제 암묵지 확보로 세지 않는다.
M23,정체성·작풍,지식·경험 — 전문성,조회·판단·문서 작성,내부 전략 메모·형사 의견서·민사 답변서·후속 인계의 목적,문서 목적에 맞춰 요청·다툼·확인·인계의 표현을 달리하고 확정되지 않은 사실의 단정을 피했다.,산출물,,특정 로펌의 작풍을 재현하거나 필자·고객의 독립 평가를 받은 것은 아니다.
M24,장기 기억,기억·상태,이번 실험에서 미실행,사건 기록은 로컬 파일에 저장,다른 세션·다음 사건의 장기 기억 조회를 실행하지 않았다.,재현/case.json,,파일 보존·재현은 M47에 기록한다. 장기 기억 승격·삭제·고객 격리·회상 정확성은 미검증이다.
M25,작업 기억·의존관계,기억·상태,코드로 일부 기능 실행,"initial, events, 문서의 depends·basis·phases",11개 상태를 유지하고 납품 정정 시 구판을 stale로 표시했다. 문안의 근거값과 현재 상태 및 절차를 대조했다.,재현/run.py;재현/result.json;재현/artifact_contract.json,"C01,C03,C04,C19,C23,C24",의존은 명시된 일부 필드다. 사건 전체의 법적 의미 의존을 자동 발견하거나 문안 본문을 자동 재작성한 것은 아니다.
M26,절대 원칙,규칙·권한,조회·판단·문서 작성,개인 위임·불리한 증거·무권한 약속 가능성,증거 은폐·진술 맞추기·무권한 처분·성과 과장을 방어 전략에서 배제하는 원칙을 문안에 적용했다.,산출물/02_통합_전략_v2.md;산출물/05_면담_신문_확인질문.md,,정책 전체의 자동 집행·공격 및 정상 업무의 헛막음 비율을 측정하지 않았다.
M27,직업 규칙,규칙·권한,조회·판단·문서 작성,"E01·E10·E13·E16, L08",개인만 대리하며 회사와 개인의 이해충돌·비밀·증거 공개 범위를 나누었다. 불리한 내부 자료를 자동 외부 첨부하지 않았다.,산출물/03_영장심문_의견서_초안_v2.md;산출물/07_영장발부후_인계메모.md,"C07,C24",실제 수임 가능성·비밀 예외·절차상 의무의 완결된 전문 심사는 없다. C07은 사전 지정 수신자 목록의 검사다.
M28,계약·플랫폼 규칙,규칙·권한,조회·판단·문서 작성,E02 계약·E09 정관·E18 지급 승인 조건·E20 거절,기한·정산·안건·일부 지급과 포괄 합의의 조건을 분리해 계획·문서에 반영했다.,산출물/04_민사_답변서_초안_v2.md;산출물/06_협상과_주총_실행조건.md,"C11,C14",가상 계약 조건 적용이다. 실제 계약 해석·모든 존속 의무·외부 제출 조건을 확정하지 않았다.
M29,회사 규칙,규칙·권한,가상 조건·설계에만 반영,회사 사용 제한20억·운영여유16억·감사 통지,회사의 가상 내부 제약을 개인의 전략과 분리해 회사 돈 사용 대안을 평가하도록 했다.,산출물/02_통합_전략_v2.md,"C08,C15",실제 전결 규정·조직 승인 시스템·정당한 결정권자 인증은 없다.
M30,개인 취향,규칙·권한,조회·판단·문서 작성,사용자의 간결한 요약 선호와 구체적인 실험 요구,사용자에게는 핵심 결과를 요약하고 사건별 상세 내용은 별도 파일에 남겼다.,README.md;05_실험결과와_보완판정.md,,보고 방식에 적용했다. 가상 의뢰인의 취향을 추정하거나 사건상 권한·법적 요구보다 우선시키지 않았다.
M31,권한·명의·위임,규칙·권한,코드로 일부 기능 실행,"E01 개인 위임, E10·E16의 회사 접근 제한, 수신자 목록",개인 자문과 회사 처분·접근을 구분하고 문안 메타데이터의 허용 수신자를 검사했다.,재현/run.py;재현/artifact_contract.json;산출물/07_영장발부후_인계메모.md,"C07,C08,C23,C24",실제 인증·전자서명·철회 후 API 호출 차단은 없다. C08은 주어진 접근권 false 상태를 확인하는 수준이다.
M32,안전장치,규칙·권한,코드로 일부 기능 실행,"E13 개인 자료, 개인/회사 수신자, 결함 문안 5종",허용 수신자 검사와 문안 메타데이터 검사로 정보 경계·시점·의미 위반 후보를 거부했다.,재현/run.py;재현/artifact_contract.json,"C07,C24",자연어 문안·첨부 파일 전체의 비밀 유출이나 프롬프트 주입을 탐지하는 보안 실험은 아니다.
M33,책임·손실 한도,규칙·권한,코드로 일부 기능 실행,"회사42·제한20·최소16, 개인3·미확정매각10, 검토 기한15시간",회사 돈12억 사용 시 운영여유 위반과 개인 재원 부족을 계산했다. 자원 총량과 기한 내 가능성을 구분했다.,산출물/02_통합_전략_v2.md;재현/result.json,"C15,C16,C17,C18",실제 지급능력·세금·추가 담보·모든 연쇄 손실·비용 예약 시스템은 검증하지 않았다.
M34,판단 규칙,행동 체계,조회·판단·문서 작성,수정된 증거·현금·상대 거절·참고인 접촉,전면 부인·쟁점별 방어·회사자금 사용·미래매각 약속을 비교하고 B안을 선택했다. 불리한 증거와 절차 변경에 따른 전환을 적었다.,산출물/02_통합_전략_v2.md;산출물/05_면담_신문_확인질문.md,,"B가 실제 최선인지, 승소·신병 위험을 얼마나 줄이는지는 독립적으로 검증하지 않았다."
M35,업무 절차·설계 명세,행동 체계,코드로 일부 기능 실행,"증거→계산→서면, 전문검토→통합검토, phase와 문안 계약",선후관계·재검토·수신자·기준값·절차 조건을 구체화하고 일정·선행조건·문안 계약 일부를 실행 검사했다.,재현/run.py;재현/artifact_contract.json;04_단계별_결정과_수정.md,"C14,C17,C18,C19,C23,C24",모든 법률 작업을 자동 조립하는 범용 실행기가 아니다. 전문 검토시간과 적격성은 가정이다.
M36,완료 조건,행동 체계,조회·판단·문서 작성,문서 작성·코드 검사·실제 사건 성과의 별도 기준,"파일·검사 완료와 영장 기각 실패, 법률 판단 미완료를 구분해 최종 상태를 기록했다.",01_사건과_시험조건.md;05_실험결과와_보완판정.md;산출물/07_영장발부후_인계메모.md,,완료 기준을 적었다는 사실이 독립적인 법률 품질 합격을 뜻하지 않는다.
M37,먼저 감지하기,행동 체계,가상 조건·설계에만 반영,검수 오류·참고인 접촉·기한 부족·미래 시행 표지,주어진 신호에서 추가 확인과 재계획이 필요하다는 판단을 작성했다.,04_단계별_결정과_수정.md;02_법적_근거와_미확인사항.md,,미관측 외부 위험을 자동 탐지하거나 감시 주기·누락·헛울림을 측정하지 않았다.
M38,상대 응대,행동 체계,조회·판단·문서 작성,"E18~E20의 일부 반환·상대 거절, 면담 주제",협상 제안문과 확인 질문을 작성하고 입금 확인과 포괄 합의 거절을 별개로 반영했다.,산출물/05_면담_신문_확인질문.md;산출물/06_협상과_주총_실행조건.md,C11,실제 상대방과 대화·협상하지 않았다. 상대 반응과 수령 확인은 가상 입력이다.
M39,사람에게 넘기기,행동 체계,가상 조건·설계에만 반영,전자자료·실물·신병 절차의 전문 수행 미완료,추가 전문가가 확인할 자료·목적·후속 업무를 인계 문서에 구체화했다.,산출물/07_영장발부후_인계메모.md;05_실험결과와_보완판정.md,,실제 변호사·감정인에게 의뢰하거나 결과를 회수하지 않았다. 인계 문안과 전문 수행 완료를 구분한다.
M40,보고·납품·인수,행동 체계,조회·판단·문서 작성,사용자 전달용 파일·개인 내부 초안·후속 인계,산출물을 폴더와 링크로 정리하고 각 문서의 목적·사용 단계·미완료·후속 책임을 표시했다.,README.md;산출물/07_영장발부후_인계메모.md,,현실 의뢰인·법원·회사에서 인수·제출한 결과가 없다. 수신 프로그램의 사용 가능성 평가도 미실행이다.
M41,업무 처리 흐름,실무,조회·판단·문서 작성,접수·증거변경·전략·작성·불리한 결정·인계,사건을 초기 접수부터 후속 신병 대응까지 하나의 기록으로 연결했다.,01_사건과_시험조건.md;04_단계별_결정과_수정.md;산출물/07_영장발부후_인계메모.md,,법률 업무의 실제 전 과정을 수행한 것은 아니다. 가상 기관 결과와 작성자의 판단 흐름을 연결했다.
M42,결과 검증·수정,검증·평가,코드로 일부 기능 실행,금액·의결 산식·문서 근거값·참조·파일,24개 지정 검사와 문안 메타데이터 결함5종을 실행하고 파일·참조·재현 결과를 확인했다.,재현/run.py;재현/result.json;재현/artifact_contract.json,"C01,C03,C05,C12,C13,C14,C17,C18,C21,C22,C23,C24",서면 본문의 모든 사실·논증·법적 타당성을 검사한 것이 아니다. 일부 검사는 설정된 상태 확인이다.
M43,반증·교차 검증,검증·평가,조회·판단·문서 작성,반대 증거·상대 공격·잘못된 선택 후보,18개 쟁점과 강한 상대 반박을 구성하고 대응의 한계·추가 증거 필요를 작성했다.,03_쟁점별_공격과_방어.md;산출물/05_면담_신문_확인질문.md,C24,반박 작성자와 대응 작성자가 같다. 5종 결함은 의도적으로 만든 대조군이며 독립 전문가의 검출 성적이 아니다.
M44,위험 누락 검사,검증·평가,조회·판단·문서 작성,권한·전자자료·대표권·주총·기일·금액의 미확인 부분,법률 적용·원본·주거·출석·소송 대표·선임 선행조건 등 미완료를 찾아 문서별로 남겼다.,02_법적_근거와_미확인사항.md;05_실험결과와_보완판정.md,,모든 현실 위험을 소진했다고 증명하지 않는다. 위험 누락률·헛막음도 측정하지 않았다.
M45,과정 평가,검증·평가,조회·판단·문서 작성,초기 문안·단계별 결정·최종 문안·검사 출력,바뀐 사실에 따라 왜 전략과 문안을 바꿨는지 기록하고 실패한 외부 목표를 숨기지 않았는지 검토했다.,04_단계별_결정과_수정.md;05_실험결과와_보완판정.md,,평가자는 같은 작성자다. 과정의 전문 타당성에 대한 독립 채점이 없다.
M46,결과물 평가,검증·평가,가상 조건·설계에만 반영,형사·민사 초안과 사용 목적,초안의 용도·근거·미완료를 확인하는 범위를 정했으나 독립 결과물 평가는 실행하지 않았다.,산출물;05_실험결과와_보완판정.md,,메타데이터 검사나 읽을 수 있는 Markdown을 전문 서면 품질 합격으로 세지 않는다.
M47,근거 추적·재현,검증·평가,코드로 일부 기능 실행,case.json·result.json·증거 해시·정의 판본,상태11개·검사24개·문안 계약·판본 변경을 저장하고 재실행 결과의 동일성을 확인했다.,재현/result.json;재현/검토한_정의_판본.json;재현/검토범위_확인.json;재현/artifact_contract.json,"C04,C22",과거 본문 원본 전체는 시작 시 해시만 있고 정본3개는 사본이 있다. 실제 기관 영수증·전문가 수행 이력은 없다.
M48,실패 원인 분석,학습·개선,조회·판단·문서 작성,설정한 나쁜 대안·금액/분모/절차 오류·영장 발부 분기,오류 후보가 생기는 이유를 원천 중복·의미 혼동·분모 변화·선행조건·절차 불일치로 나눠 기록했다.,05_실험결과와_보완판정.md,"C05,C13,C17,C24",실제품 장애의 실증적 근본 원인 분석은 아니다. 영장 발부 이유도 주입값이며 모델 탓이라는 인과 결론을 내리지 않는다.
M49,고정 시험,학습·개선,코드로 일부 기능 실행,공개 개발용 사건 입력과 고정 검사 코드,동일 입력에서 계산·상태·결함 차단을 반복할 수 있는 회귀 자산을 만들고 실행했다.,재현/case.json;재현/run.py;재현/checks.csv,"C01,C02,C03,C04,C05,C06,C07,C08,C09,C10,C11,C12,C13,C14,C15,C16,C17,C18,C19,C20,C21,C22,C23,C24",보호된 새 과제·모델 비교·법률 전문가 기준선은 없다. 이 사건으로 일반화나 대체율을 계산하지 않는다.
M50,자동 학습·능력 확장,학습·개선,이번 실험에서 미실행,새로 드러난 직무별 내용의 후보,보완 후보는 문서화했지만 자동 학습·능력 확장·양산 배포를 실행하지 않았다.,05_실험결과와_보완판정.md,,수식·재료를 자동 개선했다거나 신규 직무 조합을 검증했다고 하지 않는다.
M51,성과 추적,학습·개선,조회·판단·문서 작성,"가상 영장 발부, 미확정 민사·주총, 문서·검사 완료",외부 목표인 영장 기각 실패와 산출물 작성 완료를 분리했다. 남은 법률 판단과 실제 수행을 기록했다.,산출물/07_영장발부후_인계메모.md;05_실험결과와_보완판정.md,,실제 승소율·구속률·비용·기간·사람 기여를 측정한 운영 성과 데이터가 아니다.
M52,데이터 처리,환경 — 실행 기반,코드로 일부 기능 실행,가상 기록24개·쟁점18개·입력과 결과 JSON,증거·쟁점·상태를 구조화하고 CSV·JSON으로 저장해 ID·개수·참조를 대조했다.,재현/case.json;03_쟁점별_공격과_방어.csv;재현/checks.csv,C22,자료의 법률적 의미 추출은 작성자가 했다. 원본 파일의 OCR·복잡한 결합·스트림 누락을 시험하지 않았다.
M53,계산·분석·최적화,환경 — 실행 기반,코드로 일부 기능 실행,"지급60·납품28→22·반환8+3, 의결권, 인력·기한","원금 대사, 원천 집합, 의결 경계·분모 변화, 현금 제약, 검토자 배치의 최소 완료시간을 코드로 계산했다.",재현/run.py;재현/result.json;산출물/06_협상과_주총_실행조건.md,"C01,C05,C12,C13,C14,C15,C16,C17,C18,C21",입력·적격성·작업시간은 가정이다. 정확한 산술이 법률상 손해·이득액·현실 협상 가능성을 입증하지 않는다.
M54,실험·시뮬레이션,환경 — 실행 기반,코드로 일부 기능 실행,가상 사건과 단계별 변화10개·결함5종,불리한 증거·지급 장애·상대 거절·영장 발부를 넣고 상태 및 일부 계약의 결과를 실행했다.,재현/case.json;재현/run.py;재현/result.json;재현/artifact_contract.json,"C01,C02,C03,C04,C05,C06,C07,C08,C09,C10,C11,C12,C13,C14,C15,C16,C17,C18,C19,C20,C21,C22,C23,C24",작성자가 입력과 대응을 함께 설계했다. 블라인드 AI 시험·현장 실험·실제 확률 추정은 아니다.
M55,업무 자산,자료·검색 — 사실 확인,조회·판단·문서 작성,사건 입력·쟁점표·7개 문안·검사 코드,후속 법률 직무 개발에 참조할 수 있는 공개 가상 사건 자산과 검사를 파일로 남겼다.,README.md;재현/case.json;재현/run.py;산출물,,다른 사건에서 재사용·적응·회귀를 실제 수행하지 않았다. 고객 자료·라이선스가 있는 현실 서식 자산의 관리도 미검증이다.
