file,사건번호,법원명,선고일자,사건종류명,사건명,score,본문길이,판시항목,참조조문수,참조법률수,참조판례수,청구수,당사자표기,신호
171356_손해배상(기).json,2002나32662,서울고법,20060126,민사,손해배상(기),285.5,172343,10,35,5,4,1,2,"인과관계:246,소멸시효:81,준거법:60,보상:53,집단:49,국제재판관할:43,특허:31,추정:24,고의:21,우선:19,면책:18,권리남용:17"
"226083_특정범죄가중처벌등에관한법률위반(국고등손실)[일부 예비적 죄명 특정경제범죄가중처벌등에관한법률위반(횡령), 업무상횡령, 업무상배임, 일부 인정된 죄.json","2017고합1008, 2017고합1241(병합), 2018고합75(병합), 2018고합112(병합), 2018고합321(병합), 2018고합375(병합), 2018고합494(병합), 2018고합622(병합), 2018고합846(병합), 2019고합13(병합)",서울중앙지방법원,20200207,형사,"특정범죄가중처벌등에관한법률위반(국고등손실)[일부 예비적 죄명 특정경제범죄가중처벌등에관한법률위반(횡령), 업무상횡령, 업무상배임, 일부 인정된 죄명 업무상횡령]ㆍ위증ㆍ국가정보원법위반ㆍ업무방해ㆍ노동조합및노동관계조정법위반",262.9,882903,0,0,0,0,13,0,"횡령:319,고의:53,포괄일죄:47,경합범:40,배임:40,특정경제범죄:28,집단:26,공소장변경:26,수용:23,재량:22,증거능력:18,회생:17"
172195_특정경제범죄가중처벌등에관한법률위반(횡령)·특정경제범죄가중처벌등에관한법률위반(배임)(피고인2에대하여일부인정된죄명업무상배임)·업무상횡령·특정범죄가중.json,"2011고합25,74(병합)",서울서부지방법원,20120816,형사,특정경제범죄가중처벌등에관한법률위반(횡령)·특정경제범죄가중처벌등에관한법률위반(배임)(피고인2에대하여일부인정된죄명업무상배임)·업무상횡령·특정범죄가중처벌등에관한법률위반(조세)·독점규제및공정거래에관한법률위반·조세범처벌법위반,248.9,216667,0,0,0,0,15,1,"계열:188,배임:180,분할:81,추정:66,합병:42,집단:39,횡령:36,특정경제범죄:22,보험:20,경합범:15,고의:15,제3자:14"
67148_특정경제범죄가중처벌등에관한법률위반(배임)·특정경제범죄가중처벌등에관한법률위반(사기)·사기·종합금융회사에관한법률위반·사문서위조·위조사문서행사·특정경.json,2003도3516,대법원,20031010,형사,특정경제범죄가중처벌등에관한법률위반(배임)·특정경제범죄가중처벌등에관한법률위반(사기)·사기·종합금융회사에관한법률위반·사문서위조·위조사문서행사·특정경제범죄가중처벌등에관한법률위반(횡령)·특정경제범죄가중처벌등에관한법률위반(재,247.5,31755,19,33,5,44,11,0,"배임:55,보험:24,고의:16,인과관계:15,분식:12,계열:11,횡령:7,제3자:6,포괄일죄:4,간접사실:4,특정경제범죄:3,분할:3"
210687_직권남용권리행사방해·강요·강요미수·사기미수·증거인멸교사·특정범죄가중처벌등에관한법률위반(뇌물)·범죄수익은닉의규제및처벌등에관한법률위반·특정범죄가중처.json,"2016고합1202-1(분리), 1288-1(병합, 분리), 2017고합184(병합), 185(병합), 364(병합, 분리), 418-1(병합, 분리)",서울중앙지방법원,20180213,형사,직권남용권리행사방해·강요·강요미수·사기미수·증거인멸교사·특정범죄가중처벌등에관한법률위반(뇌물)·범죄수익은닉의규제및처벌등에관한법률위반·특정범죄가중처벌등에관한법률위반(알선수재)·뇌물공여·국회에서의증언·감정등에관한법률위반,235.0,475996,0,0,0,0,11,1,"특허:221,합병:70,계열:65,제3자:49,지배구조:34,증거능력:26,고의:22,보험:16,우선:16,상상적 경합:13,자백:13,인과관계:12"
234541_사문서위조·위조사문서행사·허위작성공문서행사·위조공문서행사(인정된죄명허위작성공문서행사)·업무방해·위계공무집행방해·사기·보조금관리에관한법률위반·업무.json,"2019고합738, 927, 1050(병합)",서울중앙지방법원,20201223,형사,사문서위조·위조사문서행사·허위작성공문서행사·위조공문서행사(인정된죄명허위작성공문서행사)·업무방해·위계공무집행방해·사기·보조금관리에관한법률위반·업무상횡령·자본시장과금융투자업에관한법률위반·범죄수익은닉의규제및처벌등에관한법률,234.8,521866,0,0,0,0,15,0,"미공개:121,자본시장:76,횡령:59,증거능력:58,고의:38,개인정보:28,위법수집증거:23,재개발:21,공소장변경:20,보상:17,제3자:17,배임:12"
221215_특정경제범죄가중처벌등에관한법률위반(사기)·특정경제범죄가중처벌등에관한법률위반(횡령)·특정경제범죄가중처벌등에관한법률위반(배임)·증권거래법위반·주식회.json,"2010고합1470,2010고합1651(병합),2010고합1721(병합)",서울중앙지방법원,20110627,형사,특정경제범죄가중처벌등에관한법률위반(사기)·특정경제범죄가중처벌등에관한법률위반(횡령)·특정경제범죄가중처벌등에관한법률위반(배임)·증권거래법위반·주식회사의외부감사에관한법률위반·사기·업무상배임·업무상횡령,232.6,371246,0,0,0,0,8,0,"계열:397,선박:350,배임:128,분식:87,제3자:77,횡령:52,시세조종:44,저당권:43,연대:37,고의:34,공사대금:31,특정경제범죄:27"
210591_직권남용권리행사방해·강요(일부인정된죄명강요미수)·강요미수·사기미수·증거인멸교사·특정범죄가중처벌등에관한법률위반(뇌물)·특정범죄가중처벌등에관한법률위.json,2018노723-1(분리),서울고등법원,20180824,형사,직권남용권리행사방해·강요(일부인정된죄명강요미수)·강요미수·사기미수·증거인멸교사·특정범죄가중처벌등에관한법률위반(뇌물)·특정범죄가중처벌등에관한법률위반(뇌물)(인정된죄명뇌물수수)·국회에서의증언·감정등에관한법률위반·범죄수익,225.5,375851,0,0,0,0,11,0,"합병:285,특허:148,계열:119,보험:84,제3자:77,고의:65,지배구조:63,관련사건:44,증거능력:28,분할:20,상속:20,집단:19"
209155_반란수괴·반란모의참여·반란중요임무종사·불법진퇴·지휘관계엄지역수소이탈·상관살해·상관살해미수·초병살해·내란수괴·내란모의참여·내란중요임무종사·내란목적.json,96도3376,대법원,19970417,형사,반란수괴·반란모의참여·반란중요임무종사·불법진퇴·지휘관계엄지역수소이탈·상관살해·상관살해미수·초병살해·내란수괴·내란모의참여·내란중요임무종사·내란목적살인·특정범죄가중처벌등에관한법률위반(뇌물),221.1,74412,20,31,6,9,13,0,"상계:76,특별법:41,헌법재판소:31,집단:29,반대의견:28,다수의견:21,소급:19,위헌:18,연대:18,제3자:10,수용:8,모순:5"
603883_반란수괴·반란모의참여·반란중요임무종사·불법진퇴·지휘관계엄지역수소이탈·상관살해·상관살해미수·초병살해·내란수괴·내란모의참여·내란중요임무종사·내란목적.json,96도3376,대법원,19970417,형사,반란수괴·반란모의참여·반란중요임무종사·불법진퇴·지휘관계엄지역수소이탈·상관살해·상관살해미수·초병살해·내란수괴·내란모의참여·내란중요임무종사·내란목적살인·특정범죄가중처벌등에관한법률위반(뇌물),220.8,73066,20,31,6,9,13,0,"상계:76,특별법:41,헌법재판소:31,집단:29,반대의견:28,다수의견:21,소급:19,위헌:18,연대:18,제3자:10,수용:8,모순:5"
220037_자본시장과금융투자업에관한법률위반·증거은닉교사·특정경제범죄가중처벌등에관한법률위반(횡령)·업무상횡령·사문서위조·위조사문서행사·주식회사등의외부감사에관.json,2021노345,서울고등법원,20210810,형사,자본시장과금융투자업에관한법률위반·증거은닉교사·특정경제범죄가중처벌등에관한법률위반(횡령)·업무상횡령·사문서위조·위조사문서행사·주식회사등의외부감사에관한법률위반·사기,220.1,524613,0,0,0,0,8,0,"시세조종:423,횡령:245,자본시장:178,인공지능:73,고의:39,제3자:38,인과관계:37,포괄일죄:35,경합범:30,플랫폼:28,특정경제범죄:26,미공개:22"
206264_병역법위반[양심적 병역거부와 병역법 제88조 제1항의 정당한 사유].json,2016도10912,대법원,20181101,형사,병역법위반[양심적 병역거부와 병역법 제88조 제1항의 정당한 사유],218.5,121692,2,42,4,14,1,0,"다수의견:164,헌법재판소:67,반대의견:54,충돌:32,전원합의체:25,보충의견:15,위헌:15,조약:14,간접사실:13,수용:12,보상:9,집단:7"
210685_특정범죄가중처벌등에관한법률위반(뇌물)·직권남용권리행사방해·강요·강요미수·공무상비밀누설.json,2017고합364-1(분리),서울중앙지방법원,20180406,형사,특정범죄가중처벌등에관한법률위반(뇌물)·직권남용권리행사방해·강요·강요미수·공무상비밀누설,216.9,558136,0,0,0,0,5,1,"특허:220,합병:73,계열:67,증거능력:45,제3자:42,지배구조:32,고의:19,위법수집증거:18,헌법재판소:16,인과관계:16,보험:12,간접사실:12"
"172237_특정경제범죄가중처벌등에관한법률위반(횡령){피고인1,2에대하여일부·피고인5,6에대하여각예비적죄명특정경제범죄가중처벌등에관한법률위반(배임)}·특정경제.json",2012노2794,서울고등법원,20130415,형사,"특정경제범죄가중처벌등에관한법률위반(횡령){피고인1,2에대하여일부·피고인5,6에대하여각예비적죄명특정경제범죄가중처벌등에관한법률위반(배임)}·특정경제범죄가중처벌등에관한법률위반(배임)(피고인2에대하여일부인정된죄명업무상배임)",212.2,149179,0,0,0,0,18,0,"배임:162,계열:133,특정경제범죄:49,합병:41,횡령:36,분할:28,집단:27,고의:23,보험:21,추정:20,시세조종:17,우선:14"
226511_법외노조통보처분취소[고용노동부장관의 전국교직원노동조합에 대한 법외노조 통보처분의 적법성이 문제된 사건].json,2016두32992,대법원,20200903,일반행정,법외노조통보처분취소[고용노동부장관의 전국교직원노동조합에 대한 법외노조 통보처분의 적법성이 문제된 사건],206.0,92056,4,30,3,6,1,2,"다수의견:54,고의:50,행정처분:44,헌법재판소:26,위헌:23,부칙:15,부당노동행위:15,별개의견:14,단체교섭:14,반대의견:10,재심:10,재량:9"
168810_특정경제범죄가중처벌등에관한법률위반(횡령)·특정경제범죄가중처벌등에관한법률위반(배임)·상호저축은행법위반·주식회사의외부감사에관한법률위반·업무상배임·업.json,2011고합403,서울중앙지방법원,20120221,형사,특정경제범죄가중처벌등에관한법률위반(횡령)·특정경제범죄가중처벌등에관한법률위반(배임)·상호저축은행법위반·주식회사의외부감사에관한법률위반·업무상배임·업무방해·자본시장과금융투자업에관한법률위반·뇌물공여·특정경제범죄가중처벌등에관,202.7,426547,0,0,0,0,10,2,"배임:295,계열:230,분식:90,특정경제범죄:69,고의:64,우선:54,저당권:50,횡령:38,공사대금:27,연대:26,집단:26,자본시장:25"
211067_특정범죄가중처벌등에관한법률위반(뇌물)·직권남용권리행사방해·강요(일부인정된죄명강요미수)·강요미수·공무상비밀누설.json,2018노1087,서울고등법원,20180824,형사,특정범죄가중처벌등에관한법률위반(뇌물)·직권남용권리행사방해·강요(일부인정된죄명강요미수)·강요미수·공무상비밀누설,196.3,221268,0,0,0,0,5,0,"합병:274,계열:116,보험:62,지배구조:54,특허:46,제3자:44,관련사건:39,증거능력:24,분할:19,상속:19,집단:18,상상적 경합:13"
225457_직권남용권리행사방해·강요(일부인정된죄명_강요미수)·강요미수·사기미수·증거인멸교사·특정범죄가중처벌등에관한법률위반(뇌물)·특정범죄가중처벌등에관한법률.json,2018도13792,대법원,20190829,형사,직권남용권리행사방해·강요(일부인정된죄명:강요미수)·강요미수·사기미수·증거인멸교사·특정범죄가중처벌등에관한법률위반(뇌물)·특정범죄가중처벌등에관한법률위반(뇌물)(인정된죄명:뇌물수수)·국회에서의증언·감정등에관한법률위반·범죄,196.1,61191,5,19,2,26,12,0,"제3자:74,다수의견:33,증거능력:22,별개의견:13,보험:11,고의:10,계열:7,특허:7,간접사실:6,지배구조:5,합병:5,수용:4"
204666_시설물철거및토지인도청구의소(토지소유자의 배타적 사용ㆍ수익권 포기에 관한 법리가 문제된 사건).json,2016다264556,대법원,20190124,민사,시설물철거및토지인도청구의소(토지소유자의 배타적 사용ㆍ수익권 포기에 관한 법리가 문제된 사건),194.3,66830,0,26,6,26,2,2,"다수의견:48,보상:32,분할:31,상속:31,반대의견:26,고의:24,보충의견:18,권리남용:18,신의칙:17,수용:17,모순:14,이해관계:10"
"226507_특정범죄가중처벌등에관한법률위반(국고등손실) [피고인 1, 피고인 3에 대한 예비적 죄명 및 피고인 2에 대한 일부 예비적 죄명_ 특정경제범죄가중.json","2020노486, 2018노3185(병합)",서울고등법원,20200831,형사,"특정범죄가중처벌등에관한법률위반(국고등손실) [피고인 1, 피고인 3에 대한 예비적 죄명 및 피고인 2에 대한 일부 예비적 죄명: 특정경제범죄가중처벌등에관한법률위반(횡령), 피고인 2, 피고인 10에 대한 일부 예비적",194.2,366667,0,0,0,0,16,5,"횡령:157,경합범:34,포괄일죄:23,재량:21,특정경제범죄:20,고의:19,배임:17,공소장변경:15,병합:13,증거능력:13,집단:11,수용:10"
600055_특정경제범죄가중처벌등에관한법률위반(횡령)[피고인1에대한일부예비적죄명특정경제범죄가중처벌등에관한법률위반(배임)]·특정경제범죄가중처벌등에관한법률위반(.json,"2011노1828,1819(병합),2568(병합)",서울고등법원,20120105,형사,특정경제범죄가중처벌등에관한법률위반(횡령)[피고인1에대한일부예비적죄명특정경제범죄가중처벌등에관한법률위반(배임)]·특정경제범죄가중처벌등에관한법률위반(사기)·특정경제범죄가중처벌등에관한법률위반(배임)(피고인1에대하여일부인정된,186.4,109274,0,0,0,0,10,0,"선박:239,배임:90,계열:77,분식:52,특정경제범죄:41,횡령:29,제3자:21,저당권:15,공사대금:14,시세조종:11,연대:10,고의:10"
227875_청구이의의소[미성년이었던 상속인이 성년에 이른 다음 새롭게 특별한정승인을 신청한 사건].json,2019다232918,대법원,20201119,민사,청구이의의소[미성년이었던 상속인이 성년에 이른 다음 새롭게 특별한정승인을 신청한 사건],186.2,39920,3,8,1,2,1,2,"상속:486,반대의견:62,친권:51,제척기간:41,다수의견:33,부칙:27,헌법재판소:19,고의:19,보충의견:14,소멸시효:14,소급:13,전원합의체:10"
179916_공직선거법위반·국가정보원법위반.json,2014노2820,서울고등법원,20150209,형사,공직선거법위반·국가정보원법위반,185.5,257284,0,0,0,0,2,0,"개인정보:113,증거능력:84,위법수집증거:19,인과관계:15,헌법재판소:12,고의:11,제3자:9,우선:9,연대:7,공소장변경:7,약관:6,재개발:5"
146901_특정경제범죄가중처벌등에관한법률위반(배임)·특정범죄가중처벌등에관한법률위반(뇌물)·부정처사후수뢰·특정경제범죄가중처벌등에관한법률위반(수재등)·특정경제.json,"2006고합1352,295(병합),1351(병합)",서울중앙지방법원,20081124,,특정경제범죄가중처벌등에관한법률위반(배임)·특정범죄가중처벌등에관한법률위반(뇌물)·부정처사후수뢰·특정경제범죄가중처벌등에관한법률위반(수재등)·특정경제범죄가중처벌등에관한법률위반(증재등),183.9,342861,0,0,0,0,5,1,"배임:95,우선:76,수용:63,합병:52,제3자:29,특정경제범죄:22,추정:20,고의:19,보험:9,계열:7,보상:5,소급:4"
159869_특정 경제범죄 가중처벌등에 관한 법률위반(사기)·특정 경제범죄 가중처벌등에 관한 법률위반(횡령)[피고인1·2에 대하여 일부 인정된 죄명_특정 경.json,2010노3160,서울고등법원,20110609,형사,특정 경제범죄 가중처벌등에 관한 법률위반(사기)·특정 경제범죄 가중처벌등에 관한 법률위반(횡령)[피고인1·2에 대하여 일부 인정된 죄명:특정 경제범죄 가중처벌등에 관한 법률위반(배임)·업무상 배임·피고인3에 대하여 ,181.1,158306,0,0,0,0,11,0,"자본시장:203,합병:192,제3자:72,시세조종:62,횡령:61,배임:33,고의:31,특정경제범죄:27,포괄일죄:16,연대:13,경합범:12,외국법:8"
192119_손해배상(기)[배트남전 참전군인 고엽제 피해 손해배상청구 사건].json,2006다17539,대법원,20130712,민사,손해배상(기)[배트남전 참전군인 고엽제 피해 손해배상청구 사건],180.8,24739,12,22,4,10,1,2,"소멸시효:51,인과관계:34,집단:22,권리남용:16,국제재판관할:11,증명책임:11,준거법:7,면책:7,외국법:6,시효의 기산점:6,신의성실:4,특허:4"
168694_특정경제범죄가중처벌등에관한법률위반(횡령)·특정경제범죄가중처벌등에관한법률위반(배임)·상호저축은행법위반·주식회사의외부감사에관한법률위반·업무상배임·업.json,"2012노832,2012노1240(병합)",서울고등법원,20120817,형사,특정경제범죄가중처벌등에관한법률위반(횡령)·특정경제범죄가중처벌등에관한법률위반(배임)·상호저축은행법위반·주식회사의외부감사에관한법률위반·업무상배임·업무방해·자본시장과금융투자업에관한법률위반·뇌물공여·특정경제범죄가중처벌등에관,177.1,202730,0,0,0,0,10,0,"배임:232,특정경제범죄:71,계열:66,분식:38,집단:30,횡령:30,고의:27,저당권:24,파산:18,자본시장:15,보험:15,경합범:13"
226005_구상금·구상금.json,"2015가합579799, 2016가합526204",서울중앙지법,20200117,민사,구상금·구상금,176.5,78859,0,20,7,0,2,0,"구상:100,고의:74,선박:72,회생:66,상속:44,보상:34,인과관계:33,배임:20,대위:19,해상:18,횡령:17,연대:16"
188579_반란수괴·반란모의참여·내란중요임무종사·불법진퇴·지휘관계엄지역수소이탈·상관살해·상관살해미수·초병살해·내란수괴·내란모의참여·내란중요임무종사·내란목적.json,96노1892,서울고법,19961216,형사,반란수괴·반란모의참여·내란중요임무종사·불법진퇴·지휘관계엄지역수소이탈·상관살해·상관살해미수·초병살해·내란수괴·내란모의참여·내란중요임무종사·내란목적살인·특정범죄가중처벌등에관한법률위반(뇌물),176.1,187346,0,0,0,0,13,0,"상계:111,연대:57,집단:46,해상:37,상상적 경합:14,경합범:12,우선:12,제3자:10,대위:9,증거능력:8,특별법:8,병합:7"
221117_자본시장과금융투자업에관한법률위반·특정경제범죄가중처벌등에관한법률위반(횡령)·주식회사의외부감사에관한법률위반·업무상횡령·특정경제범죄가중처벌등에관한법률.json,2011노183,서울고등법원,20110826,형사,자본시장과금융투자업에관한법률위반·특정경제범죄가중처벌등에관한법률위반(횡령)·주식회사의외부감사에관한법률위반·업무상횡령·특정경제범죄가중처벌등에관한법률위반(배임)·특정경제범죄가중처벌등에관한법률위반(증재등)·특정경제범죄가중처,176.1,163633,0,0,0,0,10,0,"횡령:161,자본시장:44,특정경제범죄:43,배임:33,인과관계:18,합병:17,고의:15,제3자:10,공소장변경:8,경합범:6,자백:6,우선:5"
164902_손해배상(기) 등.json,2007나4288,부산고법,20090203,민사,손해배상(기) 등,174.7,23789,6,17,5,7,1,2,"소멸시효:30,준거법:24,조약:15,고의:13,기판력:9,보상:9,국제재판관할:8,외국 판결:7,제척기간:7,보험:4,재심:3,신의칙:3"
193967_정부조치계획취소등.json,2006두330,대법원,20060316,일반행정,정부조치계획취소등,174.0,39571,10,43,7,12,1,3,"환경영향:58,반대의견:22,다수의견:15,우선:14,행정처분:13,추정:11,고의:8,보상:5,보충의견:4,재량:4,취소사유:3,제3자:3"
608363_주민소송.json,2020누50128,서울고등법원,20240214,일반행정,주민소송,173.0,196804,0,0,0,0,1,3,"중재:113,중재판정:62,추정:62,고의:55,보상:31,연대:26,우선:21,환송 후:20,인과관계:19,병합:18,소송물:12,부진정연대:11"
183717_특정경제범죄가중처벌등에관한법률위반(횡령)[피고인1·피고인2·피고인5에대하여각일부인정된죄명_업무상횡령·피고인8(대판_피고인4)에대하여인정된죄명_특.json,2012노755,서울고등법원,20121220,형사,특정경제범죄가중처벌등에관한법률위반(횡령)[피고인1·피고인2·피고인5에대하여각일부인정된죄명:업무상횡령·피고인8(대판:피고인4)에대하여인정된죄명:특정경제범죄가중처벌등에관한법률위반(횡령)방조]·특정경제범죄가중처벌등에관한법,172.3,74030,0,0,0,0,15,0,"횡령:77,배임:65,부가가치세:39,법인세:37,계열:22,증거능력:21,보험:17,특정경제범죄:15,부당지원:14,추정:6,우선:6,신의성실:5"
172027_손해배상(기).json,2006다17553,대법원,20130712,민사,손해배상(기),172.2,26077,12,22,4,10,1,2,"소멸시효:46,인과관계:29,집단:17,권리남용:14,국제재판관할:9,증명책임:9,준거법:7,면책:7,시효의 기산점:5,일부 인용:5,신의성실:4,외국법:3"
"214597_특정범죄가중처벌등에관한법률위반(국고등손실)[피고인 1, 피고인 3에 대한 예비적 죄명 및 피고인 2에 대한 일부 예비적 죄명_ 특정경제범죄가중처.json",2020도12583,대법원,20210311,형사,"특정범죄가중처벌등에관한법률위반(국고등손실)[피고인 1, 피고인 3에 대한 예비적 죄명 및 피고인 2에 대한 일부 예비적 죄명: 특정경제범죄가중처벌등에관한법률위반(횡령), 피고인 2, 피고인 10에 대한 일부 예비적 ",171.4,37774,6,36,5,6,16,1,"포괄일죄:16,횡령:11,공소장변경:7,고의:7,경합범:5,전원합의체:4,재량:4,증거능력:3,시행 전:2,기판력:2,배임:2,병합:1"
209175_살인(①피고인1에대하여일부제1예비적죄명및일부인정된죄명_특정범죄가중처벌등에관한법률위반·제2예비적죄명_유기치사②피고인2에대하여인정된죄명_특정범죄가중.json,2015도6809,대법원,20151112,형사,살인(①피고인1에대하여일부제1예비적죄명및일부인정된죄명:특정범죄가중처벌등에관한법률위반·제2예비적죄명:유기치사②피고인2에대하여인정된죄명:특정범죄가중처벌등에관한법률위반·제2예비적죄명:유기치사③피고인3·피고인9에대하여일부예,171.0,69996,6,42,3,5,17,0,"선박:314,고의:117,다수의견:32,인과관계:17,반대의견:16,해상:13,충돌:12,운송:9,보충의견:8,공소장변경:5,신의성실:3,우선:3"
178238_내란음모·국가보안법위반(찬양·고무등)·내란선동.json,"2013고합620,624(병합),699(병합),851(병합)",수원지방법원,20140217,형사,내란음모·국가보안법위반(찬양·고무등)·내란선동,169.2,300787,0,0,0,0,4,1,"증거능력:81,집단:44,연대:18,고의:18,경합범:15,전문법칙:15,제3자:15,우선:13,전원합의체:10,보상:6,수용:5,충돌:5"
226935_자본시장과금융투자업에관한법률위반·보조금관리에관한법률위반·업무상횡령·사기·허위작성공문서행사·금융실명거래및비밀보장에관한법률위반·범죄수익은닉의규제및처.json,2021노14,서울고등법원,20210811,형사,자본시장과금융투자업에관한법률위반·보조금관리에관한법률위반·업무상횡령·사기·허위작성공문서행사·금융실명거래및비밀보장에관한법률위반·범죄수익은닉의규제및처벌등에관한법률위반·업무방해·위계공무집행방해·위조사문서행사·증거은닉교사·증,169.0,132829,0,0,0,0,15,0,"미공개:72,자본시장:40,증거능력:26,횡령:22,고의:20,우선:14,보상:10,위법수집증거:7,제3자:7,재개발:5,수용:5,경합범:4"
"231757_손해배상(기)[긴급조치 제9호위반 혐의로 수사 및 유죄판결을 받은 사람들 또는 그 유족들이 대통령과 수사기관, 법원의 불법행위를 이유로 국가배상.json",2018다212610,대법원,20220830,민사,"손해배상(기)[긴급조치 제9호위반 혐의로 수사 및 유죄판결을 받은 사람들 또는 그 유족들이 대통령과 수사기관, 법원의 불법행위를 이유로 국가배상을 청구한 사안]",168.6,70047,0,8,2,9,2,2,"위헌:145,고의:62,별개의견:50,다수의견:40,전원합의체:27,보상:26,헌법재판소:22,재심:16,대위:10,모순:9,기판력:7,소멸시효:6"
209199_퇴직금.json,2012다89399,대법원,20131218,민사,퇴직금,164.9,53646,4,21,5,11,1,2,"통상임금:296,신의칙:93,정기상여:63,다수의견:61,반대의견:23,보험:12,고의:11,우선:10,별개의견:6,퇴직금:6,전원합의체:5,단체교섭:5"
171705_국가보안법위반(반국가단체의구성등)·국가보안법위반(간첩)·국가보안법위반(자진지원·금품수수)·국가보안법위반(특수잠입·탈출)·국가보안법위반(찬양·고무.json,"2011고합1131,2011고합1143(병합),2011고합1144(병합),2011고합1145(병합),2011고합1146(병합)",서울중앙지방법원,20120223,형사,국가보안법위반(반국가단체의구성등)·국가보안법위반(간첩)·국가보안법위반(자진지원·금품수수)·국가보안법위반(특수잠입·탈출)·국가보안법위반(찬양·고무등)·국가보안법위반(회합·통신등)·국가보안법위반(편의제공),163.9,213392,0,0,0,0,11,1,"연대:90,증거능력:22,집단:10,전원합의체:9,우선:9,경합범:6,전문법칙:6,구상:5,양육:5,헌법재판소:4,대위:3,진보성:3"
154220_특정 범죄 가중 처벌등에 관한 법률 위반(알선수재)·특정 범죄 가중 처벌등에 관한 법률 위반(조세)·증권 거래법 위반(알선수재)·특정범죄가중처벌.json,2010도10968,대법원,20110630,형사,특정 범죄 가중 처벌등에 관한 법률 위반(알선수재)·특정 범죄 가중 처벌등에 관한 법률 위반(조세)·증권 거래법 위반(알선수재)·특정범죄가중처벌등에관한법률위반(조세)·증권거래법위반,163.7,15639,11,41,2,13,5,0,"합병:31,경합범:8,상속:7,공소장변경:5,포괄일죄:4,시세조종:4,미공개:3,간접사실:3,전원합의체:2,공소사실의 동일성:2,고의:2,위헌:1"
210411_친생자관계부존재확인(아내가 혼인 중 제3자의 정자를 제공받아 인공수정으로 임신하여 출산한 자녀와 남편과 혈연관계가 없는 자녀에 대해서 친생추정이.json,2016므2510,대법원,20191023,가사,친생자관계부존재확인(아내가 혼인 중 제3자의 정자를 제공받아 인공수정으로 임신하여 출산한 자녀와 남편과 혈연관계가 없는 자녀에 대해서 친생추정이 미치는지 여부가 문제된 사건),163.2,61447,2,16,2,6,1,2,"추정:354,다수의견:53,제3자:44,별개의견:28,고의:22,양육:21,헌법재판소:18,부인권:17,이해관계:15,전원합의체:7,가정법원:7,보충의견:6"
166297_손해배상(기) 등(일제 강제징용 사건).json,2009다22549,대법원,20120524,민사,손해배상(기) 등(일제 강제징용 사건),163.0,17385,7,16,5,2,1,2,"조약:19,소멸시효:12,준거법:11,고의:8,국제재판관할:7,권리남용:6,신의성실:5,합병:5,부칙:4,외국법:4,병합:3,분할:3"
159865_특정 경제범죄 가중 처벌등에 관한 법률위반(사기)·특정 경제범죄 가중 처벌등에 관한 법률위반(횡령)[일부 인정된 죄명_특정 경제범죄 가중 처벌등.json,"2010고합305,2010고합412(병합)",서울중앙지방법원,20101029,형사,특정 경제범죄 가중 처벌등에 관한 법률위반(사기)·특정 경제범죄 가중 처벌등에 관한 법률위반(횡령)[일부 인정된 죄명:특정 경제범죄 가중 처벌등에 관한 법률위반(배임)·업무 상배임]·특정 경제범죄 가중 처벌등에 관한,161.9,199175,0,0,0,0,6,0,"합병:276,시세조종:109,자본시장:103,제3자:84,횡령:80,배임:59,고의:34,연대:21,특정경제범죄:17,외국법:8,경합범:7,포괄일죄:5"
229025_직권남용권리행사방해·국가공무원법위반·공직선거법위반·강요·위증·특정범죄가중처벌등에관한법률위반(뇌물)·특정범죄가중처벌등에관한법률위반(국고등손실).json,"2017고합1114, 2018고합116(병합), 391(병합)",서울중앙지방법원,20181005,형사,직권남용권리행사방해·국가공무원법위반·공직선거법위반·강요·위증·특정범죄가중처벌등에관한법률위반(뇌물)·특정범죄가중처벌등에관한법률위반(국고등손실),161.3,221422,0,0,0,0,7,0,"횡령:26,경합범:18,증거능력:18,상상적 경합:8,자백:7,대위:6,전원합의체:5,포괄일죄:5,배임:5,추정:5,우선:5,제3자:4"
177317_특정경제범죄가중처벌등에관한법률위반(횡령)(피고인2에대하여일부변경된죄명_업무상횡령)·특정경제범죄가중처벌등에관한법률위반(배임)(인정된죄명_업무상배임.json,2013도12155,대법원,20140227,형사,특정경제범죄가중처벌등에관한법률위반(횡령)(피고인2에대하여일부변경된죄명:업무상횡령)·특정경제범죄가중처벌등에관한법률위반(배임)(인정된죄명:업무상배임)·특정경제범죄가중처벌등에관한법률위반(저축관련부당행위),160.0,29568,8,22,3,15,3,0,"횡령:66,배임:25,계열:17,증거능력:11,모순:5,위법수집증거:4,합병:4,공소사실의 동일성:3,재량:3,포괄일죄:2,공소장변경:2,특정경제범죄:2"
147333_임금채무부존재확인·재임용탈락처분무효등·손해배상(기)등.json,"2008다58794,58800,58817",대법원,20100930,민사,임금채무부존재확인·재임용탈락처분무효등·손해배상(기)등,159.4,14440,10,32,5,10,3,4,"고의:25,헌법불합치:22,재량:14,반소:13,재심:12,특별법:9,헌법재판소:8,소급:7,부칙:2,증명책임:2,전원합의체:1,위헌:1"
144577_배상명령신청·특정경제범죄가중처벌등에관한법률위반(배임){피고인2에대한예비적죄명_특정경제범죄가중처벌등에관한법률위반(배임)방조}·특정경제범죄가중처벌등.json,"2008고합1413,2009고합87(병합),304(병합),309(병합),411(병합),2009초기30",서울중앙지방법원,20090604,형사,배상명령신청·특정경제범죄가중처벌등에관한법률위반(배임){피고인2에대한예비적죄명:특정경제범죄가중처벌등에관한법률위반(배임)방조}·특정경제범죄가중처벌등에관한법률위반(횡령)·특정경제범죄가중처벌등에관한법률위반(사기)·업무상배임,159.1,151651,0,0,0,0,14,0,"배임:97,제3자:42,횡령:37,특정경제범죄:36,고의:23,추정:21,분식:19,보험:15,계열:13,이해관계:9,신의칙:7,합병:6"
209161_내란음모·국가보안법위반(찬양·고무등)·내란선동[내란음모에 관한 사건].json,2014도10978,대법원,20150122,형사,내란음모·국가보안법위반(찬양·고무등)·내란선동[내란음모에 관한 사건],159.1,67030,7,29,4,5,4,0,"증거능력:31,다수의견:22,집단:15,전원합의체:10,전문법칙:10,간접사실:7,반대의견:6,제3자:6,비례:5,공소장변경:4,고의:3,충돌:3"
215165_보험금등청구의소[국민건강보험법에 따른 보험급여를 받은 피해자의 가해자에 대한 치료비 손해배상채권액의 산정 방식].json,2018다287935,대법원,20210318,민사,보험금등청구의소[국민건강보험법에 따른 보험급여를 받은 피해자의 가해자에 대한 치료비 손해배상채권액의 산정 방식] ,156.9,29339,0,5,2,27,1,0,"보험:375,대위:77,구상:43,제3자:36,상계:35,과실상계:34,다수의견:22,고의:19,약관:6,우선:5,반대의견:4,보충의견:3"
222003_특정경제범죄가중처벌등에관한법률위반(횡령)·특정경제범죄가중처벌등에관한법률위반(배임)·업무상횡령·증권거래법위반·자본시장과금융투자업에관한법률위반·공전.json,"2010고합280,2010고합282(병합)",서울중앙지방법원,20100903,형사,특정경제범죄가중처벌등에관한법률위반(횡령)·특정경제범죄가중처벌등에관한법률위반(배임)·업무상횡령·증권거래법위반·자본시장과금융투자업에관한법률위반·공전자기록등불실기재·불실기재공전자기록등행사·상법위반,156.7,214804,0,0,0,0,8,0,"횡령:219,시세조종:174,배임:93,연대:40,특정경제범죄:37,고의:23,자본시장:15,제3자:12,약관:10,경합범:9,상계:5,계열:5"
230319_공직선거법위반·국가정보원법위반.json,2015노1998,서울고등법원,20170830,형사,공직선거법위반·국가정보원법위반,156.7,165824,0,0,0,0,2,0,"개인정보:95,증거능력:94,제3자:28,위법수집증거:27,공소장변경:21,포괄일죄:12,인과관계:10,약관:9,환송 후:8,고의:8,전문법칙:6,전원합의체:5"
230449_공직선거법위반·국가정보원법위반.json,2015노1998,서울고등법원,20170830,형사,공직선거법위반·국가정보원법위반,156.7,165825,0,0,0,0,2,0,"개인정보:95,증거능력:94,제3자:28,위법수집증거:27,공소장변경:21,포괄일죄:12,인과관계:10,약관:9,환송 후:8,고의:8,전문법칙:6,전원합의체:5"
609463_경정거부처분취소[국내 미등록 특허권 사용료가 한미조세협약상 국내원천소득에 해당하는지 문제된 사건].json,2021두59908,대법원,20250918,세무,경정거부처분취소[국내 미등록 특허권 사용료가 한미조세협약상 국내원천소득에 해당하는지 문제된 사건],155.7,63254,0,4,0,10,1,2,"특허:726,조약:85,다수의견:83,반대의견:60,법인세:53,종전 판례:34,보충의견:24,증명책임:20,우선:16,저작권:14,조세조약:13,외국법:6"
146887_특정경제범죄가중처벌등에관한법률위반(배임)·특정범죄가중처벌등에관한법률위반(뇌물)·부정처사후수뢰·특정경제범죄가중처벌등에관한법률위반(수재등)·특정경제.json,"2008노3201,2008노3330(병합)",서울고등법원,20091229,형사,특정경제범죄가중처벌등에관한법률위반(배임)·특정범죄가중처벌등에관한법률위반(뇌물)·부정처사후수뢰·특정경제범죄가중처벌등에관한법률위반(수재등)·특정경제범죄가중처벌등에관한법률위반(증재등)·특정범죄가중처벌등에관한법률위반(알선수,155.6,90508,0,0,0,0,8,0,"배임:37,제3자:35,특정경제범죄:18,수용:16,합병:11,고의:7,우선:6,중재:5,병합:4,경영판단:4,보험:4,전원합의체:3"
148934_재임용거부결정무효확인.json,2006다46131,대법원,20100930,민사,재임용거부결정무효확인,154.7,12640,9,34,6,11,1,2,"고의:30,헌법불합치:24,재량:17,재심:15,소급:9,특별법:9,위헌:5,헌법재판소:5,부칙:3,증명책임:3,소멸시효:2,전원합의체:1"
126700_소유권말소등기.json,2004다37775,대법원,20060420,민사,소유권말소등기,152.9,33342,2,8,1,32,1,2,"다수의견:46,집단:33,별개의견:27,종전 판례:27,분할:8,반대의견:7,포괄승계:7,보충의견:5,이해관계:4,모순:4,전원합의체:3,판례를 변경:3"
234929_부당이득금반환·부당이득금[근로자에게 불이익하게 변경하면서 근로자의 과반수로 조직된 노동조합의 동의를 받지 않은 취업규칙의 효력이 문제된 사건].json,"2017다35588, 35595",대법원,20230511,민사,부당이득금반환·부당이득금[근로자에게 불이익하게 변경하면서 근로자의 과반수로 조직된 노동조합의 동의를 받지 않은 취업규칙의 효력이 문제된 사건],152.9,32972,0,6,3,15,2,2,"집단:131,다수의견:31,권리남용:21,종전 판례:19,별개의견:10,선정당사자:10,신의성실:8,전원합의체:7,보충의견:6,부칙:5,수용:5,신의칙:4"
226035_직권남용권리행사방해·강요·국회에서의증언·감정등에관한법률위반[문화예술계 지원배제 등 관련 직권남용권리행사방해 사건].json,2018도2236,대법원,20200130,형사,직권남용권리행사방해·강요·국회에서의증언·감정등에관한법률위반[문화예술계 지원배제 등 관련 직권남용권리행사방해 사건],152.3,68405,5,14,3,9,4,0,"증거능력:39,다수의견:38,포괄일죄:22,위헌:19,별개의견:11,위법수집증거:11,전원합의체:6,보충의견:6,재량:6,집단:5,반대의견:4,경합범:4"
147383_특정경제범죄가중처벌등에관한법률위반(배임)·강제집행면탈·증권거래법위반·특정범죄가중처벌등에관한법률위반(알선수재).json,2009도6411,대법원,20101209,형사,특정경제범죄가중처벌등에관한법률위반(배임)·강제집행면탈·증권거래법위반·특정범죄가중처벌등에관한법률위반(알선수재),151.7,16348,6,29,1,11,4,0,"외국법:18,고의:11,배임:9,인과관계:7,자본시장:6,제3자:6,부칙:5,허위공시:4,포괄일죄:2,특정경제범죄:2,시세조종:2,증명책임:2"
134259_외화대납금반환등.json,2002나13425,서울고법,20060614,민사,외화대납금반환등,151.5,49199,9,32,2,7,1,2,"고의:50,계열:26,연대:21,집단:18,배임:12,인과관계:8,부당지원:7,공동소송:6,제3자:6,구상:5,경영판단:4,보상:3"
599849_소유권이전등기[개정 「친일반민족행위자 재산의 국가귀속에 관한 특별법」 부칙 제2항의 해석 및 적용범위가 문제된 사건].json,2019다255416,대법원,20241219,민사,소유권이전등기[개정 「친일반민족행위자 재산의 국가귀속에 관한 특별법」 부칙 제2항의 해석 및 적용범위가 문제된 사건],151.2,37003,0,12,4,16,1,2,"부칙:172,소급:116,다수의견:49,구법:44,반대의견:26,헌법재판소:25,합병:20,고의:10,신뢰보호:8,위헌:7,보충의견:6,특별법:6"
82257_소유권이전등기등.json,2000다47361,대법원,20021227,민사,소유권이전등기등,151.2,11044,8,17,3,19,1,3,"상속:45,고의:24,소송물:11,제3자:10,기판력:9,배임:9,상계:7,과실상계:7,소멸시효:5,제척기간:5,신의성실:4,권리남용:4"
217343_임시주주총회결의무효확인등[편면적 대세효 있는 회사관계소송의 공동소송 형태가 문제된 사건].json,2020다284977,대법원,20210722,민사,임시주주총회결의무효확인등[편면적 대세효 있는 회사관계소송의 공동소송 형태가 문제된 사건],150.3,34538,0,7,2,0,1,2,"공동소송:280,특허:45,병합:29,별개의견:20,모순:18,다수의견:15,무효심판:11,제3자:11,이해관계:8,충돌:8,회생:7,보충의견:6"
"171338_특정경제범죄가중처벌등에관한법률위반(횡령)[피고인1,피고인2에대하여각일부예비적죄명및피고인5,피고인6에대하여각예비적죄명_특정경제범죄가중처벌등에관한법.json",2013도5214,대법원,20130926,형사,"특정경제범죄가중처벌등에관한법률위반(횡령)[피고인1,피고인2에대하여각일부예비적죄명및피고인5,피고인6에대하여각예비적죄명:특정경제범죄가중처벌등에관한법률위반(배임)]·특정경제범죄가중처벌등에관한법률위반(배임)(피고인2에대하여",150.2,36825,3,9,1,7,14,0,"배임:85,계열:35,고의:20,횡령:16,경영판단:10,합병:10,집단:9,분할:9,자본시장:7,포괄일죄:5,제3자:5,특정경제범죄:3"
69591_구외국환거래법위반(일부공소취소)·남북교류협력에관한법률위반·(피고인5에대하여공소취소)·특정경제범죄가중처벌등에관한법률위반(배임)·직권남용권리행사방해.json,"2003고합580, 585, 609, 643",서울지법,20030926,형사,구외국환거래법위반(일부공소취소)·남북교류협력에관한법률위반·(피고인5에대하여공소취소)·특정경제범죄가중처벌등에관한법률위반(배임)·직권남용권리행사방해,150.0,64231,5,16,6,2,5,0,"계열:26,배임:14,우선:5,선박:4,특정경제범죄:3,수용:3,헌법재판소:2,공소장변경:2,중재:2,제3자:2,특별법:2,전원합의체:1"
221327_국가보안법위반(특수잠입·탈출)·국가보안법위반(회합·통신등)(피고인2에대하여일부공소취소)·국가보안법위반(찬양·고무등)·국가보안법위반(자진지원·금품.json,"2009고합731,2011고합348(병합)",서울중앙지방법원,20111222,형사,국가보안법위반(특수잠입·탈출)·국가보안법위반(회합·통신등)(피고인2에대하여일부공소취소)·국가보안법위반(찬양·고무등)·국가보안법위반(자진지원·금품수수)·국가보안법위반(이적단체의구성등),149.0,306778,0,0,0,0,9,1,"연대:217,대위:61,위헌:29,우선:10,경합범:9,증거능력:9,전원합의체:8,헌법재판소:8,헌법불합치:7,구상:7,해상:6,위법수집증거:4"
210539_제재조치명령의취소(방송심의기준인 방송의 객관성·공정성·균형성 유지의무와 사자 명예존중 의무를 위반하였는지 문제된 사건)[방송심의기준인 방송의 객.json,2015두49474,대법원,20191121,일반행정,제재조치명령의취소(방송심의기준인 방송의 객관성·공정성·균형성 유지의무와 사자 명예존중 의무를 위반하였는지 문제된 사건)[방송심의기준인 방송의 객관성·공정성·균형성 유지의무와 사자 명예존중 의무를 위반하였는지 문제된 ,148.8,72597,5,21,1,1,5,2,"다수의견:78,반대의견:44,보충의견:16,고의:14,위헌:13,이해관계:13,재량:9,균등:8,헌법재판소:5,혼동:4,과징금:4,행정처분:4"
232049_근로자지위확인등·근로자지위확인등·근로자지위확인등·근로자지위확인등·근로자지위확인등·근로자지위확인등·근로자지위확인등·근로자지위확인등·근로자지위확인등.json,"2014나51666, 2014나51673(병합), 2014나51680(병합), 2014나51697(병합), 2014나51703(병합), 2014나51710(병합), 2014나51727(병합), 2014나51734(병합), 2014나51741(병합), 2014나51758(병합), 2014나51765(병합), 2014나51772(병합), 2014나51789(병합)",서울고등법원,20170210,민사,근로자지위확인등·근로자지위확인등·근로자지위확인등·근로자지위확인등·근로자지위확인등·근로자지위확인등·근로자지위확인등·근로자지위확인등·근로자지위확인등·근로자지위확인등·근로자지위확인등·근로자지위확인등·근로자지위확인등(주1),148.3,71124,0,0,0,0,13,2,"고의:105,관리인:13,병합:12,보험:6,제3자:6,불법파견:5,통상임금:5,전원합의체:3,헌법재판소:3,집단:3,쟁의행위:3,산업재해:3"
184812_손해배상(기)ㆍ손해배상(기)(임차건물 화재로 인하여 임대차 목적물이 아닌 부분까지 불탄 경우 임차인의 손해배상책임의 성립과 손해배상의 범위가 문.json,"2012다86895, 86901",대법원,20170518,민사,손해배상(기)ㆍ손해배상(기)(임차건물 화재로 인하여 임대차 목적물이 아닌 부분까지 불탄 경우 임차인의 손해배상책임의 성립과 손해배상의 범위가 문제된 사건),148.1,37463,3,20,3,13,2,3,"보험:62,반소:61,다수의견:14,보상:14,증명책임:13,손해의 범위:12,별개의견:11,반대의견:7,제3자:7,인과관계:6,약관:6,집합건물:4"
192718_종합소득세등부과처분취소.json,2012구합9437,서울행정법원,20130814,세무,종합소득세등부과처분취소,148.1,135837,0,0,0,0,1,0,"선박:296,고의:89,운송:82,명의신탁:47,해상:44,외국법:29,병합:26,가산세:21,계열:17,보험:14,조약:10,조세조약:10"
197720_특정경제범죄가중처벌등에관한법률위반(사기)·특정경제범죄가중처벌등에관한법률위반(횡령)·특정경제범죄가중처벌등에관한법률위반(배임)·주식회사의외부감사에관.json,(창원)2015노74,부산고등법원,20150727,형사,특정경제범죄가중처벌등에관한법률위반(사기)·특정경제범죄가중처벌등에관한법률위반(횡령)·특정경제범죄가중처벌등에관한법률위반(배임)·주식회사의외부감사에관한법률위반·뇌물공여·특정경제범죄가중처벌등에관한법률위반(증재등),147.3,76756,0,0,0,0,6,0,"배임:109,계열:83,횡령:49,선박:43,경영판단:24,우선:24,고의:21,특정경제범죄:18,이해관계:13,회생:9,파산:9,제3자:8"
607827_배당이의의소[채무자가 소멸시효가 완성된 상태에서 채무를 일부 변제한 경우 시효이익을 포기한 것인지 문제된 사건].json,2023다240299,대법원,20250724,민사,배당이의의소[채무자가 소멸시효가 완성된 상태에서 채무를 일부 변제한 경우 시효이익을 포기한 것인지 문제된 사건],147.1,43416,0,1,1,10,1,2,"추정:272,소멸시효:76,별개의견:48,다수의견:42,보충의견:17,판례를 변경:16,신의칙:16,저당권:8,전원합의체:7,고의:7,시효 중단:7,종전 판례:6"
214251_살인·사체유기·아동복지법위반(아동유기·방임)[제1심에서 부정기형을 선고하였는데 피고인만이 항소하여 불이익변경금지 원칙이 적용되어 항소심이 부정기.json,2020도4140,대법원,20201022,형사,살인·사체유기·아동복지법위반(아동유기·방임)[제1심에서 부정기형을 선고하였는데 피고인만이 항소하여 불이익변경금지 원칙이 적용되어 항소심이 부정기형보다 중하지 아니한 정기형을 선고해야 하는 사건],146.4,39307,2,15,6,8,4,0,"다수의견:38,별개의견:23,재량:12,우선:9,전원합의체:8,반대의견:8,비례:4,고의:4,이해관계:4,보충의견:3,종전 판례:3,실효:3"
149517_특정경제범죄가중처벌등에관한법률위반(배임)·특정범죄가중처벌등에관한법률위반(조세)·증권거래법위반.json,2008도9436,대법원,20090529,형사,특정경제범죄가중처벌등에관한법률위반(배임)·특정범죄가중처벌등에관한법률위반(조세)·증권거래법위반,146.0,12477,14,38,3,16,3,0,"배임:21,제3자:21,특정경제범죄:10,계열:8,전원합의체:5,경합범:2,경영판단:2,지배구조:2,분할:2,우선:2"
188463_특정경제범죄가중처벌등에관한법률위반(횡령)(인정된죄명_업무상횡령)·특정경제범죄가중처벌등에관한법률위반(배임)·사문서위조·위조사문서행사·금융지주회사법.json,2013노513,서울고등법원,20131226,형사,특정경제범죄가중처벌등에관한법률위반(횡령)(인정된죄명:업무상횡령)·특정경제범죄가중처벌등에관한법률위반(배임)·사문서위조·위조사문서행사·금융지주회사법위반·은행법위반·업무상횡령,145.4,142975,0,0,0,0,7,0,"횡령:51,추정:20,증거능력:14,모순:13,특정경제범죄:11,우선:8,입증책임:6,간접사실:5,파산:4,배임:4,자살:4,제3자:4"
226859_지료청구.json,2017다228007,대법원,20210429,민사,지료청구,145.4,40605,0,13,1,4,1,2,"다수의견:44,전원합의체:24,별개의견:19,소급:12,반대의견:9,헌법재판소:6,신의성실:6,신의칙:5,보상:5,이해관계:5,고의:4,소멸시효:4"
161707_증권 거래법 위반·특정 범죄 가중 처벌등에 관한 법률 위반(조세)·특정 경제 범죄 가중 처벌등에 관한 법률 위반(횡령)·특정 경제 범죄 가중 처.json,2008도5399,대법원,20110728,형사,증권 거래법 위반·특정 범죄 가중 처벌등에 관한 법률 위반(조세)·특정 경제 범죄 가중 처벌등에 관한 법률 위반(횡령)·특정 경제 범죄 가중 처벌등에 관한 법률 위반(배임)[피고인2에 대하여 일부 인정된 죄명:업무상,144.6,22231,6,43,2,6,6,0,"배임:16,인과관계:15,특정경제범죄:11,고의:9,횡령:6,포괄일죄:3,미공개:3,부칙:2,자본시장:2,경영판단:2,합병:2,주식교환:2"
226319_부당이득금[공유물의 소수지분권자가 공유물을 독점적으로 점유하는 다른 소수지분권자를 상대로 방해배제와 인도를 청구하는 사건].json,2018다287522,대법원,20200521,민사,부당이득금[공유물의 소수지분권자가 공유물을 독점적으로 점유하는 다른 소수지분권자를 상대로 방해배제와 인도를 청구하는 사건],144.4,43600,0,8,2,20,1,2,"고의:165,다수의견:69,반대의견:38,제3자:26,기판력:21,실효:9,모순:9,보충의견:7,전원합의체:6,분할:6,충돌:6,소송물:4"
"152271_특수공무집행방해치상(피고인10,16,17,19를제외한나머지피고인들에대하여일부인정된죄명_특수공무집행방해)·폭력행위등처벌에관한법률위반(집단·흉기등퇴.json",2010도11030,대법원,20110127,형사,"특수공무집행방해치상(피고인10,16,17,19를제외한나머지피고인들에대하여일부인정된죄명:특수공무집행방해)·폭력행위등처벌에관한법률위반(집단·흉기등퇴거불응)·폭력행위등처벌에관한법률위반(집단·흉기등상해)[피고인16,19를제",143.6,6599,8,31,4,11,24,0,"쟁의행위:23,정리해고:14,단체교섭:7,증거능력:4,수용:3,고의:3,집단:2"
231629_독점규제및공정거래에관한법률위반·특정경제범죄가중처벌등에관한법률위반(횡령)[피고인1에대하여일부인정된죄명특정경제범죄가중처벌등에관한법률위반(배임)·업무.json,2018노365,서울고등법원,20191211,형사,독점규제및공정거래에관한법률위반·특정경제범죄가중처벌등에관한법률위반(횡령)[피고인1에대하여일부인정된죄명특정경제범죄가중처벌등에관한법률위반(배임)·업무상횡령·일부예비적죄명특정경제범죄가중처벌등에관한법률위반(배임)·피고인2에대,143.6,121608,0,0,0,0,7,2,"횡령:103,특정경제범죄:78,배임:69,부당지원:57,공소장변경:18,제3자:10,보험:9,포괄일죄:8,고의:8,부칙:7,재량:6,경합범:5"
197951_임금.json,94다26721,대법원,19951221,민사,임금,143.2,20306,10,21,5,18,1,2,"쟁의행위:55,다수의견:10,상계:9,보험:9,반대의견:6,통상임금:5,퇴직금:4,비례:4,집단:3,소멸시효:3,분할:2,면책:2"
206256_종합소득세부과처분취소.json,2012구합29028,서울행정법원,20140613,세무,종합소득세부과처분취소,143.2,125461,0,0,0,0,1,0,"가산세:76,고의:74,조약:39,조세조약:35,제척기간:26,조세회피:24,법인세:20,부과제척:19,명의신탁:19,지배구조:17,상속:14,실질과세:8"
215857_분묘철거등[분묘기지권의 취득시효에 관한 사건].json,2013다17292,대법원,20170119,민사,분묘철거등[분묘기지권의 취득시효에 관한 사건],143.2,41134,0,33,2,15,1,2,"전원합의체:16,부칙:12,반대의견:11,시행 전:10,추정:8,제3자:7,보충의견:6,다수의견:6,회생:6,우선:5,개정 전:4,소급:3"
192343_특수공무집행방해치상·일반교통방해·국가보안법위반(찬양·고무등)·집회및시위에관한법률위반.json,2010도1189,대법원,20100723,형사,특수공무집행방해치상·일반교통방해·국가보안법위반(찬양·고무등)·집회및시위에관한법률위반,142.3,43463,3,4,2,13,5,0,"연대:69,다수의견:43,반대의견:25,위헌:13,추정:13,전원합의체:11,헌법재판소:7,고의:6,간접사실:6,보충의견:5,별개의견:4,증명책임:4"
145480_교수지위확인.json,2007다42433,대법원,20100729,민사,교수지위확인,142.2,15217,6,18,4,10,1,2,"헌법불합치:36,고의:21,재량:20,재심:18,소급:17,특별법:13,헌법재판소:11,위헌:6,부칙:3,전원합의체:2,기판력:2,계열:2"
209207_준항고인용결정에대한재항고[전자정보에 대한 압수·수색 사건].json,2011모1839,대법원,20150716,형사,준항고인용결정에대한재항고[전자정보에 대한 압수·수색 사건],141.9,30522,6,48,3,1,2,0,"다수의견:39,증거능력:17,반대의견:14,보충의견:8,별개의견:5,소급:5,실효:3,위법수집증거:3,배임:3,비례:3,분할:2,재량:2"
197890_특정경제범죄가중처벌등에관한법률위반(사기)·특정경제범죄가중처벌등에관한법률위반(횡령)·특정경제범죄가중처벌등에관한법률위반(배임)·주식회사의외부감사에관.json,"2013고합245, 327(병합)",창원지방법원,20150130,형사,특정경제범죄가중처벌등에관한법률위반(사기)·특정경제범죄가중처벌등에관한법률위반(횡령)·특정경제범죄가중처벌등에관한법률위반(배임)·주식회사의외부감사에관한법률위반·뇌물공여·특정경제범죄가중처벌등에관한법률위반(증재등),141.5,103873,0,0,0,0,6,1,"배임:109,계열:109,선박:49,횡령:42,우선:35,이해관계:13,연대:10,회생:8,특정경제범죄:8,경영판단:8,인과관계:8,해상:8"
217571_컴퓨터등장애업무방해ㆍ공직선거법위반.json,2019노461,서울고등법원,20201106,형사,컴퓨터등장애업무방해ㆍ공직선거법위반,141.0,223063,0,0,0,0,2,0,"고의:42,대위:26,간접사실:26,증거능력:20,추정:14,모순:7,전원합의체:5,헌법재판소:4,구상:3,지배구조:3,분할:3,양립할 수 없:3"
147009_교수지위확인.json,2007다41621,대법원,20100819,민사,교수지위확인,140.9,11505,10,27,6,11,1,2,"고의:21,헌법불합치:19,재심:12,재량:12,특별법:9,헌법재판소:5,소급:4,부칙:2,증명책임:2,전원합의체:1,경과규정:1,기판력:1"
157935_손해배상(기).json,2008다14633,대법원,20110414,민사,손해배상(기),140.4,13047,8,19,3,11,1,7,"분식:20,경영판단:14,고의:13,파산:9,회생:3,배임:3,부당지원:3,계열:3,합병:3,재량:3,과징금:2,법인세:2"
197736_특정경제범죄가중처벌등에관한법률위반(횡령)·특정경제범죄가중처벌등에관한법률위반(배임)·업무상횡령·업무상배임·허위진단서작성·허위작성진단서행사·배임증재.json,2014노616,서울고등법원,20141030,형사,특정경제범죄가중처벌등에관한법률위반(횡령)·특정경제범죄가중처벌등에관한법률위반(배임)·업무상횡령·업무상배임·허위진단서작성·허위작성진단서행사·배임증재·배임수재,140.1,108150,0,0,0,0,8,0,"횡령:196,배임:90,퇴직금:19,특정경제범죄:18,수용:14,합병:12,고의:12,포괄일죄:7,공소장변경:7,제3자:6,연대:5,소급:4"
145724_손해배상(기).json,2008다92336,대법원,20100819,민사,손해배상(기),139.5,9359,8,36,2,4,1,3,"분할:73,인과관계:25,분식:24,연대:11,허위공시:10,합병:9,추정:8,부칙:6,자본시장:6,증명책임:4,신의칙:3,제척기간:3"
226321_공유물분할[금전채권자가 채무자를 대위해서 부동산에 관한 공유물분할청구권을 행사할 수 있는지 여부가 문제된 사건].json,2018다879,대법원,20200521,민사,공유물분할[금전채권자가 채무자를 대위해서 부동산에 관한 공유물분할청구권을 행사할 수 있는지 여부가 문제된 사건],139.3,31395,3,13,2,8,1,2,"분할:290,대위:138,저당권:73,상속:47,다수의견:29,사해행위:14,상속재산분할:14,우선:12,비례:10,보충의견:9,반대의견:6,고의:6"
209157_특정경제범죄가중처벌등에관한법률위반(배임)·증권투자신탁업법위반.json,2004도810,대법원,20040709,형사,특정경제범죄가중처벌등에관한법률위반(배임)·증권투자신탁업법위반,139.1,9661,10,25,5,18,2,2,"배임:73,계열:17,특정경제범죄:6,부칙:5,포괄일죄:5,제3자:5,고의:4,간접사실:4,상상적 경합:3,위헌:2,신의칙:2,헌법재판소:1"
"221393_특정경제범죄가중처벌등에관한법률위반(횡령){피고인5,6,7,8,13,14,15,16,17,18에대하여인정된죄명및피고인4,9,11,19,20에대한예.json","2009고합19,2009고합22(병합),2009고합30(병합),2009고합47(병합),2009고합51(병합),2009고합60(병합)",대전지방법원 홍성지원,20100212,형사,"특정경제범죄가중처벌등에관한법률위반(횡령){피고인5,6,7,8,13,14,15,16,17,18에대하여인정된죄명및피고인4,9,11,19,20에대한예비적죄명:특정경제범죄가중처벌등에관한법률위반(횡령)방조}·특정경제범죄가중처",139.0,84214,0,0,0,0,32,1,"횡령:77,고의:70,특정경제범죄:35,저당권:25,보상:12,배임:11,제3자:9,경합범:5,간접사실:4,분할:3,퇴직금:3,명의신탁:3"
178266_내란음모·국가보안법위반(찬양·고무등)·내란선동.json,2014노762,서울고등법원,20140811,형사,내란음모·국가보안법위반(찬양·고무등)·내란선동,138.9,190223,0,0,0,0,4,0,"증거능력:54,집단:23,전문법칙:12,간접사실:11,전원합의체:8,충돌:8,경합범:6,수용:6,제3자:6,이해관계:5,모순:5,우선:4"
222963_특정범죄가중처벌등에관한법률위반(뇌물)·특정경제범죄가중처벌등에관한법률위반(사기·횡령·수재등·증재등·알선수재)·사기·제3자뇌물취득·제3자뇌물교부·뇌.json,"96노1813,97노1262",서울고법,19970924,형사,특정범죄가중처벌등에관한법률위반(뇌물)·특정경제범죄가중처벌등에관한법률위반(사기·횡령·수재등·증재등·알선수재)·사기·제3자뇌물취득·제3자뇌물교부·뇌물공여·상호신용금고,138.8,48911,8,10,3,10,11,0,"배임:23,횡령:23,특정경제범죄:22,경합범:13,보상:12,고의:10,자백:9,포괄일죄:5,관리인:4,계열:4,병합:3,증거능력:3"
226109_사기·배임[동산을 양도담보로 제공한 채무자가 제3자에게 담보에 제공된 동산을 처분한 경우 배임죄가 성립하는지 여부가 문제 된 사건].json,2019도9756,대법원,20200220,형사,사기·배임[동산을 양도담보로 제공한 채무자가 제3자에게 담보에 제공된 동산을 처분한 경우 배임죄가 성립하는지 여부가 문제 된 사건],138.8,34991,2,10,4,11,2,0,"배임:87,다수의견:45,횡령:43,제3자:38,전원합의체:31,약관:14,가등기:13,반대의견:7,별개의견:7,저당권:6,보충의견:3,공소장변경:3"
192069_손해배상(기)(진도군 민간인 희생 국가배상청구 사건).json,2012다202819,대법원,20130516,민사,손해배상(기)(진도군 민간인 희생 국가배상청구 사건),138.5,30302,4,19,4,5,1,2,"소멸시효:41,보상:27,추정:21,특별법:20,다수의견:11,신의성실:11,권리남용:9,고의:8,집단:7,재량:7,행정처분:6,모순:6"
65096_수익증권환매대금.json,2007다70100,대법원,20080612,민사,수익증권환매대금,138.5,12267,10,69,4,6,1,3,"약관:44,부칙:12,위헌:8,재량:5,소급:4,고의:3,헌법재판소:2,모순:1"
233937_특정경제범죄가중처벌등에관한법률위반(사기)·특정경제범죄가중처벌등에관한법률위반(횡령)·상법위반·공전자기록등불실기재·불실기재공전자기록등행사·국가기술자.json,"2016고합209, 287(병합), 367(병합)",울산지방법원,20170217,형사,특정경제범죄가중처벌등에관한법률위반(사기)·특정경제범죄가중처벌등에관한법률위반(횡령)·상법위반·공전자기록등불실기재·불실기재공전자기록등행사·국가기술자격법위반·건설산업기본법위반·위계공무집행방해·범죄수익은닉의규제및처벌등에관한,138.4,78372,0,0,0,0,23,1,"특허:47,횡령:31,제3자:24,공사대금:20,특정경제범죄:16,건설산업기본법:15,설계변경:11,보험:9,경합범:5,자백:4,부가가치세:3,해상:3"
210007_손해배상(기).json,2001가합10682,서울중앙지법,20070123,민사,손해배상(기),138.3,38601,8,42,1,4,1,0,"추정:71,고의:27,과징금:25,상계:12,관리인:9,과실상계:8,인과관계:6,신의칙:4,증거능력:4,연대:3,운송:3,파산:2"
612991_임금·사납금[소정근로시간 합의 효력이 부정되는 경우에 적용할 소정근로시간을 확정하는 방법이 문제된 사건].json,"2021다225074, 225081",대법원,20251030,민사,임금·사납금[소정근로시간 합의 효력이 부정되는 경우에 적용할 소정근로시간을 확정하는 방법이 문제된 사건],137.9,14579,7,26,6,10,2,3,"반소:12,고의:10,소멸시효:10,운송:9,우선:7,신의칙:6,전원합의체:4,환송 후:3,퇴직금:3,시효 중단:3,상속:3,실효:2"
167524_특정경제범죄가중처벌 등에 관한 법률 위반(횡령)·특정경제범죄가중처벌 등에 관한 법률 위반(배임)·상호저축은행법 위반·주식회사의 외부감사에 관한.json,2012도10629,대법원,20130124,형사,특정경제범죄가중처벌 등에 관한 법률 위반(횡령)·특정경제범죄가중처벌 등에 관한 법률 위반(배임)·상호저축은행법 위반·주식회사의 외부감사에 관한 법률 위반·업무상 배임·업무방해·자본시장과 금융투자업에 관한 법률 위반·,137.8,26500,6,20,5,2,10,0,"배임:37,집단:17,저당권:17,고의:12,계열:9,횡령:5,제3자:5,외국법:4,자본시장:4,신의성실:3,상상적 경합:3,우선:3"
612987_손해배상(기)[채무자의 제3채무자에 대한 채권에 관하여 추심명령이 있는 경우 채무자가 피압류채권에 관한 이행의 소를 제기할 당사자적격을 상실하는.json,2021다252977,대법원,20251023,민사,손해배상(기)[채무자의 제3채무자에 대한 채권에 관하여 추심명령이 있는 경우 채무자가 피압류채권에 관한 이행의 소를 제기할 당사자적격을 상실하는지 문제된 사건],137.4,28455,0,11,3,7,1,2,"공동소송:49,종전 판례:45,다수의견:37,기판력:21,대위:11,고의:11,반대의견:8,판례를 변경:7,전원합의체:6,파기환송:6,중복제소:6,소송물:5"
229001_직권남용권리행사방해·국가공무원법위반·공직선거법위반·강요·위증·특정범죄가중처벌등에관한법률위반(뇌물)·특정범죄가중처벌등에관한법률위반(국고등손실).json,2018노2856,서울고등법원,20190412,형사,직권남용권리행사방해·국가공무원법위반·공직선거법위반·강요·위증·특정범죄가중처벌등에관한법률위반(뇌물)·특정범죄가중처벌등에관한법률위반(국고등손실),137.2,151035,0,0,0,0,7,0,"포괄일죄:22,횡령:17,경합범:14,인과관계:12,관련사건:9,상상적 경합:6,비례:6,제3자:6,배임:4,고의:4,헌법재판소:3,대위:3"
221343_자본시장과금융투자업에관한법률위반·특정경제범죄가중처벌등에관한법률위반(횡령)·주식회사의외부감사에관한법률위반·업무상횡령·특정경제범죄가중처벌등에관한법률.json,"2010고합160,2010고합318(병합)",서울중앙지방법원,20101228,형사,자본시장과금융투자업에관한법률위반·특정경제범죄가중처벌등에관한법률위반(횡령)·주식회사의외부감사에관한법률위반·업무상횡령·특정경제범죄가중처벌등에관한법률위반(배임)(인정된죄명업무상배임)·특정경제범죄가중처벌등에관한법률위반(증재,137.1,133461,0,0,0,0,10,1,"횡령:171,특정경제범죄:26,배임:19,자본시장:17,제3자:12,경합범:9,분식:7,합병:7,보상:7,자백:5,우선:5,시세조종:4"
606169_특정경제범죄가중처벌등에관한법률위반(배임)·증권투자신탁업법위반.json,2004도810,대법원,20040709,형사,특정경제범죄가중처벌등에관한법률위반(배임)·증권투자신탁업법위반,137.0,9405,10,25,5,18,2,0,"배임:73,계열:17,특정경제범죄:6,부칙:5,포괄일죄:5,제3자:5,고의:4,간접사실:4,상상적 경합:3,위헌:2,신의칙:2,헌법재판소:1"
179903_공직선거법위반·국가정보원법위반.json,"2013고합577, 2013고합1060(병합)",서울중앙지방법원,20140911,형사,공직선거법위반·국가정보원법위반,136.9,174488,0,0,0,0,2,3,"개인정보:94,증거능력:77,공소장변경:43,위법수집증거:19,추정:19,제3자:18,포괄일죄:15,우선:8,인과관계:7,간접사실:6,헌법재판소:5,위치정보:5"
167251_손해배상(기).json,2009다68620,대법원,20120524,민사,손해배상(기),136.8,16403,6,11,4,1,1,2,"소멸시효:10,준거법:9,조약:9,권리남용:5,고의:5,부칙:4,국제재판관할:4,신의성실:4,외국법:3,합병:3,신의칙:2,소송물:2"
184471_특정경제범죄가중처벌등에관한법률위반(사기)(예비적죄명_사기)ㆍ사기ㆍ사문서위조ㆍ위조사문서행사ㆍ공정증서원본불실기재ㆍ불실기재공정증서원본행사ㆍ횡령(근저당.json,2016도13362,대법원,20170216,형사,특정경제범죄가중처벌등에관한법률위반(사기)(예비적죄명:사기)ㆍ사기ㆍ사문서위조ㆍ위조사문서행사ㆍ공정증서원본불실기재ㆍ불실기재공정증서원본행사ㆍ횡령(근저당권설정계약서 등에 대한 피해자의 서명ㆍ날인을 사취한 사건),136.8,54754,3,11,2,8,8,0,"저당권:86,다수의견:65,반대의견:32,제3자:23,보충의견:15,모순:5,횡령:4,특정경제범죄:4,인과관계:4,배임:3,분할:3,전원합의체:2"
120901_주택건설사업계획승인거부처분취소.json,97구12015,서울고법,19980924,일반행정,주택건설사업계획승인거부처분취소 ,134.8,25062,12,47,5,1,1,0,"공동소송:33,고의:31,재량:13,행정처분:10,신뢰보호:3,관리인:2,신의성실:2,선정당사자:2,제3자:2,재심:1,실효:1,기판력:1"
146571_손해배상(기)(종립 사립고교 종교교육 사건).json,2008다38288,대법원,20100422,민사,손해배상(기)(종립 사립고교 종교교육 사건),134.7,36515,9,32,5,7,1,2,"고의:29,다수의견:17,충돌:12,반대의견:9,재량:9,위헌:6,균등:4,행정처분:3,우선:3,집단:2,헌법재판소:1,부칙:1"
195408_공직선거법위반ㆍ국가정보원법위반(국가정보원 사이버팀의 인터넷 댓글 게시 등 사건).json,2017도14322,대법원,20180419,형사,공직선거법위반ㆍ국가정보원법위반(국가정보원 사이버팀의 인터넷 댓글 게시 등 사건),134.6,45959,5,23,2,9,2,0,"증거능력:14,다수의견:13,간접사실:12,전원합의체:6,환송 후:5,집단:4,반대의견:3,추정:3,상상적 경합:2,전문법칙:2,분할:2,파기환송:1"
131302_외화대납금반환등.json,2006다47677,대법원,20090326,민사,외화대납금반환등,134.4,20703,8,19,3,7,1,2,"공동소송:19,배임:16,연대:15,고의:12,부진정연대:8,인과관계:8,보상:8,병합:6,양립할 수 없:6,계열:5,상계:4,구상:4"
216655_전부금.json,2017다273441,대법원,20210506,민사,전부금,134.4,59211,0,9,1,0,1,2,"파산:279,회생:131,고의:34,다수의견:19,별개의견:10,도산:10,우선:9,행정처분:7,보험:7,약관:7,반대의견:4,이해관계:4"
191874_특정경제범죄가중처벌등에관한법률위반(배임)·증권거래법위반·종합금융회사에관한법률위반·상호신용금고법위반·주식회사의외부감사에관한법률위반.json,2002도1696,대법원,20020722,형사,특정경제범죄가중처벌등에관한법률위반(배임)·증권거래법위반·종합금융회사에관한법률위반·상호신용금고법위반·주식회사의외부감사에관한법률위반,134.3,19659,9,22,4,17,5,2,"배임:33,고의:7,시세조종:4,상계:3,포괄일죄:3,경합범:3,신의칙:2,제3자:2,회생:1,특정경제범죄:1,계열:1,분할:1"
219779_채무부존재확인.json,2018다241458,대법원,20211230,민사,채무부존재확인,134.1,13666,8,46,5,14,1,2,"고의:27,행정처분:21,위헌:12,실효:7,이해관계:6,소급:5,취소사유:5,헌법재판소:3,전원합의체:2,신의성실:2,개정 전:1,집단:1"
208501_소유권이전등기(양자간 명의신탁 사안에서 명의신탁자의 상속인이 명의수탁자의 상속인을 상대로 진정명의회복을 원인으로 한 소유권이전등기절차의 이행을.json,2013다218156,대법원,20190620,민사,소유권이전등기(양자간 명의신탁 사안에서 명의신탁자의 상속인이 명의수탁자의 상속인을 상대로 진정명의회복을 원인으로 한 소유권이전등기절차의 이행을 구하는 사건),133.8,30657,0,15,2,13,1,2,"명의신탁:357,과징금:13,반대의견:10,다수의견:10,제3자:9,상속:8,전원합의체:7,위헌:7,보충의견:6,헌법재판소:4,소급:4,분할:4"
193041_특수공무집행방해치상·특수공무집행방해·특수공용물건손상·일반교통방해·집회및시위에관한법률위반·업무방해.json,"2016고합12, 2016고합46(병합), 2016고합102(병합)",서울중앙지방법원,20160704,형사,특수공무집행방해치상·특수공무집행방해·특수공용물건손상·일반교통방해·집회및시위에관한법률위반·업무방해,133.5,126345,0,0,0,0,6,1,"연대:27,고의:15,충돌:14,집단:9,증거능력:9,헌법재판소:7,인과관계:7,우선:6,대위:4,해상:4,경합범:3,정리해고:3"
"190102_대통령긴급조치위반·국가보안법위반·내란,예비,음모·내란,선동·반공법위반·뇌물공여.json",74도3323,대법원,19750408,형사,"대통령긴급조치위반·국가보안법위반·내란,예비,음모·내란,선동·반공법위반·뇌물공여",133.3,73611,0,0,0,0,9,1,"집단:10,구상:9,증거능력:7,균등:6,실효:5,상상적 경합:5,자백:5,보충의견:4,입증책임:4,우선:4,병합:3,경합범:3"
164922_손해배상(기) 등.json,2000가합7960,부산지법,20070202,민사,손해배상(기) 등,133.2,18166,7,15,5,0,1,0,"조약:21,고의:18,외국법:17,소멸시효:17,보상:9,중복제소:8,국제재판관할:7,준거법:6,보험:4,권리남용:3,합병:3,부칙:2"
209184_유족급여등.json,2016다208389,대법원,20161019,민사,유족급여등,133.2,31344,2,17,2,1,1,2,"상계:70,과실상계:68,보상:56,보험:19,다수의견:15,인과관계:12,고의:12,산업재해:7,반대의견:6,구상:6,별개의견:4,자살:4"
622111_단체교섭청구의소.json,2018다296229,대법원,20260521,민사,단체교섭청구의소,133.2,34834,0,8,2,6,1,2,"단체교섭:136,부당노동행위:67,약관:60,다수의견:26,반대의견:19,고의:15,쟁의행위:12,실효:11,산업재해:10,집단:9,근로자성:8,선박:6"
117947_특정경제범죄가중처벌등에관한법률위반(사기·배임·횡령·증재등·수재등)·뇌물공여의사표시·사문서위조·위조사문서행사·사기·뇌물공여·특정범죄가중처벌등에관한.json,99도1911,대법원,19990723,형사,특정경제범죄가중처벌등에관한법률위반(사기·배임·횡령·증재등·수재등)·뇌물공여의사표시·사문서위조·위조사문서행사·사기·뇌물공여·특정범죄가중처벌등에관한법률위반(뇌물)·업무상배임,132.6,14163,10,18,2,23,12,0,"배임:68,고의:10,공소장변경:8,제3자:8,간접사실:4,횡령:3,인과관계:3,자백:2,보상:2,특정경제범죄:1"
607329_대통령긴급조치위반·국가보안법위반·내란·예비·음모·내란·선동·반공법위반·뇌물공여.json,74도3323,대법원,19750408,형사,대통령긴급조치위반·국가보안법위반·내란·예비·음모·내란·선동·반공법위반·뇌물공여,132.5,70586,0,0,0,0,9,1,"집단:10,구상:9,증거능력:7,균등:6,실효:5,상상적 경합:5,자백:5,보충의견:4,입증책임:4,우선:4,병합:3,경합범:3"
197841_특정경제범죄가중처벌등에관한법률위반(배임)·특정경제범죄가중처벌등에관한법률위반(사기)·주식회사의외부감사에관한법률위반·자본시장과금융투자업에관한법률위반.json,"2016고합726, 2016고합751(병합)",서울중앙지방법원,20170118,형사,특정경제범죄가중처벌등에관한법률위반(배임)·특정경제범죄가중처벌등에관한법률위반(사기)·주식회사의외부감사에관한법률위반·자본시장과금융투자업에관한법률위반,132.4,113305,0,0,0,0,4,0,"분식:184,선박:38,추정:27,보상:23,자본시장:18,인과관계:12,고의:12,배임:11,특정경제범죄:10,신용장:10,경합범:6,포괄일죄:4"
605631_특정경제범죄가중처벌등에관한법률위반(배임)·증권거래법위반·종합금융회사에관한법률위반·상호신용금고법위반·주식회사의외부감사에관한법률위반.json,2002도1696,대법원,20020722,형사,특정경제범죄가중처벌등에관한법률위반(배임)·증권거래법위반·종합금융회사에관한법률위반·상호신용금고법위반·주식회사의외부감사에관한법률위반,132.3,19727,9,22,4,17,5,0,"배임:33,고의:7,시세조종:4,상계:3,포괄일죄:3,경합범:3,신의칙:2,제3자:2,회생:1,특정경제범죄:1,계열:1,분할:1"
234953_저작권법위반방조[저작재산권자의 이용허락 없이 전송되는 공중송신권 침해 게시물로 연결되는 링크를 이른바 ‘다시보기’ 링크 사이트 등에서 공중의 구.json,2017도19025,대법원,20210909,형사,저작권법위반방조[저작재산권자의 이용허락 없이 전송되는 공중송신권 침해 게시물로 연결되는 링크를 이른바 ‘다시보기’ 링크 사이트 등에서 공중의 구성원에게 제공하는 행위가 공중송신권 침해의 방조가 되는지 여부가 문제된 ,131.9,60199,2,8,0,3,1,0,"다수의견:136,저작권:110,종전 판례:65,반대의견:50,인과관계:37,고의:33,보충의견:19,판례를 변경:14,전원합의체:11,정보통신망:10,소급:9,견해를 변경:2"
136126_유체인도등.json,2007다27670,대법원,20081120,민사,유체인도등,131.6,52493,3,3,1,7,1,2,"상속:165,다수의견:71,반대의견:44,우선:37,유언:14,보충의견:11,전원합의체:6,가정법원:6,고의:5,종전 판례:4,헌법재판소:3,저작권:3"
192038_특정범죄가중처벌등에관한법률위반(뇌물)·특정경제범죄가중처벌등에관한법률위반(사기·횡령·증재 등·알선수재)·사기·제3자뇌물취득·제3자뇌물교부·뇌물공여.json,97도2609,대법원,19971226,형사,특정범죄가중처벌등에관한법률위반(뇌물)·특정경제범죄가중처벌등에관한법률위반(사기·횡령·증재 등·알선수재)·사기·제3자뇌물취득·제3자뇌물교부·뇌물공여·상호신용금고법위반(일부 인정된 죄명 : 배임)·부정수표단속법위반,131.5,11879,8,17,5,24,11,0,"횡령:18,배임:14,특정경제범죄:10,고의:10,포괄일죄:6,관리인:3,경합범:2,자백:2,계열:2"
233907_특정경제범죄가중처벌등에관한법률위반(사기)·특정경제범죄가중처벌등에관한법률위반(횡령)·상법위반·공전자기록등불실기재·불실기재공전자기록등행사·국가기술자.json,2017노171,부산고등법원,20170817,형사,특정경제범죄가중처벌등에관한법률위반(사기)·특정경제범죄가중처벌등에관한법률위반(횡령)·상법위반·공전자기록등불실기재·불실기재공전자기록등행사·국가기술자격법위반·건설산업기본법위반·위계공무집행방해·범죄수익은닉의규제및처벌등에관한,131.4,68540,0,0,0,0,23,0,"특허:43,특정경제범죄:17,횡령:16,제3자:15,경합범:9,건설산업기본법:9,설계변경:8,고의:8,분할:6,추정:5,공사대금:4,병합:3"
604737_특정범죄가중처벌등에관한법률위반(뇌물)·특정경제범죄가중처벌등에관한법률위반(사기·횡령·증재등·알선수재)·사기·제3자뇌물취득·제3자뇌물교부·뇌물공여·.json,97도2609,대법원,19971226,형사,특정범죄가중처벌등에관한법률위반(뇌물)·특정경제범죄가중처벌등에관한법률위반(사기·횡령·증재등·알선수재)·사기·제3자뇌물취득·제3자뇌물교부·뇌물공여·상호신용금고법위반(일부인정된죄명:배임)·부정수표단속법위반,131.3,11350,8,17,5,24,11,0,"횡령:18,배임:14,특정경제범죄:10,고의:10,포괄일죄:6,관리인:3,경합범:2,자백:2,계열:2"
206263_약사법위반[상고이유 제한에 관한 법리에 대한 대법원 판례의 변경 여부가 쟁점이 된 사건].json,2017도16593-1,대법원,20190321,형사,약사법위반[상고이유 제한에 관한 법리에 대한 대법원 판례의 변경 여부가 쟁점이 된 사건],131.1,38923,2,36,4,11,1,0,"다수의견:34,별개의견:28,재량:9,보충의견:6,헌법재판소:4,자백:3,전원합의체:2,파기자판:2,재심:2,위법수집증거:2,모순:2,회생:1"
146578_특정경제범죄가중처벌등에관한법률위반(배임)·특정범죄가중처벌등에관한법률위반(뇌물)·부정처사후수뢰·특정경제범죄가중처벌등에관한법률위반(수재등)·특정경제.json,2010도387,대법원,20101014,형사,특정경제범죄가중처벌등에관한법률위반(배임)·특정범죄가중처벌등에관한법률위반(뇌물)·부정처사후수뢰·특정경제범죄가중처벌등에관한법률위반(수재등)·특정경제범죄가중처벌등에관한법률위반(증재등)·특정범죄가중처벌등에관한법률위반(알선수,130.9,8040,12,31,2,15,8,0,"배임:19,특정경제범죄:11,제3자:8,고의:7,중재:4,전원합의체:1,신의성실:1,행정처분:1,간접사실:1"
605971_공직선거법위반[허위사실 공표에 의한 공직선거법위반 사건].json,2025도4697,대법원,20250501,형사,공직선거법위반[허위사실 공표에 의한 공직선거법위반 사건],130.1,80068,6,6,1,7,1,0,"다수의견:78,전원합의체:20,반대의견:12,특별법:12,인과관계:11,제3자:8,보충의견:4,이해관계:4,충돌:3,우선:3,파기환송:2,상계:2"
"213713_보증채무금[피고 이사회 규정에 의하면 보증행위에 관하여 이사회 결의를 거쳐야 하는데, 피고 대표이사가 이사회 결의를 거치지 않고 원고에게 피고가.json",2015다45451,대법원,20210218,민사,"보증채무금[피고 이사회 규정에 의하면 보증행위에 관하여 이사회 결의를 거쳐야 하는데, 피고 대표이사가 이사회 결의를 거치지 않고 원고에게 피고가 甲의 채무를 보증한다는 의미의 확인서를 작성해 준 경우, 원고가 피고를",129.7,38936,0,3,1,13,3,0,"제3자:51,다수의견:33,고의:30,반대의견:13,대표권 남용:7,이해관계:7,회생:6,판례를 변경:5,전원합의체:4,상계:4,반소:4,분할:4"
85128_특정경제범죄가중처벌등에관한법률위반(사기)·특정경제범죄가중처벌등에관한법률위반(배임)·특정경제범죄가중처벌등에관한법률위반(횡령)·업무상배임·업무상횡령.json,2006도1813,대법원,20070601,형사,특정경제범죄가중처벌등에관한법률위반(사기)·특정경제범죄가중처벌등에관한법률위반(배임)·특정경제범죄가중처벌등에관한법률위반(횡령)·업무상배임·업무상횡령·부동산실권리자명의등기에관한법률위반·강제집행면탈·예금자보호법위반,128.9,9540,13,27,1,6,8,0,"횡령:18,계열:14,인과관계:14,개정 전:13,배임:13,특정경제범죄:9,우선:7,제3자:4,부칙:3,신의성실:2,증명책임:2,저당권:1"
234547_손해배상(기).json,2016나2063874,서울고등법원,20190926,민사,손해배상(기),128.5,140183,0,0,0,0,1,2,"추정:64,우선:49,계열:29,집단:16,고의:14,경영판단:13,합병:11,배임:9,손해의 범위:9,재량:9,선박:9,자본시장:7"
70662_손해배상(기).json,99가합104973,서울중앙지법,20070125,민사,손해배상(기),128.4,59070,10,29,3,0,1,3,"인과관계:81,집단:35,입증책임:16,고의:12,대위:11,수용:10,추정:8,보상:4,증명책임:4,부칙:3,모순:2,혼동:1"
214887_특정범죄가중처벌등에관한법률위반(뇌물)(일부 인정된 죄명_ 수뢰후부정처사)ㆍ특정범죄가중처벌등에관한법률위반(조세)ㆍ특정경제범죄가중처벌등에관한법률위반.json,2020도3972,대법원,20201029,형사,특정범죄가중처벌등에관한법률위반(뇌물)(일부 인정된 죄명: 수뢰후부정처사)ㆍ특정범죄가중처벌등에관한법률위반(조세)ㆍ특정경제범죄가중처벌등에관한법률위반(횡령)ㆍ특정범죄가중처벌등에관한법률위반(국고등손실)ㆍ대통령기록물관리에관한,128.3,18833,7,15,5,13,7,0,"횡령:32,증거능력:9,위법수집증거:6,법인세:6,포괄일죄:3,전원합의체:2,헌법재판소:2,비례:2,고의:2,제3자:2,소급:1,특정경제범죄:1"
198087_임금등.json,94다446,대법원,19960423,민사,임금등,128.2,7934,9,29,6,16,1,5,"소급:8,위헌:7,일실수입:7,헌법재판소:3,부칙:3,인과관계:2,손해의 범위:2,재량:2,상속:2,실효:1,행정처분:1"
70257_정부조치계획취소등.json,2005누4412,서울고법,20051221,일반행정,정부조치계획취소등,128.2,115299,4,13,2,5,1,4,"환경영향:191,추정:51,보상:48,고의:30,우선:16,행정처분:15,재량:13,부칙:10,구상:9,제3자:7,실효:5,취소사유:5"
"221161_특정경제범죄가중처벌등에관한법률위반(횡령){피고인4,5,6,7,8,9,11,13,14,15,16,17,18,19,20에대한예비적죄명특정경제범죄가중.json",2010노88,대전고등법원,20100804,형사,"특정경제범죄가중처벌등에관한법률위반(횡령){피고인4,5,6,7,8,9,11,13,14,15,16,17,18,19,20에대한예비적죄명특정경제범죄가중처벌등에관한법률위반(횡령)방조}·특정경제범죄가중처벌등에관한법률위반(사금융",128.1,44602,0,0,0,0,34,0,"횡령:139,고의:64,배임:16,저당권:12,제3자:11,특정경제범죄:9,경합범:8,병합:5,포괄일죄:5,보상:4,전원합의체:1,명의신탁:1"
126150_교수지위확인.json,2007다9009,대법원,20080201,민사,교수지위확인,127.6,13548,5,14,6,4,1,2,"고의:23,헌법불합치:20,특별법:19,재량:17,재심:15,소급:12,위헌:8,헌법재판소:6,부칙:4,일사부재리:3,경과조치:2,실효:2"
233049_사기·전자금융거래법위반·교통사고처리특례법위반(치상)·도로교통법위반(무면허운전)·도로교통법위반(음주운전)[전동킥보드 음주운전 행위에 대하여 구 도.json,2020도16420,대법원,20221222,형사,"사기·전자금융거래법위반·교통사고처리특례법위반(치상)·도로교통법위반(무면허운전)·도로교통법위반(음주운전)[전동킥보드 음주운전 행위에 대하여 구 도로교통법위반(음주운전)죄로 기소된 사안에서, 재판 진행 중 개정 도로교통",127.6,33704,2,9,3,11,7,0,"다수의견:51,경과규정:32,별개의견:30,구법:9,판례를 변경:6,전원합의체:4,경과조치:4,개정 전:4,실효:4,보충의견:3,부칙:2,시행 전:2"
241011_보험료부과처분취소[동성 동반자에 대한 국민건강보험 피부양자 인정 여부가 문제된 사건].json,2023두36800,대법원,20240718,일반행정,보험료부과처분취소[동성 동반자에 대한 국민건강보험 피부양자 인정 여부가 문제된 사건],127.6,58116,4,12,5,5,1,2,"보험:251,집단:49,다수의견:48,재량:31,위헌:30,고의:29,별개의견:26,헌법재판소:25,보충의견:19,전원합의체:14,비례:7,행정처분:6"
70793_정산금등·정산금.json,"2004가합16918, 2007가합6082",대구지법,20070628,민사,정산금등·정산금,127.6,45749,4,38,1,1,2,2,"고의:99,지체상금:63,관리인:29,반소:22,분할:15,저당권:13,부가가치세:12,상계:5,자백:5,공사대금:5,파산:4,대위:4"
191323_토지수용이의재결처분취소등.json,99두7968,대법원,20010327,일반행정,토지수용이의재결처분취소등,127.5,6658,7,48,9,18,1,3,"수용:40,보상:38,우선:4,위헌:3,부칙:2,개정 전:1,고의:1"
239139_손해배상(기).json,2014가합1463,광주지방법원,20170811,민사,손해배상(기),127.0,36412,0,18,3,0,1,0,"고의:43,보상:22,조약:21,소멸시효:15,준거법:14,상속:12,권리남용:5,도산:4,합병:4,제척기간:4,국제재판관할:3,신의성실:3"
78290_특정경제범죄가중처벌등에관한법률위반(사기)·특정경제범죄가중처벌등에관한법률위반(배임)·특정경제범죄가중처벌등에관한법률위반(횡령)·업무상배임·업무상횡령.json,2004고합414,서울중앙지방법원,20050811,형사,특정경제범죄가중처벌등에관한법률위반(사기)·특정경제범죄가중처벌등에관한법률위반(배임)·특정경제범죄가중처벌등에관한법률위반(횡령)·업무상배임·업무상횡령·업무방해·부동산실권리자명의등기에관한법률위반·강제집행면탈·예금자보호법위반,126.6,74039,0,0,0,0,9,1,"보험:118,분식:66,저당권:29,계열:23,연대:16,배임:16,인과관계:16,횡령:15,공사대금:14,특정경제범죄:9,대위:6,명의신탁:5"
154221_특정 경제 범죄 가중 처벌등에 관한 법률 위반(사기)·사기·특정 경제 범죄 가중처벌등에 관한 법률 위반(배임).json,2011도1651,대법원,20110630,형사,특정 경제 범죄 가중 처벌등에 관한 법률 위반(사기)·사기·특정 경제 범죄 가중처벌등에 관한 법률 위반(배임),126.4,9199,8,25,4,13,3,0,"가등기:47,저당권:33,배임:27,특정경제범죄:13,공소장변경:7,상상적 경합:3,고의:3,전원합의체:2,기판력:2,제3자:2,재심:1,공소사실의 동일성:1"
127135_경정결정신청거부처분취소.json,2002두1878,대법원,20060420,세무,경정결정신청거부처분취소,126.2,29010,0,17,5,9,1,2,"법인세:41,행정처분:41,가산세:14,다수의견:13,반대의견:12,위헌:10,헌법재판소:6,고의:6,경정청구:5,보충의견:4,입증책임:4,전원합의체:2"
182098_살인①피고인1에대한제1예비적죄명_특정범죄가중처벌등에관한법률위반·일부제2예비적죄명및일부인정된죄명_유기치사②피고인2·피고인3·피고인9에대한일부예비적.json,"2014고합180,2014고합384(병합)",광주지방법원,20141111,형사,살인①피고인1에대한제1예비적죄명:특정범죄가중처벌등에관한법률위반·일부제2예비적죄명및일부인정된죄명:유기치사②피고인2·피고인3·피고인9에대한일부예비적죄명및일부인정된죄명:유기치사·살인미수①피고인1에대한제1예비적죄명:특정범죄,125.9,125616,0,0,0,0,16,1,"선박:202,고의:43,해상:36,운송:18,인과관계:17,충돌:17,우선:11,상상적 경합:7,재량:6,추정:6,경합범:5,특별법:5"
226415_친생자관계존부확인[친생자관계존부확인의 소의 원고적격].json,2015므8351,대법원,20200618,가사,친생자관계존부확인[친생자관계존부확인의 소의 원고적격],125.6,24186,2,29,2,5,1,2,"이해관계:60,다수의견:39,제3자:30,유언:16,추정:16,고의:14,별개의견:13,상속:12,가정법원:9,전원합의체:6,보상:4,보충의견:3"
601907_특정경제범죄가중처벌등에관한법률위반(횡령)·특정경제범죄가중처벌등에관한법률위반(배임)·강제집행면탈·예금자보호법위반.json,2020고합621,서울중앙지방법원,20230215,형사,특정경제범죄가중처벌등에관한법률위반(횡령)·특정경제범죄가중처벌등에관한법률위반(배임)·강제집행면탈·예금자보호법위반,125.6,69527,0,0,0,0,4,1,"보험:78,횡령:33,배임:29,파산:27,특정경제범죄:21,부가가치세:12,제3자:8,고의:6,이해관계:5,준거법:4,헌법재판소:3,국제사법:3"
134227_국가보안법위반·반공법위반·집회및시위에관한법률위반·계엄법위반(아람회 사건).json,2000재노6,서울고법,20090521,형사,국가보안법위반·반공법위반·집회및시위에관한법률위반·계엄법위반(아람회 사건),125.5,53895,6,17,3,5,4,0,"재심:188,증거능력:24,자백:18,특별법:15,고의:11,경합범:8,집단:7,부칙:3,시행 전:3,파기환송:2,경과규정:2,상계:2"
226465_건축허가취소처분취소.json,2019두31839,대법원,20200723,일반행정,건축허가취소처분취소,125.5,13145,8,32,6,7,1,2,"환경영향:31,행정처분:20,고의:19,재량:17,분할:4,비례:4,소급:3,전원합의체:2,개정 전:2,신뢰보호:2,이해관계:2,시행 전:1"
206269_재심인용결정에대한재항고(여순사건 당시 군법회의 판결에 대한 재심청구 사건).json,2015모2229,대법원,20190321,형사,재심인용결정에대한재항고(여순사건 당시 군법회의 판결에 대한 재심청구 사건),125.4,38324,2,47,4,0,1,0,"재심:261,다수의견:30,반대의견:14,집단:13,위헌:11,보상:9,고의:5,특별법:5,추정:4,보충의견:3,모순:3,연대:2"
241015_양육비[당사자의 협의 또는 가정법원의 심판에 의하여 구체적인 지급청구권으로 성립하기 전의 과거 양육비에 관한 권리의 소멸시효 진행 여부가 문제된.json,2018스724,대법원,20240718,가사,양육비[당사자의 협의 또는 가정법원의 심판에 의하여 구체적인 지급청구권으로 성립하기 전의 과거 양육비에 관한 권리의 소멸시효 진행 여부가 문제된 사건],125.4,35256,0,4,2,7,1,0,"양육:474,소멸시효:146,가정법원:70,다수의견:45,재량:19,구상:15,별개의견:13,종전 판례:13,반대의견:11,분할:10,모순:10,전원합의체:9"
158730_특정범죄 가중처벌등에 관한 법률위반(뇌물)·특정범죄 가중처벌등에 관한 법률위반(특수직무 유기)·뇌물수수·직권남용 권리행사 방해·강요(인정된 죄명.json,2009고54,국방부보통군사법원,20100513,형사,특정범죄 가중처벌등에 관한 법률위반(뇌물)·특정범죄 가중처벌등에 관한 법률위반(특수직무 유기)·뇌물수수·직권남용 권리행사 방해·강요(인정된 죄명:강요방조)·공무상 비밀누설 교사,125.1,144949,0,0,0,0,6,1,"저당권:35,고의:21,증거능력:19,횡령:10,인과관계:10,간접사실:9,추정:7,모순:6,입증책임:5,위법수집증거:4,재심:3,상상적 경합:3"
197034_특정경제범죄가중처벌등에관한법률위반(배임)ㆍ특정경제범죄가중처벌등에관한법률위반(증재등)(부동산 이중매매 배임죄 사건).json,2017도4027,대법원,20180517,형사,특정경제범죄가중처벌등에관한법률위반(배임)ㆍ특정경제범죄가중처벌등에관한법률위반(증재등)(부동산 이중매매 배임죄 사건),124.2,33698,2,7,3,13,2,0,"배임:125,다수의견:34,제3자:23,반대의견:20,신의칙:15,특정경제범죄:9,전원합의체:6,약관:6,고의:6,보충의견:5,횡령:3,저당권:3"
135839_예금(발행어음)담보제공행위부인등.json,2005다56865,대법원,20090528,민사,예금(발행어음)담보제공행위부인등,124.1,11424,8,34,1,3,1,3,"파산:169,부인권:60,대위:25,고의:15,상계:12,부칙:8,소급:8,회생:8,연대:6,신의칙:5,계열:5,권리남용:4"
127991_특정범죄가중처벌등에관한법률위반(알선수재)·특정경제범죄가중처벌등에관한법률위반(알선수재)·특정범죄가중처벌등에관한법률위반(뇌물){피고인 변양호에 대하.json,2007노371,서울고등법원,20080822,형사,특정범죄가중처벌등에관한법률위반(알선수재)·특정경제범죄가중처벌등에관한법률위반(알선수재)·특정범죄가중처벌등에관한법률위반(뇌물){피고인 변양호에 대하여 일부 인정된 죄명 특정경제범죄가중처벌등에관한법률위반(알선수재)}·특정,123.8,135227,0,0,0,0,8,0,"자백:42,보험:28,특정경제범죄:17,계열:14,파산:12,모순:12,분할:9,배임:8,저당권:8,경합범:7,제3자:7,고의:6"
217425_소유권이전등기등 [3자간 등기명의신탁에서 명의수탁자가 부동산에 근저당권을 설정하여 명의신탁자가 매도인을 대위한 진정명의회복을 원인으로 한 소유권.json,2018다284233,대법원,20210909,민사,소유권이전등기등 [3자간 등기명의신탁에서 명의수탁자가 부동산에 근저당권을 설정하여 명의신탁자가 매도인을 대위한 진정명의회복을 원인으로 한 소유권이전등기청구와 부당이득반환청구를 한 사건],123.0,44974,0,3,1,4,1,2,"명의신탁:490,제3자:88,다수의견:48,저당권:48,보상:20,반대의견:19,이해관계:19,보충의견:16,신의칙:16,고의:15,대위:13,시행 전:7"
192715_특정경제범죄가중처벌등에관한법률위반(횡령)·특정경제범죄가중처벌등에관한법률위반(저축관련부당행위)·특정범죄가중처벌등에관한법률위반(조세)(피고인1에대하.json,2013노874,서울고등법원,20140221,형사,특정경제범죄가중처벌등에관한법률위반(횡령)·특정경제범죄가중처벌등에관한법률위반(저축관련부당행위)·특정범죄가중처벌등에관한법률위반(조세)(피고인1에대하여일부인정된죄명및피고인2외국회사에대한죄명조세범처벌법위반)(주1),122.9,84589,0,0,0,0,3,0,"선박:112,보험:58,운송:49,해상:43,법인세:39,횡령:26,조약:22,조세조약:19,외국법:17,계열:17,명의신탁:16,지배구조:13"
"158751_특정 경제범죄 가중처벌등에 관한 법률위반(사기)·특정 경제범죄 가중처벌등에 관한 법률위반(횡령)[피고인1,피고인2에 대하여 일부 인정된 죄명_특.json",2011도8109,대법원,20111027,형사,"특정 경제범죄 가중처벌등에 관한 법률위반(사기)·특정 경제범죄 가중처벌등에 관한 법률위반(횡령)[피고인1,피고인2에 대하여 일부 인정된 죄명:특정 경제범죄 가중처벌등에 관한 법률위반(배임)]·특정 경제범죄 가중처벌등",122.8,18409,4,6,0,5,9,0,"자본시장:60,배임:12,합병:12,시세조종:11,포괄일죄:9,특정경제범죄:8,고의:8,횡령:7,인과관계:7,제3자:7,공소사실의 동일성:4,외국법:3"
82290_구상금.json,2000다70064,대법원,20030110,민사,구상금,122.3,10857,6,15,3,5,1,2,"운송:83,중재:30,해상:17,보험:15,선박:10,고의:8,외국법:7,약관:7,준거법:5,상계:3,과실상계:3,제3자:3"
140107_공직선거법위반·정치자금법위반.json,2009도7436,대법원,20091022,형사,공직선거법위반·정치자금법위반,122.1,51236,3,12,3,5,2,0,"다수의견:45,비례:32,반대의견:24,증거능력:21,보충의견:18,공소장변경:10,별개의견:9,우선:8,추정:7,공소사실의 동일성:3,자백:3,파기환송:2"
236821_교통사고처리특례법위반(치상)[성년후견인이 의사무능력인 피해자를 대리하여 처벌불원의사를 결정할 수 있는지 여부].json,2021도11126,대법원,20230717,형사,교통사고처리특례법위반(치상)[성년후견인이 의사무능력인 피해자를 대리하여 처벌불원의사를 결정할 수 있는지 여부],121.9,43545,2,26,5,0,1,0,"가정법원:32,반대의견:27,다수의견:22,전원합의체:17,제3자:16,보상:13,보충의견:9,추정:8,재량:7,헌법재판소:5,관리인:3,이해관계:3"
190364_개발부담금부과처분취소.json,98두18619,대법원,19991216,일반행정,개발부담금부과처분취소,121.7,14642,2,29,14,10,1,2,"다수의견:15,개정 전:7,반대의견:4,수용:4,행정처분:4,고의:4,보충의견:2,위헌:2,보상:2,비례:2,설계변경:1,우선:1"
204237_종합소득세부과처분취소.json,2018두128,대법원,20181213,세무,종합소득세부과처분취소,120.8,30681,6,8,1,9,1,2,"고의:44,제척기간:36,가산세:32,부과제척:31,실질과세:14,명의신탁:11,지배구조:7,법인세:4,외국법:3,이해관계:3,전원합의체:2,조약:2"
600733_증여세부과처분취소.json,95누18383,대법원,19970320,세무,증여세부과처분취소,120.8,16012,3,10,5,16,1,2,"신의칙:36,신의성실:27,다수의견:19,고의:18,모순:18,실질과세:9,가산세:4,입증책임:4,반대의견:3,별개의견:3,제3자:3,경정청구:2"
177770_특정경제범죄가중처벌등에관한법률위반(횡령)(일부인정된죄명_업무상횡령)·특정경제범죄가중처벌등에관한법률위반(배임)·상호저축은행법위반·밀항단속법위반·업.json,2014도753,대법원,20140626,형사,특정경제범죄가중처벌등에관한법률위반(횡령)(일부인정된죄명:업무상횡령)·특정경제범죄가중처벌등에관한법률위반(배임)·상호저축은행법위반·밀항단속법위반·업무상배임,120.7,12989,7,25,4,13,5,0,"배임:37,횡령:14,고의:13,저당권:7,포괄일죄:4,제3자:4,연대:3,신의성실:2,간접사실:2,도산:1,특정경제범죄:1,명의신탁:1"
204201_손해배상(기)(일제 강제동원 피해자의 일본기업을 상대로 한 손해배상청구 사건).json,2013다61381,대법원,20181030,민사,손해배상(기)(일제 강제동원 피해자의 일본기업을 상대로 한 손해배상청구 사건),120.7,43370,2,11,4,0,1,2,"조약:104,보상:96,환송 후:25,다수의견:18,별개의견:12,전원합의체:10,우선:5,재상고:4,반대의견:3,소멸시효:3,보충의견:2,국제사법:2"
191562_용화집단시설지구기본설계변경승인처분취소.json,99두2970,대법원,20010727,일반행정,용화집단시설지구기본설계변경승인처분취소,120.6,6537,4,71,3,11,1,3,"환경영향:42,집단:24,재량:15,고의:3,부칙:2,설계변경:2,비례:2,모순:1"
70916_음반복제금지등가처분.json,2006라1245,서울고법,20071010,민사,음반복제금지등가처분,120.6,51306,16,38,4,1,1,2,"저작권:205,면책:16,정보통신망:11,해상:4,우선:3,위치정보:1,보험:1,제3자:1"
147512_교수재임용절차이행등.json,2007다47841,대법원,20100930,민사,교수재임용절차이행등,120.4,11253,7,20,4,12,1,2,"재심:20,헌법불합치:20,고의:20,특별법:13,헌법재판소:6,소급:3,재량:3,위헌:2,부칙:2,전원합의체:1,경과규정:1,시행 전:1"
209411_손해배상(기).json,2012나44947,서울고등법원,20130710,민사,손해배상(기),120.3,24684,0,0,0,0,1,2,"준거법:20,고의:14,조약:10,기판력:8,소멸시효:8,외국법:7,보상:7,부칙:4,합병:4,도산:3,신의성실:3,권리남용:3"
225861_공사대금[양도금지특약을 위반한 채권양도의 효력이 문제된 사건].json,2016다24284,대법원,20191219,민사,공사대금[양도금지특약을 위반한 채권양도의 효력이 문제된 사건],120.3,35631,2,9,2,9,1,4,"제3자:39,공사대금:25,회생:18,반대의견:16,다수의견:14,증명책임:10,신의칙:9,모순:9,이해관계:8,보충의견:7,상계:5,파산:4"
208787_부당이득금.json,2014다206983,대법원,20190718,민사,부당이득금,120.2,26193,2,24,2,7,1,2,"우선:25,저당권:15,이해관계:9,고의:8,비례:6,신의성실:5,소멸시효:5,다수의견:4,사해행위:4,반대의견:3,판례를 변경:3,채권자취소:2"
233945_손해배상(기).json,2019다229202,대법원,20220825,민사,손해배상(기),120.0,42508,2,2,1,1,1,2,"보험:442,대위:287,반대의견:32,다수의견:15,보상:15,전원합의체:10,제3자:9,우선:9,실효:8,분할:8,건설산업기본법:8,명의신탁:8"
121062_폭력행위등처벌에관한법률위반·특수공무집행방해·업무방해.json,98노1147,춘천지법,19991007,형사,폭력행위등처벌에관한법률위반·특수공무집행방해·업무방해,119.6,23055,6,20,3,8,3,0,"쟁의행위:106,정리해고:32,단체교섭:30,집단:7,부칙:5,계열:5,우선:5,고의:3,신의칙:2,수용:2,실효:1,병합:1"
145165_교수지위확인.json,2007다80497,대법원,20100408,민사,교수지위확인,119.6,10297,6,14,6,8,1,2,"고의:24,헌법불합치:14,재량:12,소급:8,위헌:7,특별법:5,기여도:4,헌법재판소:3,부칙:3,혼동:2,재심:1,경과규정:1"
231663_독점규제및공정거래에관한법률위반·특정경제범죄가중처벌등에관한법률위반(횡령)(피고인1에대하여일부인정된죄명업무상횡령)·특정경제범죄가중처벌등에관한법률위반.json,2017고합741,서울중앙지방법원,20180123,형사,독점규제및공정거래에관한법률위반·특정경제범죄가중처벌등에관한법률위반(횡령)(피고인1에대하여일부인정된죄명업무상횡령)·특정경제범죄가중처벌등에관한법률위반(배임)(일부인정된죄명업무상배임)·업무방해,119.6,83850,0,0,0,0,4,1,"횡령:81,배임:38,특정경제범죄:33,부당지원:28,제3자:9,보험:7,구법:5,경합범:5,공소장변경:5,계열:5,상속:4,전원합의체:3"
191563_공원사업시행허가처분취소재결취소.json,99두5092,대법원,20010727,일반행정,공원사업시행허가처분취소재결취소,119.4,5174,4,78,4,8,1,3,"환경영향:23,집단:10,재량:10,고의:6,행정처분:3,모순:2,설계변경:1"
"209151_특정범죄가중처벌등에관한법률위반(절도)·여신전문금융업법위반[재심판결에 관한 기판력의 범위, 재심판결을 확정판결로 하여 후단 경합범이 성립할 수 있.json",2018도20698,대법원,20190620,형사,"특정범죄가중처벌등에관한법률위반(절도)·여신전문금융업법위반[재심판결에 관한 기판력의 범위, 재심판결을 확정판결로 하여 후단 경합범이 성립할 수 있는지 문제된 사건]",119.1,30842,0,12,4,4,3,0,"재심:528,경합범:55,기판력:51,병합:33,다수의견:18,공소장변경:15,반대의견:12,포괄일죄:12,헌법재판소:9,보충의견:6,전원합의체:3,위헌:3"
143444_보증채무금.json,2002다73333,대법원,20070126,민사,보증채무금,119.0,15297,7,57,5,3,1,2,"고의:42,하자담보:5,약관:5,소멸시효:4,보험:3,위헌:2,부가가치세:2,파기자판:1,헌법재판소:1,개정 전:1,산업재해:1,보상:1"
224033_업무상횡령등피고사건.json,"84노138,84노959(병합)",서울고법,19840424,형사,업무상횡령등피고사건,118.7,71004,0,16,4,7,1,0,"횡령:56,부가가치세:25,약관:23,법인세:18,배임:13,경합범:8,소급:7,설계변경:6,포괄일죄:5,병합:4,자백:4,공소장변경:3"
234931_유해인도[망인의 유해에 대한 권리의 귀속주체가 문제된 사건].json,2018다248626,대법원,20230511,민사,유해인도[망인의 유해에 대한 권리의 귀속주체가 문제된 사건],118.5,41715,0,7,1,5,1,2,"상속:227,다수의견:66,우선:57,전원합의체:47,별개의견:34,보충의견:18,제3자:18,추정:11,분할:8,모순:5,반대의견:4,친권:4"
600561_차별구제청구등[위법한 부진정 행정입법 부작위로 인해 장애인 접근권이 침해되었다고 주장하면서 국가배상으로 위자료를 청구한 사건].json,2022다289051,대법원,20241219,민사,차별구제청구등[위법한 부진정 행정입법 부작위로 인해 장애인 접근권이 침해되었다고 주장하면서 국가배상으로 위자료를 청구한 사건],118.5,34484,0,17,2,6,1,2,"고의:38,다수의견:16,재량:12,전원합의체:6,별개의견:6,대위:6,부칙:5,보충의견:4,인과관계:4,헌법재판소:3,조약:3,행정처분:3"
149900_소유권말소등기·소유권말소등기·소유권말소등기.json,"2009다94384,94391,94407",대법원,20110513,민사,소유권말소등기·소유권말소등기·소유권말소등기,117.4,6987,6,20,3,6,3,2,"상속:44,분할:12,추정:9,부칙:7,독립당사자참가:7,기판력:6,고의:4,양립할 수 없:3,개정 전:2,구법:2,소송물:2,상속재산분할:2"
182247_특정범죄가중처벌등에관한법률위반(조세)·특정경제범죄가중처벌등에관한법률위반(횡령)[일부인정된죄명특정경제범죄가중처벌등에관한법률위반(배임)]·특정경제범.json,2014노668,서울고등법원,20140912,형사,특정범죄가중처벌등에관한법률위반(조세)·특정경제범죄가중처벌등에관한법률위반(횡령)[일부인정된죄명특정경제범죄가중처벌등에관한법률위반(배임)]·특정경제범죄가중처벌등에관한법률위반(배임),117.4,84580,0,0,0,0,3,0,"횡령:98,배임:41,특정경제범죄:28,연대:24,계열:24,조세회피:13,법인세:12,저당권:12,공소장변경:9,제3자:7,포괄일죄:5,분할:5"
144618_특정경제범죄가중처벌등에관한법률위반(배임){피고인2에대한예비적죄명_특정경제범죄가중처벌등에관한법률위반(배임)방조}·특정경제범죄가중처벌등에관한법률위반.json,2009노1531,서울고등법원,20091211,형사,특정경제범죄가중처벌등에관한법률위반(배임){피고인2에대한예비적죄명:특정경제범죄가중처벌등에관한법률위반(배임)방조}·특정경제범죄가중처벌등에관한법률위반(횡령)·특정경제범죄가중처벌등에관한법률위반(사기)·업무상배임·업무상횡령·,117.3,65743,0,0,0,0,13,0,"배임:96,특정경제범죄:40,고의:33,횡령:27,제3자:13,추정:12,분식:11,보험:11,계열:7,간접사실:5,병합:4,퇴직금:4"
166302_정정·반론(PD수첩 사건).json,2009다52649,대법원,20110902,민사,정정·반론(PD수첩 사건),117.2,36269,9,16,2,9,2,2,"고의:25,중재:21,다수의견:18,해상:18,반대의견:15,증명책임:4,우선:3,헌법재판소:2,집단:2,인과관계:2,모순:2,위헌:1"
146711_특정경제범죄가중처벌등에관한법률위반(배임).json,2007도4949,대법원,20090529,형사,특정경제범죄가중처벌등에관한법률위반(배임),117.0,33620,5,19,2,2,1,0,"제3자:145,배임:49,다수의견:33,반대의견:12,별개의견:10,경영판단:9,분할:6,계열:5,전원합의체:4,우선:4,집단:3,이해관계:3"
192404_저작권침해금지등.json,2011나70802,서울고법,20120725,민사,저작권침해금지등,117.0,16297,6,29,4,0,1,2,"저작권:84,고의:17,준거법:10,특허:7,조약:5,부칙:4,시행 전:4,소급:3,국제사법:3,추정:3,기판력:2,영업비밀:2"
191762_조례안재의결무효확인청구.json,2001추57,대법원,20011127,일반행정,조례안재의결무효확인청구,116.7,7603,7,62,7,17,1,0,"우선:8,고의:4,재개발:2"
216079_가처분이의.json,2004다62597,대법원,20060526,민사,가처분이의,116.7,11144,12,36,5,8,1,2,"집단:13,쟁의행위:12,단체교섭:8,위헌:7,헌법재판소:6,우선:3,선정당사자:2"
"147367_특정경제범죄가중처벌등에관한법률위반(횡령)[피고인4,5,6,7,8,9,11,13,14,15,16,17,18,19,20에대한예비적죄명_특정경제범죄가.json",2010도11015,대법원,20101209,형사,"특정경제범죄가중처벌등에관한법률위반(횡령)[피고인4,5,6,7,8,9,11,13,14,15,16,17,18,19,20에대한예비적죄명:특정경제범죄가중처벌등에관한법률위반(횡령)방조]·특정경제범죄가중처벌등에관한법률위반(사금",116.6,4383,4,11,1,7,34,0,"횡령:13,고의:13,특정경제범죄:8,제3자:6,분식:2"
125358_일반교통방해·노동쟁의조정법위반·폭력행위등처벌에관한법률위반.json,2001노1474,서울중앙지법,20060111,형사,일반교통방해·노동쟁의조정법위반·폭력행위등처벌에관한법률위반,116.4,23230,6,28,2,3,3,0,"제3자:26,부칙:24,쟁의행위:15,조약:7,단체교섭:6,시행 전:4,구법:4,고의:4,우선:4,헌법재판소:2,실효:2,집단:2"
125183_손해배상(기).json,2004다33469,대법원,20080529,민사,손해배상(기),116.1,9811,6,19,4,13,1,2,"소멸시효:23,특별법:12,권리남용:9,보상:8,신의성실:6,신의칙:5,부칙:3,선정당사자:3,헌법재판소:2,연대:2,인과관계:2,고의:2"
170594_증권거래법 위반.json,2011도15056,대법원,20130711,형사,증권거래법 위반,116.1,14815,3,19,2,6,1,0,"시세조종:55,자본시장:16,인과관계:13,부칙:7,계열:6,시행 전:4,공소장변경:4,포괄일죄:3,합병:3,제3자:3,우선:3,입증책임:2"
242131_중재판정승인및집행결정신청.json,2023마6248,대법원,20241128,민사,중재판정승인및집행결정신청,116.0,10782,6,25,2,11,1,2,"중재:248,중재판정:130,재심:6,준거법:3,비례:3,개정 전:2,외국법:2,신의성실:2,기판력:2,분할:1,보험:1,일부 인용:1"
70865_도메인이전결정취소등.json,2006가합53066,서울중앙지법,20070830,민사,도메인이전결정취소등,115.7,20128,10,11,1,3,1,0,"고의:107,국제재판관할:22,준거법:15,영업비밀:14,중재:13,국제사법:10,약관:9,제3자:8,외국법:7,혼동:7,실효:4,조약:2"
221429_특정경제범죄가중처벌등에관한법률위반(배임)·강제집행면탈·증권거래법위반·특정범죄가중처벌등에관한법률위반(알선수재).json,"2008고합569,720(병합),721(병합)",서울중앙지방법원,20090122,형사,특정경제범죄가중처벌등에관한법률위반(배임)·강제집행면탈·증권거래법위반·특정범죄가중처벌등에관한법률위반(알선수재),115.6,92745,0,0,0,0,4,1,"고의:20,계열:19,배임:12,제3자:12,회생:10,보험:10,특정경제범죄:8,우선:8,합병:6,횡령:4,관리인:3,경합범:3"
173232_공직선거법위반·정치자금법위반.json,"2012고합802,880(병합),881(병합)",부산지방법원,20121123,형사,공직선거법위반·정치자금법위반,115.5,156900,0,0,0,0,2,1,"비례:44,자백:32,보상:9,계열:8,경합범:7,증거능력:6,재량:4,포괄일죄:3,고의:3,제3자:3,모순:3,전원합의체:2"
223303_횡령.json,2017도3829,대법원,20220623,형사,횡령,115.5,34061,2,3,2,3,1,0,"횡령:126,종전 판례:39,배임:30,전원합의체:23,다수의견:19,제3자:14,가상자산:12,약관:11,반대의견:10,별개의견:7,신의칙:6,보충의견:4"
208725_사증발급거부처분취소(재외동포에 대한 입국금지결정이 있는 경우에 행정청이 그에 구속되어 아무런 재량을 행사하지 않고 사증발급 거부처분을 한 것이.json,2017두38874,대법원,20190711,일반행정,사증발급거부처분취소(재외동포에 대한 입국금지결정이 있는 경우에 행정청이 그에 구속되어 아무런 재량을 행사하지 않고 사증발급 거부처분을 한 것이 적법한지가 문제된 사건),115.3,12813,10,33,7,11,1,2,"재량:25,비례:11,고의:7,행정처분:4,이해관계:4,일반법:2,전원합의체:1,헌법재판소:1"
168604_법인세 부과처분 취소.json,2012재두299,대법원,20130328,세무,법인세 부과처분 취소,115.1,24419,3,20,5,4,1,2,"헌법재판소:106,부칙:80,위헌:66,재심:37,실효:34,법인세:34,경과규정:31,구법:23,고의:10,개정 전:7,한정위헌:6,소급:6"
182318_손해배상(기)(자기 소유 토지에 토양오염을 유발하고 폐기물을 매립한 자의 불법행위책임에 관한 사건).json,2009다66549,대법원,20160519,민사,손해배상(기)(자기 소유 토지에 토양오염을 유발하고 폐기물을 매립한 자의 불법행위책임에 관한 사건),115.0,43644,0,32,2,1,1,3,"다수의견:52,고의:23,보충의견:13,반대의견:11,소멸시효:11,제3자:7,구상:5,면책:5,병합:4,인과관계:4,시효의 기산점:4,이해관계:4"
194073_건물철거등·소유권이전등기.json,"93재다27, 34(반소)",대법원,19950214,민사,건물철거등·소유권이전등기,115.0,17124,0,5,2,6,2,2,"재심:180,전원합의체:16,재상고:16,다수의견:15,기판력:14,환송 후:10,판례를 변경:6,반소:5,반대의견:4,파기환송:4,실효:4,별개의견:3"
65094_손해배상(기).json,2007다36445,대법원,20080612,민사,손해배상(기),115.0,6220,8,15,2,15,1,2,"고의:16,제3자:13,소멸시효:5,인과관계:4,모순:4,상계:3,공동소송:3,과실상계:3,시효의 기산점:3,상속:3,기판력:2,실효:1"
"221157_특수공무집행방해치상(피고인10,16,18,20을제외한나머지피고인들에대하여일부인정된죄명_특수공무집행방해)·폭력행위등처벌에관한법률위반(집단·흉기등퇴.json","2010노733,1858(병합)",서울고등법원,20100809,형사,"특수공무집행방해치상(피고인10,16,18,20을제외한나머지피고인들에대하여일부인정된죄명:특수공무집행방해)·폭력행위등처벌에관한법률위반(집단·흉기등퇴거불응)·폭력행위등처벌에관한법률위반(집단·흉기등상해){피고인16,20을제",114.9,44652,0,0,0,0,24,0,"집단:38,대위:35,쟁의행위:32,정리해고:24,고의:16,회생:14,단체교섭:7,증거능력:3,수용:3,경합범:2,전원합의체:1,파산:1"
226499_손해배상등[고용계약 체결의 청약에 대해 승낙의 의사표시를 구하는 사건].json,2016다248998,대법원,20200827,민사,손해배상등[고용계약 체결의 청약에 대해 승낙의 의사표시를 구하는 사건],114.9,36939,2,20,3,0,1,2,"보상:67,다수의견:25,반대의견:23,보험:16,우선:12,단체교섭:10,제3자:9,보충의견:5,상계:4,과실상계:4,이해관계:4,전원합의체:3"
185929_특정경제범죄가중처벌등에관한법률위반(횡령)·특정경제범죄가중처벌등에관한법률위반(증재등)·특정경제범죄가중처벌등에관한법률위반(배임)·사기·업무상배임·무.json,"2013노922, 2013노2285(병합), 2015노12(병합), 2016노630(병합), 2013초기275, 2013초기276",서울고등법원,20161010,형사,특정경제범죄가중처벌등에관한법률위반(횡령)·특정경제범죄가중처벌등에관한법률위반(증재등)·특정경제범죄가중처벌등에관한법률위반(배임)·사기·업무상배임·무고·배상명령신청,114.8,101819,0,0,0,0,7,2,"횡령:98,배임:78,특정경제범죄:46,고의:24,연대:13,공사대금:7,공소장변경:6,제3자:6,상계:5,신의성실:3,병합:3,저당권:3"
211087_부당노동행위등구제재심판정취소.json,98두4672,대법원,19990326,일반행정,부당노동행위등구제재심판정취소,114.8,7740,8,37,1,31,1,3,"재심:11,부당노동행위:6,고의:4,추정:3,우선:2,모순:1"
233875_손해배상(기).json,2020다270633,대법원,20230202,민사,손해배상(기),114.7,5833,6,20,6,10,1,2,"보상:18,소멸시효:15,위헌:12,기판력:8,헌법재판소:7,고의:6,집단:5,재심:4,재량:2,시효의 기산점:2,전원합의체:1,환송 후:1"
599627_건물철거등·소유권이전등기.json,"93재다27, 34(반소)",대법원,19950214,민사,건물철거등·소유권이전등기,114.7,15734,0,5,2,6,2,2,"재심:180,전원합의체:16,재상고:16,다수의견:15,기판력:14,환송 후:10,판례를 변경:6,반소:5,반대의견:4,파기환송:4,실효:4,별개의견:3"
232579_손해배상(기)·손해배상(기)·손해배상(기)[국가가 노동조합 및 노동조합 지도부 등을 상대로 불법적인 농성 진압 과정에서 입은 손해의 배상을 구한.json,"2016다26662, 26679, 26686",대법원,20221130,민사,손해배상(기)·손해배상(기)·손해배상(기)[국가가 노동조합 및 노동조합 지도부 등을 상대로 불법적인 농성 진압 과정에서 입은 손해의 배상을 구한 사건],114.6,12644,6,38,5,5,3,3,"고의:10,비례:7,인과관계:6,재량:6,상계:3,과실상계:3,보상:3,연대:2,부진정연대:2,헌법재판소:1,구상:1,집단:1"
606633_부정경쟁방지및영업비밀보호에관한법률위반(영업비밀국외누설등)·산업기술의유출방지및보호에관한법률위반·부정경쟁방지및영업비밀보호에관한법률위반(영업비밀누설등.json,2021고단3755,대구지방법원 서부지원,20240509,형사,부정경쟁방지및영업비밀보호에관한법률위반(영업비밀국외누설등)·산업기술의유출방지및보호에관한법률위반·부정경쟁방지및영업비밀보호에관한법률위반(영업비밀누설등)·부정경쟁방지및영업비밀보호에관한법률위반,114.6,107529,0,0,0,0,4,1,"영업비밀:142,특허:37,증거능력:13,알고리즘:12,제3자:9,상속:8,분할:5,보험:4,위법수집증거:3,고의:3,인공지능:3,해상:3"
599993_중재판정승인및집행결정신청.json,2022라20034,서울고등법원,20230518,민사,중재판정승인및집행결정신청,114.5,61200,0,0,0,0,1,2,"중재:481,중재판정:322,비례:19,준거법:16,인과관계:7,재심:6,연대:6,보험:5,면책:5,구상:4,부진정연대:4,분할:4"
143475_손해배상.json,2009나97606,서울고법,20100331,민사,손해배상,114.3,27134,4,44,4,5,1,2,"보험:552,약관:34,설명의무:31,상계:5,과실상계:5,자본시장:4,설명의무 위반:4,퇴직금:2,고의:2,부칙:1,연대:1,신의성실:1"
83370_신용장대금등.json,2001다58269,대법원,20040722,민사,신용장대금등,114.1,12731,8,14,2,8,1,2,"신용장:77,운송:59,고의:15,상계:11,과실상계:10,약관:6,면책:3,개정 전:2,신의칙:2,신의성실:2,입증책임:2,위헌:1"
220113_특정경제범죄가중처벌등에관한법률위반(배임)(피고인들에대하여일부인정된죄명_업무상배임)·업무상횡령·주택법위반·사전자기록등변작·변작사전자기록등행사.json,2021노24,대전고등법원(청주),20210722,형사,특정경제범죄가중처벌등에관한법률위반(배임)(피고인들에대하여일부인정된죄명:업무상배임)·업무상횡령·주택법위반·사전자기록등변작·변작사전자기록등행사,114.0,81967,0,0,0,0,5,0,"배임:173,특정경제범죄:47,저당권:30,고의:25,미공개:9,횡령:8,제3자:7,신의칙:6,경합범:5,가등기:5,우선:5,경영판단:4"
163906_손해배상(기).json,2010다28604,대법원,20120517,민사,손해배상(기),113.9,22056,2,5,2,2,1,2,"별개의견:22,고의:20,다수의견:16,기판력:16,제3자:13,병합:7,소멸시효:5,전원합의체:3,보충의견:3,공동소송:3,모순:3,상계:2"
165911_국가보안법위반(특수잠입·탈출)·국가보안법위반(회합·통신등)·국가보안법위반(찬양·고무등)·국가보안법위반(자진지원·금품수수)·국가보안법위반(이적단체.json,2012도7455,대법원,20121011,형사,국가보안법위반(특수잠입·탈출)·국가보안법위반(회합·통신등)·국가보안법위반(찬양·고무등)·국가보안법위반(자진지원·금품수수)·국가보안법위반(이적단체의구성등),113.6,11182,7,17,5,3,9,0,"위헌:13,헌법불합치:10,전원합의체:6,헌법재판소:5,증거능력:4,제3자:3,실효:2,위법수집증거:2,우선:2,간접사실:1"
205616_손해배상(기).json,2017나13822,광주고법,20181205,민사,손해배상(기),113.5,19988,4,8,2,0,1,2,"소멸시효:20,준거법:19,고의:18,상속:13,전원합의체:9,신의성실:7,권리남용:7,국제재판관할:6,보상:5,제척기간:4,조약:3,부칙:2"
"216691_법인세등부과처분취소[피고 이사회 규정에 의하면 보증행위에 관하여 이사회 결의를 거쳐야 하는데, 피고 대표이사가 이사회 결의를 거치지 않고 원고에.json",2017두38959,대법원,20210218,세무,"법인세등부과처분취소[피고 이사회 규정에 의하면 보증행위에 관하여 이사회 결의를 거쳐야 하는데, 피고 대표이사가 이사회 결의를 거치지 않고 원고에게 피고가 甲의 채무를 보증한다는 의미의 확인서를 작성해 준 경우, 원고",113.5,31931,2,24,1,1,3,2,"가산세:149,제척기간:144,부과제척:131,배임:68,법인세:39,고의:29,제3자:24,다수의견:10,반대의견:5,부가가치세:4,소멸시효:4,모순:3"
613371_국가보안법위반(반국가단체의구성등)·국가보안법위반(잠입·탈출)·국가보안법위반(회합·통신등)·사기미수.json,2004도4899,대법원,20080417,형사,국가보안법위반(반국가단체의구성등)·국가보안법위반(잠입·탈출)·국가보안법위반(회합·통신등)·사기미수,113.5,24258,4,7,2,9,6,0,"다수의견:22,헌법재판소:13,위헌:11,별개의견:10,실효:5,전원합의체:4,추정:3,우선:3,반대의견:2,보충의견:2,한정위헌:1,개정 전:1"
68263_특정경제범죄가중처벌등에관한법률위반(배임)(일부인정된죄명_업무상배임)·특정경제범죄가중처벌등에관한법률위반(횡령).json,2004도5167,대법원,20061110,형사,특정경제범죄가중처벌등에관한법률위반(배임)(일부인정된죄명:업무상배임)·특정경제범죄가중처벌등에관한법률위반(횡령),113.3,13122,9,17,2,11,2,0,"배임:41,횡령:21,계열:18,제3자:6,회생:5,고의:4,공사대금:3,저당권:2,전원합의체:1,관리인:1,상계:1,연대:1"
217421_유족급여및장의비부지급처분취소[산업재해보상보험법상 업무상의 재해인정시 업무와 재해 사이의 상당인과관계의 증명책임 전환 여부에 관한 사건].json,2017두45933,대법원,20210909,일반행정,유족급여및장의비부지급처분취소[산업재해보상보험법상 업무상의 재해인정시 업무와 재해 사이의 상당인과관계의 증명책임 전환 여부에 관한 사건],113.2,49422,0,3,1,0,1,2,"인과관계:233,보험:228,증명책임:129,다수의견:49,보상:42,반대의견:40,보충의견:15,산업재해:12,고의:11,개정 전:8,추정:8,간접사실:4"
158373_특정 경제범죄 가중처벌 등에 관한법률위반(배임)·특정경제범죄가중처벌 등에 관한 법률위반(횡령)·업무상 횡령.json,2010노669,부산고법,20101229,형사,특정 경제범죄 가중처벌 등에 관한법률위반(배임)·특정경제범죄가중처벌 등에 관한 법률위반(횡령)·업무상 횡령,113.1,18462,7,23,3,8,3,0,"배임:31,횡령:25,특정경제범죄:8,합병:6,전원합의체:3,입증책임:3,연대:2,우선:2,파산:1,상계:1,신의성실:1,재량:1"
606339_공직선거법위반.json,2022고합660,서울중앙지방법원,20241115,형사,공직선거법위반,113.1,119409,0,0,0,0,1,1,"우선:12,특별법:12,보상:10,배임:8,수용:8,전원합의체:7,연대:6,환경영향:6,특정경제범죄:5,고의:4,위법수집증거:3,대위:2"
85595_회사정리.json,2004그74,대법원,20071129,민사,회사정리,113.1,8795,7,49,1,4,1,0,"상계:10,부칙:8,회생:8,파산:8,관리인:4,합병:4,우선:4,소급:2,구상:2,병합:2,분할:2,구법:1"
171731_국가보안법위반(반국가단체의구성등)·국가보안법위반(간첩)·국가보안법위반(자진지원·금품수수)·국가보안법위반(특수잠입·탈출)·국가보안법위반(찬양·고무.json,2012노805,서울고등법원,20130208,형사,국가보안법위반(반국가단체의구성등)·국가보안법위반(간첩)·국가보안법위반(자진지원·금품수수)·국가보안법위반(특수잠입·탈출)·국가보안법위반(찬양·고무등)·국가보안법위반(회합·통신등)·국가보안법위반(편의제공),113.0,103008,0,0,0,0,11,0,"증거능력:77,전문법칙:23,연대:20,위법수집증거:7,경합범:6,전원합의체:5,간접사실:4,재량:3,추정:3,계열:2,이해관계:2,모순:2"
77594_특정경제범죄가중처벌등에관한법률위반(재산국외도피)·특정경제범죄가중처벌등에관한법률위반(배임)·특정경제범죄가중처벌등에관한법률위반(횡령)·특정경제범죄가.json,2005노1269,서울고등법원,20060113,형사,특정경제범죄가중처벌등에관한법률위반(재산국외도피)·특정경제범죄가중처벌등에관한법률위반(배임)·특정경제범죄가중처벌등에관한법률위반(횡령)·특정경제범죄가중처벌등에관한법률위반(사기)·외국환관리법위반(철회된죄명)·보험업법위반,112.9,48810,0,0,0,0,6,0,"계열:40,배임:36,특정경제범죄:34,횡령:26,보험:21,병합:7,신용장:6,재량:5,제3자:5,경합범:4,조약:3,실효:3"
193666_정리채권이행.json,2006다77197,대법원,20080626,민사,정리채권이행,112.8,7473,5,56,2,1,1,2,"관리인:22,상계:15,고의:15,부칙:6,회생:6,파산:6,증명책임:4,합병:3,면책:3,우선:3,추정:2,비례:1"
"217397_육아휴직급여부지급등처분취소[육아휴직기간이 종료된 때부터 12개월 이내에 신청하도록 한 고용보험법 제70조 제2항이 강행규정인지, 훈시규정인지 여.json",2018두47264,대법원,20210318,일반행정,"육아휴직급여부지급등처분취소[육아휴직기간이 종료된 때부터 12개월 이내에 신청하도록 한 고용보험법 제70조 제2항이 강행규정인지, 훈시규정인지 여부]",112.8,44965,0,2,0,0,2,2,"보험:102,소멸시효:77,제척기간:64,다수의견:52,보상:38,반대의견:14,분할:13,통상임금:9,산업재해:8,모순:8,충돌:8,재량:6"
192259_부당이득금반환등.json,2012다13637,대법원,20130926,민사,부당이득금반환등,112.6,18813,10,19,1,8,1,2,"고의:53,설명의무:17,약관:17,상계:10,신의칙:10,과실상계:10,설명의무 위반:6,배임:2,횡령:2,지배구조:2,보험:2,고지의무:2"
193822_종회회원확인.json,2002다1178,대법원,20050721,민사,종회회원확인,112.5,18330,6,18,2,2,1,2,"다수의견:22,중재:16,별개의견:13,회생:10,소급:7,집단:5,보충의견:4,견해를 변경:4,고의:3,상속:3,파기환송:2,신의성실:2"
239673_설계보상비반환.json,2017나2018796,서울고등법원,20191128,민사,설계보상비반환,112.5,52994,0,0,0,0,1,2,"보상:214,회생:107,고의:62,공동수급:19,관리인:7,상계:6,과징금:6,재량:6,소멸시효:4,인과관계:3,약관:3,증명책임:3"
70886_특정경제범죄가중처벌등에관한법률위반(횡령)·특정경제범죄가중처벌등에관한법률위반(배임)·업무상배임·뇌물공여{인정된죄명_특정경제범죄가중처벌등에관한법률위.json,2007노586,서울고법,20070906,형사,특정경제범죄가중처벌등에관한법률위반(횡령)·특정경제범죄가중처벌등에관한법률위반(배임)·업무상배임·뇌물공여{인정된죄명:특정경제범죄가중처벌등에관한법률위반(증재)},112.5,30133,6,12,1,0,4,0,"계열:43,배임:35,횡령:26,고의:16,특정경제범죄:14,연대:8,인과관계:6,우선:5,경합범:3,경영판단:3,부당지원:3,헌법재판소:2"
194486_소유권이전등기등.json,2001다48781,대법원,20030724,민사,소유권이전등기등,112.4,10527,2,3,2,9,1,2,"상속:109,위헌:39,시행 전:14,헌법재판소:13,다수의견:12,부칙:10,회생:9,개정 전:7,소멸시효:7,반대의견:5,소급:5,제척기간:5"
207111_임금(변경된 취업규칙상 소정근로시간 단축 조항이 탈법행위로 무효인지에 관한 사건).json,2016다2451,대법원,20190418,민사,임금(변경된 취업규칙상 소정근로시간 단축 조항이 탈법행위로 무효인지에 관한 사건),112.4,58703,0,10,2,0,1,2,"운송:164,다수의견:65,반대의견:53,특허:11,보충의견:6,집단:6,비례:6,보험:6,우선:6,시행 전:4,실효:4,헌법재판소:3"
214417_부당이득금.json,2016다26198,대법원,20200827,민사,부당이득금,112.3,8207,7,36,8,12,1,1,"신의칙:5,우선:4,전원합의체:2,신의성실:2,추정:2,고의:1,모순:1"
618499_모해위증.json,2024도163,대법원,20260319,형사,모해위증,112.3,36260,2,17,3,6,1,0,"반대의견:34,보충의견:32,다수의견:28,병합:25,자백:23,재량:12,제3자:12,모순:7,전원합의체:5,충돌:5,우선:5,증거능력:4"
145823_교수지위확인.json,2005나3879,대구고등법원,20070525,민사,교수지위확인,112.2,41647,0,0,0,0,1,2,"소멸시효:40,재심:36,헌법불합치:33,재량:22,소급:20,특별법:16,고의:15,위헌:12,헌법재판소:12,부칙:5,기판력:5,퇴직금:4"
"190069_(가)내란목적살인,(나)내란수괴미수,(다)내란중요임무종사미수,(라)증거은닉,(마)살인(변경된죄명).json",80도306,대법원,19800520,형사,"(가)내란목적살인,(나)내란수괴미수,(다)내란중요임무종사미수,(라)증거은닉,(마)살인(변경된죄명)",112.2,87648,0,0,0,0,5,1,"다수의견:20,상상적 경합:11,상계:9,집단:9,구상:7,고의:7,우선:6,일반법:6,경합범:5,모순:5,위헌:4,공소장변경:3"
607309_(가)내란목적살인·(나)내란수괴미수·(다)내란중요임무종사미수·(라)증거은닉·(마)살인(변경된죄명).json,80도306,대법원,19800520,형사,(가)내란목적살인·(나)내란수괴미수·(다)내란중요임무종사미수·(라)증거은닉·(마)살인(변경된죄명),112.1,87458,0,0,0,0,5,1,"다수의견:20,상상적 경합:11,상계:9,집단:9,구상:7,고의:7,우선:6,일반법:6,경합범:5,모순:5,위헌:4,공소장변경:3"
208848_손해배상(기).json,2016다236131,대법원,20190117,민사,손해배상(기),112.0,8804,6,14,2,8,1,2,"분식:16,법인세:11,연대:6,부진정연대:5,경정청구:4,경영판단:3,파산:2,공동소송:2,행정처분:2,보험:2,전원합의체:1,소급:1"
199841_구상금(시효 중단을 위한 재소 사건).json,2018다22008,대법원,20180719,민사,구상금(시효 중단을 위한 재소 사건),111.9,23502,0,13,2,3,1,2,"소멸시효:106,반대의견:31,기판력:31,다수의견:27,보험:19,시효 중단:12,보충의견:10,파산:8,상속:8,회생:7,도산:5,구상:5"
225621_도로점용허가처분무효확인등[서울특별시 서초구청장의 도로점용허가처분에 대하여 서초구 주민들이 주민소송을 제기한 사건].json,2018두104,대법원,20191017,일반행정,도로점용허가처분무효확인등[서울특별시 서초구청장의 도로점용허가처분에 대하여 서초구 주민들이 주민소송을 제기한 사건],111.6,11133,8,23,4,7,1,3,"행정처분:21,재량:6,우선:5,비례:4,위헌:3,기판력:2,고의:2,제3자:2,모순:2,특별법:2,일반법:2,파기환송:1"
227709_손해배상.json,2019다202146,대법원,20220728,민사,손해배상,111.6,9960,6,24,3,10,1,4,"자본시장:31,허위공시:21,인과관계:15,분식:14,추정:10,상계:6,과실상계:6,증거능력:2,이해관계:2,모순:2,합병:1,면책:1"
81779_특정경제범죄가중처벌등에관한법률위반(배임)·종합금융회사에관한법률위반·증권거래법위반.json,2001도4947,대법원,20020726,형사,특정경제범죄가중처벌등에관한법률위반(배임)·종합금융회사에관한법률위반·증권거래법위반,111.6,12186,7,15,3,23,3,0,"배임:11,경합범:6,포괄일죄:4,특정경제범죄:3,시세조종:3,계열:3,신의칙:1,분할:1,제3자:1,우선:1"
237921_부당이득금.json,2023다238029,대법원,20231102,민사,부당이득금,111.4,8300,5,16,3,7,1,2,"회생:57,분할:29,고의:11,포괄승계:9,합병:8,법인세:8,특허:8,가산세:6,우선:6,소급:4,외국법:3,조약:2"
184731_증여세부과처분취소.json,2011두21447,대법원,20170420,세무,증여세부과처분취소,111.3,57902,2,5,0,0,1,2,"다수의견:69,반대의견:43,상속:43,법인세:9,고의:9,모순:7,보충의견:6,집단:6,개정 전:5,지배구조:4,연대:3,전원합의체:2"
126155_손해배상(기).json,"2006다16758, 16765",대법원,20071025,민사,손해배상(기),111.2,11577,7,25,2,4,1,2,"분식:27,인과관계:26,상계:19,과실상계:19,허위공시:18,추정:12,고의:9,입증책임:6,계열:4,제척기간:3,신의칙:2,집단:1"
177711_회원권권리확인등·회원권권리확인·회원권권리확인·회원권권리확인등.json,"2009다71312,71329,71336,71343",대법원,20141113,민사,회원권권리확인등·회원권권리확인·회원권권리확인·회원권권리확인등,111.1,16046,7,16,3,7,4,4,"고의:56,독립당사자참가:26,제3자:7,양립할 수 없:4,소급:2,시행 전:2,대위:2,공사대금:2,부칙:1,상계:1,분할:1,저당권:1"
224477_주민소송.json,2013구합9299,수원지방법원,20170116,일반행정,주민소송,111.1,68752,0,0,0,0,1,1,"중재:43,보상:29,고의:17,횡령:14,우선:14,연대:12,공사대금:7,중재판정:5,상계:4,인과관계:4,계열:3,합병:3"
203859_손해배상(기)·손해배상(기).json,"2017다287648, 287655",대법원,20181025,민사,손해배상(기)·손해배상(기),111.0,6482,7,9,2,6,2,5,"파산:59,회생:18,부가가치세:14,선정당사자:7,신의성실:5,독립당사자참가:5,부인권:4,증명책임:3,추정:3,신의칙:2,소송물:2,이해관계:2"
170900_국가보안법 위반(반국가단체의 구성등)·국가보안법 위반(간첩)·국가보안법 위반(자진지원·금품수수)·국가보안법 위반(특수잠입·탈출)·국가보안법 위반.json,2013도2511,대법원,20130726,형사,국가보안법 위반(반국가단체의 구성등)·국가보안법 위반(간첩)·국가보안법 위반(자진지원·금품수수)·국가보안법 위반(특수잠입·탈출)·국가보안법 위반(찬양·고무등)·국가보안법 위반(회합·통신등)·국가보안법 위반(편의제공),110.9,21140,4,16,6,6,11,0,"증거능력:26,전문법칙:10,전원합의체:7,위법수집증거:3,간접사실:3,우선:2,조약:1,재량:1,비례:1"
192339_대기오염배출금지청구등.json,2007가합16309,서울중앙지법,20100203,민사,대기오염배출금지청구등,110.9,57467,3,7,3,2,1,0,"인과관계:54,대위:31,집단:30,기여도:29,회생:19,수용:16,추정:9,계열:7,관리인:4,보험:4,특별법:4,고의:3"
228213_종중회원확인등.json,2002다13850,대법원,20050721,민사,종중회원확인등,110.6,17778,6,18,2,2,1,2,"다수의견:23,중재:16,별개의견:13,회생:10,소급:7,집단:5,보충의견:4,견해를 변경:4,상속:3,파기환송:2,신의성실:2,신뢰보호:2"
237077_손해배상(기).json,2019다202153,대법원,20220728,민사,손해배상(기),110.3,9936,6,24,3,10,1,4,"자본시장:20,허위공시:13,분식:12,인과관계:11,추정:7,상계:4,과실상계:4,모순:2,증거능력:1,합병:1,면책:1,이해관계:1"
182110_살인①피고인1에대하여일부제1예비적죄명및일부인정된죄명_특정범죄가중처벌등에관한법률위반·제2예비적죄명_유기치사②피고인2에대하여인정된죄명_특정범죄가중처.json,2014노490,광주고등법원,20150428,형사,살인①피고인1에대하여일부제1예비적죄명및일부인정된죄명:특정범죄가중처벌등에관한법률위반·제2예비적죄명:유기치사②피고인2에대하여인정된죄명:특정범죄가중처벌등에관한법률위반·제2예비적죄명:유기치사③피고인3·피고인9에대하여일부예비,110.2,90121,0,0,0,0,18,0,"선박:169,고의:51,해상:20,인과관계:16,우선:11,운송:8,경합범:6,상상적 경합:4,추정:4,자살:3,충돌:3,혼동:2"
219707_미성년자입양허가[조부모가 미성년 손자녀의 입양허가를 청구하는 사건].json,2018스5,대법원,20211223,가사,미성년자입양허가[조부모가 미성년 손자녀의 입양허가를 청구하는 사건],110.1,34642,0,25,5,0,1,0,"양육:140,가정법원:40,다수의견:25,친권:23,우선:17,재량:10,반대의견:9,전원합의체:4,상속:4,보충의견:3,구법:2,유언:2"
70539_손해배상(기).json,2006나14648,서울고법,20060913,민사,손해배상(기),110.1,37088,5,17,2,3,1,4,"분식:90,고의:36,계열:30,연대:23,제3자:20,소멸시효:16,인과관계:11,분할:6,상계:4,시효의 기산점:3,파산:2,신의칙:2"
125085_특정경제범죄가중처벌등에관한법률위반(배임)·특정범죄가중처벌등에관한법률위반(조세)·증권거래법위반(삼성 에버랜드 전환사채 등 저가발행 사건).json,2008노1841,서울고법,20081010,형사,특정경제범죄가중처벌등에관한법률위반(배임)·특정범죄가중처벌등에관한법률위반(조세)·증권거래법위반(삼성 에버랜드 전환사채 등 저가발행 사건),109.9,57938,3,6,3,0,3,0,"배임:43,제3자:33,특정경제범죄:27,계열:26,고의:12,상속:11,경합범:6,지배구조:6,집단:4,모순:4,소급:3,우선:3"
126082_약정금등.json,2005다64552,대법원,20071129,민사,약정금등,109.8,12519,9,29,2,6,1,2,"고의:15,자기거래:7,소멸시효:6,신의칙:5,손해의 범위:5,신의성실:3,인과관계:3,시효 중단:2,파산:1,실효:1,보험:1,해상:1"
187491_손해배상(기)[강원랜드 카지노 이용자의 손해배상청구 사건].json,2010다92438,대법원,20140821,민사,손해배상(기)[강원랜드 카지노 이용자의 손해배상청구 사건],109.7,34099,3,33,2,0,1,2,"고의:57,다수의견:21,반대의견:6,우선:5,특별법:5,신의성실:3,과징금:3,인과관계:3,자살:3,보충의견:2,재심:2,실효:2"
154411_특정 경제범죄 가중처벌등에 관한 법률위반(횡령)·특정 경제범죄 가중처벌등에 관한 법률위반(배임)·업무상횡령[일부인정된죄명_특정 경제범죄 가중처벌.json,2011도3180,대법원,20110714,형사,특정 경제범죄 가중처벌등에 관한 법률위반(횡령)·특정 경제범죄 가중처벌등에 관한 법률위반(배임)·업무상횡령[일부인정된죄명:특정 경제범죄 가중처벌등에 관한 법률위반(횡령)]·증권거래법 위반·자본시장과 금융 투자업에 관,109.5,9219,7,21,4,7,8,0,"자본시장:17,배임:15,시세조종:11,제3자:10,횡령:4,특정경제범죄:3,신의칙:1,신의성실:1,경합범:1,계열:1,비례:1"
161413_특정 경제 범죄 가중 처벌 등에 관한 법률 위반(횡령)·특정 경제 범죄 가중 처벌 등에 관한 법률 위반(배임)(피고인 1에 대하여 일부 인정된.json,"2010고합1500,2010고합1598(병합),2010고합1617(병합),2010고합1681(병합),2011고합40(병합)",서울중앙지방법원,20110513,형사,특정 경제 범죄 가중 처벌 등에 관한 법률 위반(횡령)·특정 경제 범죄 가중 처벌 등에 관한 법률 위반(배임)(피고인 1에 대하여 일부 인정된 죄명 업무상배임)·증거위조교사·특정경제범죄가중처벌등에관한법률위반(증재등),109.5,87976,0,0,0,0,5,1,"횡령:85,배임:60,특정경제범죄:48,계열:17,상계:16,저당권:16,제3자:11,공사대금:10,연대:9,재개발:5,경합범:4,이해관계:4"
194327_청구이의.json,2015다70822,대법원,20180327,민사,청구이의,109.4,10178,6,34,3,9,1,2,"저당권:34,연대:13,부진정연대:13,우선:7,고의:5,재심:4,회생:3,권리남용:3,기판력:2,전원합의체:1,병합:1"
221223_특정범죄가중처벌등에관한법률위반(뇌물){피고인1에대하여인정된죄명_뇌물공여·피고인2에대하여인정된죄명_특정범죄가중처벌등에관한법률위반(뇌물)방조}·특정.json,"2009고합539, 548(병합), 553(병합)",수원지방법원,20101117,형사,특정범죄가중처벌등에관한법률위반(뇌물){피고인1에대하여인정된죄명:뇌물공여·피고인2에대하여인정된죄명:특정범죄가중처벌등에관한법률위반(뇌물)방조}·특정경제범죄가중처벌등에관한법률위반(횡령)·특정경제범죄가중처벌등에관한법률위반(,109.3,126178,0,0,0,0,7,1,"배임:22,횡령:20,공사대금:20,증거능력:14,경합범:12,우선:12,특정경제범죄:11,제3자:9,저당권:7,실효:6,수용:6,자백:5"
605587_특정경제범죄가중처벌등에관한법률위반(사기)·사기.json,2023노209,서울고등법원,20240118,형사,특정경제범죄가중처벌등에관한법률위반(사기)·사기,109.2,83481,0,0,0,0,2,0,"가상자산:39,암호화폐:37,우선:24,지배구조:13,제3자:8,시세조종:7,인과관계:6,특정경제범죄:5,블록체인:5,공소장변경:4,연대:3,구상:2"
228491_상해·명예훼손·폭행[전파가능성 사건].json,2020도5813,대법원,20201119,형사,상해·명예훼손·폭행[전파가능성 사건],109.1,36707,2,15,3,17,3,0,"정보통신망:58,다수의견:48,반대의견:30,고의:7,특별법:6,집단:3,제3자:3,보충의견:2,헌법재판소:2,관리인:2,혼동:2,수용:2"
99632_업무상횡령ㆍ업무상횡령방조ㆍ배임증재ㆍ특정범죄가중처벌등에관한법률위반(조세)ㆍ조세범처벌법위반ㆍ특정범죄가중처벌등에관한법률위반(뇌물)ㆍ뇌물수수ㆍ뇌물공여ㆍ.json,84도1139,대법원,19840814,형사,업무상횡령ㆍ업무상횡령방조ㆍ배임증재ㆍ특정범죄가중처벌등에관한법률위반(조세)ㆍ조세범처벌법위반ㆍ특정범죄가중처벌등에관한법률위반(뇌물)ㆍ뇌물수수ㆍ뇌물공여ㆍ건축법위반ㆍ관광사업법위반ㆍ자연공원법위반ㆍ산림법위반ㆍ부정수표단속법위반,109.1,30772,0,18,5,1,13,0,"횡령:26,자백:14,약관:10,법인세:9,증거능력:8,소급:5,제3자:3,보상:2,고의:2,입증책임:2,우선:2,부칙:1"
199840_사기방조ㆍ횡령(사기이용계좌의 명의인이 전기통신금융사기(보이스피싱) 피해금을 횡령한 사건).json,2017도17494,대법원,20180719,형사,사기방조ㆍ횡령(사기이용계좌의 명의인이 전기통신금융사기(보이스피싱) 피해금을 횡령한 사건),109.0,16094,3,8,1,12,2,0,"횡령:102,다수의견:27,신의칙:11,제3자:9,별개의견:8,반대의견:5,전원합의체:4,명의신탁:4,모순:3,보충의견:2,대위:2,신의성실:2"
134342_무의미한연명치료장치제거등.json,2009다17417,대법원,20090521,민사,무의미한연명치료장치제거등,108.9,34334,3,17,2,4,1,2,"추정:48,고의:39,다수의견:34,반대의견:24,자살:15,별개의견:5,재량:4,우선:3,보충의견:2,회생:2,혼동:2,기판력:2"
225009_사기·특정경제범죄가중처벌등에관한법률위반(횡령)·업무상횡령·업무상배임·사전자기록등위작·위작사전자기록등행사·범죄수익은닉의규제및처벌등에관한법률위반·공.json,2018고합181,서울남부지방법원,20190117,형사,사기·특정경제범죄가중처벌등에관한법률위반(횡령)·업무상횡령·업무상배임·사전자기록등위작·위작사전자기록등행사·범죄수익은닉의규제및처벌등에관한법률위반·공전자기록등불실기재·불실기재공전자기록등행사·상법위반·사전자기록등위작방조·위,108.9,53299,0,0,0,0,12,1,"횡령:55,배임:23,특정경제범죄:10,경합범:9,상계:4,신의칙:4,도산:3,고지의무:3,약관:3,고의:3,제3자:3,전원합의체:2"
168202_손해배상(기).json,2005나27906,서울고법,20060214,민사,손해배상(기),108.7,42819,5,10,2,1,1,3,"소멸시효:30,자백:29,자살:16,보상:12,권리남용:7,특별법:7,신의칙:6,수용:6,상속:5,재심:3,신의성실:3,증명책임:3"
185571_살인(외국에서의 미결구금에 대해 형법 제7조의 적용을 구하는 사건).json,2017도5977,대법원,20170824,형사,살인(외국에서의 미결구금에 대해 형법 제7조의 적용을 구하는 사건),108.6,12563,2,13,3,5,1,0,"보상:18,다수의견:13,반대의견:7,헌법재판소:5,재량:5,기판력:4,추정:4,보충의견:3,위헌:3,개정 전:3,비례:3,외국 판결:2"
237217_업무방해[증거은닉범이 본범으로부터 은닉을 교사받고 소지·보관 중이던 본범의 정보저장매체를 임의제출하는 경우 본범의 참여권 인정 여부가 문제된 사.json,2022도7453,대법원,20230918,형사,업무방해[증거은닉범이 본범으로부터 은닉을 교사받고 소지·보관 중이던 본범의 정보저장매체를 임의제출하는 경우 본범의 참여권 인정 여부가 문제된 사건],108.6,34642,2,24,3,2,2,0,"제3자:32,반대의견:29,이해관계:29,다수의견:25,보충의견:16,전원합의체:14,증거능력:8,개인정보:5,위법수집증거:4,혼동:2,실효:2,분할:2"
211793_임금·임금·임금·임금.json,"2019다14110, 14127, 14134, 14141",대법원,20200820,민사,임금·임금·임금·임금,108.4,9735,6,21,4,8,4,2,"통상임금:35,정기상여:8,신의칙:6,고의:5,소멸시효:5,시효 중단:5,전원합의체:2,개정 전:2,신의성실:2,우선:2,비례:1"
213113_손해배상(기).json,2016가합505092,서울중앙지법,20210108,민사,손해배상(기),108.4,34809,0,6,2,0,1,0,"조약:49,고의:15,보상:12,국제재판관할:10,관리인:7,수용:7,준거법:6,회생:5,전원합의체:4,헌법재판소:4,실효:3,충돌:3"
237581_성폭력범죄의처벌등에관한특례법위반(친족관계에의한강제추행)[인정된죄명_아동·청소년의성보호에관한법률위반(위계등추행)][폭행·협박 선행형의 강제추행죄에.json,2018도13877,대법원,20230921,형사,성폭력범죄의처벌등에관한특례법위반(친족관계에의한강제추행)[인정된죄명:아동·청소년의성보호에관한법률위반(위계등추행)][폭행·협박 선행형의 강제추행죄에서 ‘폭행 또는 협박’의 의미],108.2,38033,2,12,3,7,3,0,"다수의견:71,보충의견:24,별개의견:17,특별법:15,전원합의체:6,소급:6,판례를 변경:4,종전 판례:3,헌법재판소:3,집단:2,수용:2,병합:1"
153099_업무방해·집회및시위에관한법률위반.json,2008도7562,대법원,20110623,형사,업무방해·집회및시위에관한법률위반,108.1,16955,2,14,3,7,2,0,"위헌:131,헌법재판소:100,헌법불합치:82,소급:42,별개의견:17,다수의견:17,재심:6,보충의견:4,실효:2,병합:2,전원합의체:1,경과조치:1"
241013_집합금지처분취소청구의소[구 「감염병의 예방 및 관리에 관한 법률」(2020. 8. 11. 법률 제17472호로 개정되어 2020. 9. 12..json,2022두43528,대법원,20240718,일반행정,"집합금지처분취소청구의소[구 「감염병의 예방 및 관리에 관한 법률」(2020. 8. 11. 법률 제17472호로 개정되어 2020. 9. 12. 시행되기 전의 것, 이하 ‘구 감염병예방법’)에 따라 ‘관내 종교시설에 ",108.0,37623,3,19,3,2,3,2,"재량:47,비례:32,집단:27,다수의견:22,반대의견:17,고의:12,헌법재판소:6,증명책임:6,우선:6,행정처분:5,전원합의체:3,보충의견:3"
192974_특정경제범죄가중처벌등에관한법률위반(배임)·특정경제범죄가중처벌등에관한법률위반(사기)(피고인2에대하여일부인정된죄명_사기)·주식회사의외부감사에관한법률.json,2017도12649,대법원,20171222,형사,특정경제범죄가중처벌등에관한법률위반(배임)·특정경제범죄가중처벌등에관한법률위반(사기)(피고인2에대하여일부인정된죄명:사기)·주식회사의외부감사에관한법률위반·자본시장과금융투자업에관한법률위반,107.7,18883,4,6,1,8,4,0,"분식:26,자본시장:20,고의:13,특정경제범죄:11,배임:9,인과관계:9,제3자:4,증명책임:3,신의성실:2,보상:2,신용장:2,간접사실:2"
226851_항소장각하명령(약정금).json,2017마6438,대법원,20210422,민사,항소장각하명령(약정금),107.7,34266,0,27,4,13,1,0,"반대의견:23,다수의견:20,고의:12,비례:6,모순:6,보충의견:3,재심:3,재량:3,헌법재판소:2,실효:2,이해관계:2,파기환송:1"
71068_특정범죄가중처벌등에관한법률위반(뇌물)(인정된죄명_뇌물수수)·뇌물공여·건설산업기본법위반.json,2007노491,대구고법,20080313,형사,특정범죄가중처벌등에관한법률위반(뇌물)(인정된죄명:뇌물수수)·뇌물공여·건설산업기본법위반,107.7,32428,5,16,3,3,3,0,"재개발:53,건설산업기본법:36,이해관계:20,제3자:8,공소장변경:7,재건축:6,경합범:4,도시정비:4,포괄일죄:2,공소사실의 동일성:2,부가가치세:2,개정 전:1"
216337_상속재산분할·기여분.json,"2006므2757, 2764",대법원,20070726,가사,상속재산분할·기여분,107.6,10364,8,19,4,9,2,3,"상속:123,제척기간:30,분할:26,고의:15,우선:10,병합:8,신의칙:6,가산세:5,기여분:3,양육:2,소급:1,횡령:1"
83190_시정조치및과징금부과처분취소.json,2001두6197,대법원,20040409,일반행정,시정조치및과징금부과처분취소,107.6,20347,5,13,1,5,1,2,"계열:41,과징금:38,부당지원:24,집단:7,비례:6,제3자:5,상계:4,이중처벌:3,재량:3,고의:3,추정:3,관리인:2"
219349_손해배상(기).json,2021나2010140,서울고법,20211125,민사,손해배상(기),107.4,25078,0,13,4,0,1,2,"운송:251,해상:100,고의:34,약관:31,면책:29,선박:13,준거법:12,국제재판관할:8,외국법:3,국제사법:3,재량:3,부칙:2"
222771_특정경제범죄가중처벌등에관한법률위반(횡령)·특정경제범죄가중처벌등에관한법률위반(배임)·업무상배임·뇌물공여.json,"2006고합474, 2006고합609(병합)",서울중앙지방법원,20070205,형사,특정경제범죄가중처벌등에관한법률위반(횡령)·특정경제범죄가중처벌등에관한법률위반(배임)·업무상배임·뇌물공여,107.4,78389,0,0,0,0,4,0,"계열:82,배임:34,횡령:30,제3자:15,헌법재판소:7,특정경제범죄:7,보험:7,우선:6,행정처분:5,회생:4,분할:4,고의:4"
226011_등록무효(특)[특허무효심판에 대한 심결취소소송의 사실심 변론종결 이후에 정정심결이 확정된 것이 재심사유에 해당하는지 여부].json,2016후2522,대법원,20200122,특허,등록무효(특)[특허무효심판에 대한 심결취소소송의 사실심 변론종결 이후에 정정심결이 확정된 것이 재심사유에 해당하는지 여부],107.3,17324,2,5,3,10,1,2,"특허:204,재심:27,무효심판:26,행정처분:24,진보성:20,다수의견:17,별개의견:8,소급:8,파기환송:3,권리범위:3,전원합의체:2,보충의견:2"
